SAP_Table,Field,Description,Type,Constraints,Size,Related,Default,Primary_key,Unique
AAC1,Code,Code,nVarChar,,20,OACS,,UNIQUE,Yes
AAC1,LineNum,Line Number,Int,,11,,,,
AAC1,DprAreaID,Depreciation Area ID,nVarChar,,15,ODPA,,,
"AAC1,Active,Active,VarChar,""Y) Yes"
"N) No"",1,,Y,,"
AAC1,AcctDtn,Account Determination,nVarChar,,15,OADT,,,
AAC1,DprTypID,Depreciation Type ID,nVarChar,,15,ODTP,,,
AAC1,UseLife,Useful Life,Int,,11,,,,
AAC1,LogInstanc,Log Instance,Int,,11,,0,,
AAC1,SnapshotId,Snapshot ID,Int,,11,,0,,
