SAP_Table,Field,Description,Type,Constraints,Size,Related,Default,Primary_key,Unique
AACP,AbsEntry,Internal Number,Int,,11,,0,PRIMARY,Yes
AACP,PeriodCat,Period Category,nVarChar,,10,,,,
AACP,FinancYear,Beginning of Financial Year,Date,,8,,,,
AACP,Year,Financial Year,Int,,6,,,,
AACP,PeriodName,Period Name,nVarChar,,20,,,,
AACP,SubType,Sub-Period Type,VarChar,"Y) Year
Q) Quarters
M) Months
D) Days",1,,Y,,
AACP,PeriodNum,Number of Periods,Int,,11,,,,
AACP,F_RefDate,Posting Date From,Date,,8,,,,
AACP,T_RefDate,Posting Date To,Date,,8,,,,
AACP,F_DueDate,Due Date From,Date,,8,,,,
AACP,T_DueDate,Due Date To,Date,,8,,,,
AACP,F_TaxDate,Document Date From,Date,,8,,,,
AACP,T_TaxDate,Document Date To,Date,,8,,,,
AACP,LogInstanc,Log Instance,Int,,11,,,,
AACP,UpdateDate,Date of Update,Date,,8,,,,
AACP,UserSign,User Signature,Int,,6,OUSR,,,
AACP,LinkAct_1,Domestic Accounts Receivable,nVarChar,,15,OACT,,,
AACP,LinkAct_2,Checks Received,nVarChar,,15,OACT,,,
AACP,LinkAct_3,Cash on Hand,nVarChar,,15,OACT,,,
AACP,LinkAct_4,Account,nVarChar,,15,OACT,,,
AACP,LinkAct_5,Sales Tax Account,nVarChar,,15,OACT,,,
AACP,LinkAct_6,Customer's Deduction at Source,nVarChar,,15,OACT,,,
AACP,ComissAct,Credit Card Deposit Fee,nVarChar,,15,OACT,,,
AACP,LinkAct_8,Purchase Tax,nVarChar,,15,OACT,,,
AACP,LinkAct_9,Foreign Accounts Receivable,nVarChar,,15,OACT,,,
AACP,LinkAct_10,Domestic Accounts Payable,nVarChar,,15,OACT,,,
AACP,LinkAct_11,Foreign Accounts Payable,nVarChar,,15,OACT,,,
AACP,LinkAct_12,Bank Transfer,nVarChar,,15,OACT,,,
AACP,LinkAct_13,Tax to Pay to,nVarChar,,15,OACT,,,
AACP,LinkAct_14,Tax Definition,nVarChar,,15,OACT,,,
AACP,LinkAct_15,Equipment and Assets,nVarChar,,15,OACT,,,
AACP,LinkAct_16,Withholding Tax,nVarChar,,15,OACT,,,
AACP,LinkAct_17,Advances on Corp. Income Tax,nVarChar,,15,OACT,,,
AACP,LinkAct_18,Opening Balance Account,nVarChar,,15,OACT,,,
AACP,DfltIncom,Revenue Account,nVarChar,,15,OACT,,,
AACP,ExmptIncom,Tax Exempt Revenue Account,nVarChar,,15,OACT,,,
AACP,DfltExpn,Expense Account,nVarChar,,15,OACT,,,
AACP,ForgnIncm,Revenue Account - Foreign,nVarChar,,15,OACT,,,
AACP,ECIncome,Sales Revenue - EU,nVarChar,,15,OACT,,,
AACP,ForgnExpn,Expense Account - Foreign,nVarChar,,15,OACT,,,
AACP,DfltRateDi,Ex. Rate Diff. in All Currency,nVarChar,,15,OACT,,,
AACP,DecresGlAc,G/L Decrease Account,nVarChar,,15,OACT,,,
AACP,LinkAct_27,Automatic Reconciliation Diff.,nVarChar,,15,OACT,,,
AACP,DftStockOB,Account for Opening Whse Bal.,nVarChar,,15,OACT,,,
AACP,LinkAct_19,Cash Discount,nVarChar,,15,OACT,,,
AACP,LinkAct_20,Cash Discount Clearing,nVarChar,,15,OACT,,,
AACP,LinkAct_21,Realized Exchange Diff. Loss,nVarChar,,15,OACT,,,
AACP,LinkAct_22,Cash Discount,nVarChar,,15,OACT,,,
AACP,LinkAct_23,Realized Exchange Diff. Loss,nVarChar,,15,OACT,,,
AACP,LinkAct_24,Rounding Account,nVarChar,,15,OACT,,,
AACP,LinkAct_25,Realized Exchange Diff. Gain,nVarChar,,15,OACT,,,
AACP,LinkAct_26,Realized Exchange Diff. Gain,nVarChar,,15,OACT,,,
AACP,IncresGlAc,G/L Increase Account,nVarChar,,15,OACT,,,
AACP,RturnngAct,Sales Returns Account,nVarChar,,15,OACT,,,
AACP,COGM_Act,Cost of Goods Sold Account,nVarChar,,15,OACT,,,
AACP,AlocCstAct,Allocation Account,nVarChar,,15,OACT,,,
AACP,VariancAct,Variance Account,nVarChar,,15,OACT,,,
AACP,PricDifAct,Price Difference Account,nVarChar,,15,OACT,,,
AACP,CDownPymnt,Customer Down Payment Account,nVarChar,,15,OACT,,,
AACP,VDownPymnt,Vendor Down Payment Account,nVarChar,,15,OACT,,,
AACP,CBoERcvble,BoE Accounts Receivable,nVarChar,,15,OACT,,,
AACP,CBoEOnClct,Bill of Exchange on Collection,nVarChar,,15,OACT,,,
AACP,CBoEPresnt,Bill of Exchange Presentation,nVarChar,,15,OACT,,,
AACP,CBoEDiscnt,Bill of Exchange Discounted,nVarChar,,15,OACT,,,
AACP,CUnpaidBoE,Unpaid Bill of Exchange,nVarChar,,15,OACT,,,
AACP,VBoEPayble,BoE Accounts Payable,nVarChar,,15,OACT,,,
AACP,VAsstBoEPy,BoE Accounts Payable,nVarChar,,15,OACT,,,
AACP,COpenDebts,Customer Doubtful Debts Acct,nVarChar,,15,OACT,,,
AACP,VOpenDebts,Vendor Doubtful Debts Account,nVarChar,,15,OACT,,,
AACP,PurchseAct,Purchase Account,nVarChar,,15,OACT,,,
AACP,PaReturnAc,Purchase Return Account,nVarChar,,15,OACT,,,
AACP,PaOffsetAc,Purchase Offset Account,nVarChar,,15,OACT,,,
AACP,LinkAct_28,Period-End Closing Account,nVarChar,,15,OACT,,,
AACP,ExDiffAct,Exchange Rate Difference Acct,nVarChar,,15,OACT,,,
AACP,BalanceAct,Goods Clearing Account,nVarChar,,15,OACT,,,
AACP,BnkChgAct,Bank Charge Account,nVarChar,,15,OACT,,,
AACP,LinkAct_29,Other Receivable,nVarChar,,15,OACT,,,
AACP,LinkAct_30,Other Payable,nVarChar,,15,OACT,,,
AACP,IncmAcct,Def. Inv. Reval. Revenue Acct,nVarChar,,15,OACT,,,
AACP,ExpnAcct,Def. Inventory Reval. Expense,nVarChar,,15,OACT,,,
AACP,VatRevAct,VAT in Revenue Account,nVarChar,,15,OACT,,,
AACP,ExpClrAct,Expense Account for Tax,nVarChar,,15,OACT,,,
AACP,ExpOfstAct,Expense Offset Account,nVarChar,,15,OACT,,,
AACP,CostRevAct,COGS Revaluation Acct,nVarChar,,15,OACT,,,
AACP,RepomoAct,REPOMO Revaluation Account,nVarChar,,15,OACT,,,
AACP,WipVarAcct,WIP Inventory Variance Account,nVarChar,,15,OACT,,,
AACP,SaleVatOff,Down Payment Tax Offset Acct,nVarChar,,15,OACT,,,
AACP,PurcVatOff,Down Payment Tax Offset Acct,nVarChar,,15,OACT,,,
AACP,DpmSalAct,Payment Advances,nVarChar,,15,OACT,,,
AACP,DpmPurAct,Payment Advances,nVarChar,,15,OACT,,,
AACP,ExpVarAct,Expense and Inventory Account,nVarChar,,15,OACT,,,
AACP,CostOffAct,Cost of Sale Rev. Offset Acct,nVarChar,,15,OACT,,,
AACP,ECExepnses,Expense Account - EU,nVarChar,,15,OACT,,,
AACP,StockAct,Inventory Account,nVarChar,,15,OACT,,,
AACP,DflInPrcss,Default for Stk Itm in Process,nVarChar,,15,OACT,,,
AACP,DfltInCstm,Default for Stock Item in Cust,nVarChar,,15,OACT,,,
AACP,DfltProfit,Inventory Offset - Incr. Acct,nVarChar,,15,OACT,,,
AACP,DfltLoss,Inventory Offset - Decr. Acct,nVarChar,,15,OACT,,,
AACP,VAssets,Vendor Asset Account,nVarChar,,15,OACT,,,
AACP,StockRvAct,Inventory Revaluation Account,nVarChar,,15,OACT,,,
AACP,StkRvOfAct,Invent Revaluation Offset Acct,nVarChar,,15,OACT,,,
AACP,WipAcct,WIP Inventory Account,nVarChar,,15,OACT,,,
AACP,DfltCard,Invoice and Payment BP,nVarChar,,15,OCRD,,,
AACP,ShpdGdsAct,Shipped Goods Account,nVarChar,,15,OACT,,,
AACP,GlRvOffAct,G/L Revaluation Offset Account,nVarChar,,15,OACT,,,
AACP,OverpayAP,Overpayment A/P Account,nVarChar,,15,OACT,,,
AACP,UndrpayAP,Underpayment A/P Account,nVarChar,,15,OACT,,,
AACP,OverpayAR,Overpayment A/R Account,nVarChar,,15,OACT,,,
AACP,UndrpayAR,Underpayment A/R Account,nVarChar,,15,OACT,,,
AACP,ARCMAct,Sales Credit Account,nVarChar,,15,OACT,,,
AACP,ARCMExpAct,Tax Exempt Credit Account,nVarChar,,15,OACT,,,
AACP,ARCMFrnAct,Sales Credit Account - Foreign,nVarChar,,15,OACT,,,
AACP,ARCMEUAct,Sales Credit Acct - EU,nVarChar,,15,OACT,,,
AACP,APCMAct,Purchase Credit Account,nVarChar,,15,OACT,,,
AACP,APCMFrnAct,Purchase Credit Acct - Foreign,nVarChar,,15,OACT,,,
AACP,APCMEUAct,Purchase Credit Account - EU,nVarChar,,15,OACT,,,
AACP,NegStckAct,Negative Inventory Adj. Acct,nVarChar,,15,OACT,,,
AACP,StkInTnAct,Stock In Transit Acct,nVarChar,,15,OACT,,,
AACP,GLGainXdif,Realized Exchange Diff. Gain,nVarChar,,15,OACT,,,
AACP,GLLossXdif,Realized Exchange Diff. Loss,nVarChar,,15,OACT,,,
AACP,AmountDiff,Amount Differences,nVarChar,,15,OACT,,,
AACP,SlfInvIncm,Self Invoice Revenue Account,nVarChar,,15,OACT,,,
AACP,SlfInvExpn,Self Invoice Expense Account,nVarChar,,15,OACT,,,
AACP,OnHoldAct,Capital Goods On Hold Account,nVarChar,,15,OACT,,,
AACP,PlaAct,PLA,nVarChar,,15,OACT,,,
AACP,ICClrAct,Incoming CENVAT Clearing Acct,nVarChar,,15,OACT,,,
AACP,OCClrAct,Outgoing CENVAT Clearing Acct,nVarChar,,15,OACT,,,
AACP,PurBalAct,Purchase Balance Account,nVarChar,,15,OACT,,,
AACP,WhICenAct,Incoming CENVAT Account (WH),nVarChar,,15,OACT,,,
AACP,WhOCenAct,Outgoing CENVAT Account (WH),nVarChar,,15,OACT,,,
AACP,SalDpmInt,A/R DP Interim,nVarChar,,15,OACT,,,
AACP,PurDpmInt,A/P DP Interim,nVarChar,,15,OACT,,,
AACP,ExrateOnDt,Ex Rate on Def Tax Account,nVarChar,,15,OACT,,,
AACP,UserSign2,Updating User,Int,,6,OUSR,,,
AACP,EURecvAct,EU Accounts Receivable,nVarChar,,15,OACT,,,
AACP,EUPayAct,EU Accounts Payable,nVarChar,,15,OACT,,,
AACP,WipOffset,WIP Offset P&L Account,nVarChar,,15,OACT,,,
AACP,StockOffst,Inventory Offset P&L Account,nVarChar,,15,OACT,,,
AACP,DunIntrst,Dunning Interest,nVarChar,,15,OACT,,,
AACP,DunFee,Dunning Fee,nVarChar,,15,OACT,,,
AACP,SnapShotId,Snapshot ID,Int,,11,,0,,
AACP,TDSInterst,TDS Interest Acct,nVarChar,,15,OACT,,,
AACP,TDSCharges,TDS Other Charges Acct,nVarChar,,15,OACT,,,
AACP,SrvTaxClr,Service Tax Clearing Account,nVarChar,,15,OACT,,,
AACP,ARConDiffG,Realized Conversion Diff. Gain,nVarChar,,15,OACT,,,
AACP,ARConDiffL,Realized Conversion Diff. Loss,nVarChar,,15,OACT,,,
AACP,APConDiffG,Realized Conversion Diff. Gain,nVarChar,,15,OACT,,,
AACP,APConDiffL,Realized Conversion Diff. Loss,nVarChar,,15,OACT,,,
AACP,GLConDiffG,Realized Conversion Diff. Gain,nVarChar,,15,OACT,,,
AACP,GLConDiffL,Realized Conversion Diff. Loss,nVarChar,,15,OACT,,,
AACP,FreeChrgSA,Free of Charge Sales Account,nVarChar,,15,,,,
AACP,FreeChrgPU,Free of Charge Purchase Account,nVarChar,,15,,,,
AACP,TDSFee,TDS Fee Acct,nVarChar,,15,OACT,,,
AACP,ResRevenue,Revenue Account,nVarChar,,15,OACT,,,
AACP,ResExpense,Expense Account,nVarChar,,15,OACT,,,
AACP,ResSalesCr,Sales Credit Account,nVarChar,,15,OACT,,,
AACP,ResPurchCr,Purchase Credit Account,nVarChar,,15,OACT,,,
AACP,ResNotInv,Res. Received Not Inv. Account,nVarChar,,15,OACT,,,
AACP,ResStdExp1,Std Cost Expense 1,nVarChar,,15,OACT,,,
AACP,ResStdExp2,Std Cost Expense 2,nVarChar,,15,OACT,,,
AACP,ResStdExp3,Std Cost Expense 3,nVarChar,,15,OACT,,,
AACP,ResStdExp4,Std Cost Expense 4,nVarChar,,15,OACT,,,
AACP,ResStdExp5,Std Cost Expense 5,nVarChar,,15,OACT,,,
AACP,ResStdExp6,Std Cost Expense 6,nVarChar,,15,OACT,,,
AACP,ResStdExp7,Std Cost Expense 7,nVarChar,,15,OACT,,,
AACP,ResStdExp8,Std Cost Expense 8,nVarChar,,15,OACT,,,
AACP,ResStdExp9,Std Cost Expense 9,nVarChar,,15,OACT,,,
AACP,ResStdEx10,Std Cost Expense 10,nVarChar,,15,OACT,,,
AACP,ResWipAct,Resource WIP Account,nVarChar,,15,OACT,,,
AACP,ResScrapAc,Scrap Account,nVarChar,,15,OACT,,,
AACP,WipOffPlAc,WIP Offset P&L Account,nVarChar,,15,OACT,,,
AACP,ResOffPlAc,Resource Offset P&L Account,nVarChar,,15,OACT,,,
AACP,ERDInARAct,Exchange Rate Interim Sales Account,nVarChar,,15,OACT,,,
AACP,ERDInAPAct,Exchange Rate Interim Purchase Account,nVarChar,,15,OACT,,,
AACP,CSDInARAct,Cash Discount Interim Sales Account,nVarChar,,15,OACT,,,
AACP,CSDInAPAct,Cash Discount Interim Purchase Account,nVarChar,,15,OACT,,,
