SAP_Table,Field,Description,Type,Constraints,Size,Related,Default,Primary_key,Unique
AACS,Code,Code,nVarChar,,20,,,PRIMARY,Yes
AACS,Name,Name,nVarChar,,100,,,,
AACS,AssetType,Asset Type,VarChar,"G) General
L) Low Value Asset",1,,G,,
AACS,LimitFrom,Value Limit From,Num,,20,,,,
AACS,LimitTo,Value Limit To,Num,,20,,,,
AACS,DataSource,Data Source,VarChar,"N) Unknown
I) Interface
U) Update
M) Import
O) DI API
A) Doc. Generation Wizard
D) Restore Wizard
P) Partner Implementation
T) Year Transfer",1,,N,,
AACS,UserSign,User Signature,Int,,6,OUSR,,,
AACS,LogInstanc,Log Instance,Int,,11,,0,,
AACS,CreateDate,Create Date,Date,,8,,,,
AACS,UserSign2,Updating User,Int,,6,OUSR,,,
AACS,UpdateDate,Date of Update,Date,,8,,,,
AACS,BPLId,Branch,Int,,11,OBPL,,,
AACS,AttrGrp,Attribute Group,Int,,11,OFAA,-1,,
AACS,SnapshotId,Snapshot ID,Int,,11,,0,,
