SAP_Table,Field,Description,Type,Constraints,Size,Related,Default,Primary_key,Unique
AACT,AcctCode,Account Code,nVarChar,,15,,,PRIMARY,Yes
AACT,AcctName,Account Name,nVarChar,,100,,,,
AACT,CurrTotal,Current Balance,Num,,20,,,,
AACT,EndTotal,Opening Balance,Num,,20,,,,
AACT,Finanse,Cash Account [Y/N],VarChar,"Y) Yes
N) No",1,,N,,
AACT,Groups,Main Group,nVarChar,,8,,,,
AACT,Budget,Budget,VarChar,"Y) Yes
N) No",1,,N,,
AACT,Frozen,Account on Hold [Y/N],VarChar,"Y) Yes
N) No",1,,N,,
AACT,Free_2,Free 2,VarChar,,1,,,,
AACT,Postable,Account Type [Active/Title],VarChar,"Y) Active Account
N) Title Account",1,,Y,,
AACT,Fixed,Primary Account,VarChar,,1,,,,
AACT,Levels,Account Level,Int,,6,,2,,
AACT,ExportCode,Data Export Code,nVarChar,,10,,,,
AACT,GrpLine,Account Location in Group,Int,,11,,,,
AACT,FatherNum,Parent Account Key,nVarChar,,15,,,,
AACT,AccntntCod,External Code,nVarChar,,15,,,,
AACT,CashBox,Primary Account [Y/N],VarChar,"Y) Yes
N) No",1,,N,,
AACT,GroupMask,Group Mask,Int,,6,,1,,
AACT,RateTrans,Conversion Differences,VarChar,"Y) Yes
N) No",1,,Y,,
AACT,TaxIncome,Tax Definition,VarChar,"Y) Yes
N) No",1,,N,,
AACT,ExmIncome,Tax Definition,VarChar,"Y) Yes
N) No",1,,N,,
AACT,ExtrMatch,"External Reconciliation
No.",Int,,11,,,,
AACT,IntrMatch,"Internal Reconciliation
No.",Int,,11,,,,
AACT,ActType,Account Category,VarChar,"I) Sales
E) Expenditure
N) Other",1,,N,,
AACT,Transfered,Year Transferred [Y/N],VarChar,"Y) Yes
N) No",1,,N,,
AACT,BlncTrnsfr,Balances Transferred [Y/N],VarChar,"Y) Yes
N) No",1,,N,,
AACT,OverType,Distribution Rule,VarChar,"N) None
Y) Yes",1,,N,,
AACT,OverCode,Distribution Rule Code,nVarChar,,8,OOCR,,,
AACT,SysMatch,System Reconciliation No.,Int,,11,,-1,,
AACT,PrevYear,Transferred from Prev. Year,VarChar,"Y) Yes
N) No",1,,N,,
AACT,ActCurr,Account Currency,nVarChar,,3,OCRN,,,
AACT,RateDifAct,Rate Differences Acct,nVarChar,,15,,,,
AACT,SysTotal,Balance (SC),Num,,20,,,,
AACT,FcTotal,Balance (Account Currency),Num,,20,,,,
AACT,Protected,Protected Account [Y/N],VarChar,"Y) Yes
N) No",1,,N,,
AACT,RealAcct,Indexed Account [Y/N],VarChar,"Y) Yes
N) No",1,,N,,
AACT,Advance,Liable for Advances,VarChar,"Y) Yes
N) No",1,,Y,,
AACT,CreateDate,Creation Date,Date,,8,,,,
AACT,UpdateDate,Date of Update,Date,,8,,,,
AACT,FrgnName,Foreign Name,nVarChar,,100,,,,
AACT,Details,Details - History,nVarChar,,127,,,,
AACT,ExtraSum,Additional Amount,Num,,20,,,,
AACT,Project,Project Code,nVarChar,,20,OPRJ,,,
AACT,RevalMatch,"Revaluation Coordinated
[Yes/No]",VarChar,"Y) Yes
N) No",1,,N,,
AACT,DataSource,Data Source,VarChar,"N) Unknown
I) Interface
U) Update
M) Import
O) DI API
A) Doc. Generation Wizard
D) Restore Wizard
P) Partner Implementation
T) Year Transfer",1,,N,,
AACT,LocMth,Reconciliation in LC,VarChar,"Y) Yes
N) No",1,,Y,,
AACT,MTHCounter,MTH Counter,Int,,11,,,,
AACT,BNKCounter,BNK Counter,Int,,11,,,,
AACT,UserSign,User Signature,Int,,6,OUSR,,,
AACT,LocManTran,Lock Manual Transaction,VarChar,"Y) Yes
N) No",1,,N,,
AACT,LogInstanc,Log Instance,Int,,11,,0,,
AACT,ObjType,Object Type,nVarChar,,20,ADP1,,,
AACT,ValidFor,Active,VarChar,"Y) Yes
N) No",1,,N,,
AACT,ValidFrom,Active From,Date,,8,,,,
AACT,ValidTo,Active To,Date,,8,,,,
AACT,ValidComm,Active Remarks,nVarChar,,30,,,,
AACT,FrozenFor,Inactive,VarChar,"Y) Yes
N) No",1,,N,,
AACT,FrozenFrom,Inactive From,Date,,8,,,,
AACT,FrozenTo,Inactive To,Date,,8,,,,
AACT,FrozenComm,Inactive Remarks,nVarChar,,30,,,,
AACT,Counter,BP Bank Account,Int,,11,,0,,
AACT,Segment_0,Segment 0,nVarChar,,20,,,,
AACT,Segment_1,Segment 1,nVarChar,,20,,,,
AACT,Segment_2,Segment 2,nVarChar,,20,,,,
AACT,Segment_3,Segment 3,nVarChar,,20,,,,
AACT,Segment_4,Segment 4,nVarChar,,20,,,,
AACT,Segment_5,Segment 5,nVarChar,,20,,,,
AACT,Segment_6,Segment 6,nVarChar,,20,,,,
AACT,Segment_7,Segment 7,nVarChar,,20,,,,
AACT,Segment_8,Segment 8,nVarChar,,20,,,,
AACT,Segment_9,Segment 9,nVarChar,,20,,,,
AACT,FormatCode,Format Code,nVarChar,,127,,,,
AACT,CfwRlvnt,Cash Flow Relevant [Y/N],VarChar,"Y) Yes
N) No",1,,N,,
AACT,ExchRate,Exchange Rate Differences,VarChar,"Y) Yes
N) No",1,,Y,,
AACT,RevalAcct,Revaluation Account,nVarChar,,15,,,,
AACT,LastRevBal,Last Revaluation Balance,Num,,20,,,,
AACT,LastRevDat,Last Revaluation Date,Date,,8,,,,
AACT,DfltVat,Default VAT Group,nVarChar,,8,OVTG,,,
AACT,VatChange,Allow Change VAT Group,VarChar,"Y) Yes
N) No",1,,Y,,
AACT,Category,Category,Int,,11,OACG,,,
AACT,TransCode,Transaction Code,nVarChar,,4,OTRC,,,
AACT,OverCode5,Loading Factor Code 5,nVarChar,,8,OOCR,,,
AACT,OverCode2,Loading Factor Code 2,nVarChar,,8,OOCR,,,
AACT,OverCode3,Loading Factor Code 3,nVarChar,,8,OOCR,,,
AACT,OverCode4,Loading Factor Code 4,nVarChar,,8,OOCR,,,
AACT,DfltTax,Default Tax Code,nVarChar,,8,OSTC,,,
AACT,TaxPostAcc,Default Tax Posting Account,VarChar,"N)
R) Sales Tax Account
P) Purchasing Tax Account",1,,N,,
AACT,AcctStrLe,Account Structure Level,nVarChar,,2,,,,
AACT,MeaUnit,Measurement Unit,nVarChar,,10,,,,
AACT,BalDirect,Direction of Balance,nVarChar,"0
1) Credit
2) Debit",4,,0,,
AACT,UserSign2,Updating User,Int,,6,OUSR,,,
AACT,PlngLevel,B1i Info for Integration,nVarChar,,2,,,,
AACT,MultiLink,Allow Multiple Linking,VarChar,"N) No
Y) Yes",1,,N,,
AACT,PrjRelvnt,Project Relevant,VarChar,"Y) Yes
N) No",1,,N,,
AACT,Dim1Relvnt,Dimension 1 Relevant,VarChar,"Y) Yes
N) No",1,,N,,
AACT,Dim2Relvnt,Dimension 2 Relevant,VarChar,"Y) Yes
N) No",1,,N,,
AACT,Dim3Relvnt,Dimension 3 Relevant,VarChar,"Y) Yes
N) No",1,,N,,
AACT,Dim4Relvnt,Dimension 4 Relevant,VarChar,"Y) Yes
N) No",1,,N,,
AACT,Dim5Relvnt,Dimension 5 Relevant,VarChar,"Y) Yes
N) No",1,,N,,
AACT,AccrualTyp,Accrual Type,VarChar,"N) None
P) Posting Account
C) Calculation Account
I) Calculation Interim Account",1,,N,,
AACT,DatevAcct,DATEV Account,Int,,11,,,,
AACT,DatevAutoA,DATEV Automatic Account,VarChar,"Y) Yes
N) No",1,,N,,
AACT,DatevFirst,First Data Entry,VarChar,"Y) Yes
N) No",1,,Y,,
AACT,SnapShotId,Snapshot ID,Int,,11,,0,,
AACT,PCN874Rpt,PCN 874 Report Relevant,VarChar,"Y) Yes
N) No",1,,N,,
AACT,SCAdjust,SC Adjustment,VarChar,"Y) Yes
N) No",1,,N,,
AACT,BPLId,Assigned Branch,Int,,11,OBPL,,,
AACT,BPLName,Branch Name,nVarChar,,100,,,,
AACT,SubLedgerN,Subledger No.,nVarChar,,60,,,,
AACT,VATRegNum,VAT Reg. Number,nVarChar,,32,,,,
AACT,ActId,Account Identifier,nVarChar,,127,,,,
AACT,ClosingAcc,G/L Account Closing,nVarChar,,15,,,,
AACT,PurpCode,Account Purpose Code,nVarChar,"01) Contas de ativo
02) Contas de Passivo
03) Patrimônio Líquido
04) Contas de Resultado
05) Contas de Compensação
09) Outras",2,,,,
AACT,RefCode,Referential Account Code,nVarChar,,30,,,,
