SAP_Table,Field,Description,Type,Constraints,Size,Related,Default,Primary_key,Unique
AAD1,CurrPeriod,Free,nVarChar,,10,,,,
AAD1,Street,Street,nVarChar,,100,,,,
AAD1,StreetF,Street Foreign,nVarChar,,100,,,,
AAD1,Block,Block,nVarChar,,100,,,,
AAD1,BlockF,Block Foreign,nVarChar,,100,,,,
AAD1,City,City,nVarChar,,100,,,,
AAD1,CityF,City Foreign,nVarChar,,100,,,,
AAD1,ZipCode,Zip Code,nVarChar,,20,,,,
AAD1,ZipCodeF,Zip Code Foreign,nVarChar,,20,,,,
AAD1,County,County,nVarChar,,100,,,,
AAD1,CountyF,County Foreign,nVarChar,,100,,,,
AAD1,State,Status,nVarChar,,3,OCST,,,
AAD1,Country,Country,nVarChar,,3,OCRY,,,
AAD1,IntrntAdrs,Internet Address,nVarChar,,50,,,,
AAD1,Code,Code,Int,,11,,1,PRIMARY,Yes
AAD1,AssType,Assessee Type,nVarChar,,100,,,,
AAD1,CompnyType,Company Type,nVarChar,,100,,,,
AAD1,NatureBiz,Nature of Business,nVarChar,,100,,,,
AAD1,TaxIdNum4,Federal Tax ID 4,nVarChar,,100,,,,
AAD1,TaxIdNum5,Federal Tax ID 5,nVarChar,,100,,,,
AAD1,TaxIdNum6,Federal Tax ID 6,nVarChar,,100,,,,
AAD1,LogInstanc,Log Instance,Int,,11,,0,,
AAD1,AddrType,Address Type,nVarChar,,100,,,,
AAD1,AddrTypeF,Address Type Foreign,nVarChar,,100,,,,
AAD1,StreetNo,Street No.,nVarChar,,100,,,,
AAD1,StreetNoF,Street No. Foreign,nVarChar,,100,,,,
AAD1,Building,Building/Floor/Room,nVarChar,,100,,,,
AAD1,BuildingF,Building/Floor/Room Foreign,nVarChar,,100,,,,
AAD1,EccNo,E.C.C. No.,nVarChar,,40,,,,
AAD1,CERegNo,C.E. Registration No.,nVarChar,,40,,,,
AAD1,CERange,C.E. Range,nVarChar,,60,,,,
AAD1,CEDivision,C.E. Division,nVarChar,,60,,,,
AAD1,CeComRate,C.E. Commisionerate,nVarChar,,60,,,,
AAD1,MenuCode,Manufacturer Code,nVarChar,,60,,,,
AAD1,Jurisd,Jurisdiction,nVarChar,,60,,,,
AAD1,SnapShotId,Snapshot ID,Int,,11,,0,,
AAD1,STDCode,STD Code,Int,,11,,,,
AAD1,STDCodeF,STD Code Foreign,Int,,11,,,,
AAD1,CompNature,Nature of Company,Int,,11,,-1,,
AAD1,EconActT,Economic Activity Type,Int,,11,,-1,,
AAD1,CredCOrig,Credit Contribution Origin,VarChar,,1,,,,
AAD1,IPIPeriod,IPI Period,VarChar,,1,,,,
AAD1,CoopAssocT,Cooperative Association Type,Int,,11,,-1,,
AAD1,DspIBPDoc,Display Inactive BPs in Doc.,VarChar,"Y) Yes
N) No",1,,Y,,
AAD1,DspIITMDoc,Display Inactive Items in Doc.,VarChar,"Y) Yes
N) No",1,,Y,,
AAD1,ProfTax,Profit Taxation,Int,,11,,-1,,
AAD1,CompQualif,Company Qualification,Int,,11,,1,,
AAD1,DeclType,Declarer Type,Int,,11,,1,,
AAD1,IPITaxCon,IPI Tax Contributor,VarChar,"N) No
Y) Yes",1,,N,,
AAD1,ISVATRegNo,IS VAT Reg. No. of Trader,nVarChar,,100,,,,
AAD1,ISVATRegEx,IS VAT Reg. No. Extension,nVarChar,,10,,,,
AAD1,ISObligLvl,IS Degree of Obligation,VarChar,,1,,,,
AAD1,ISTaxState,IS Federal State of Tax Office,nVarChar,,3,OCST,,,
AAD1,ISComDecID,IS Company Declaration ID,nVarChar,,32,,,,
AAD1,OKDPNum,OKDP Number,nVarChar,,7,,,,
AAD1,ISValidKey,IS Validation Key Ident.,nVarChar,,35,,,,
AAD1,ISDnsce,IS Declaration Office,nVarChar,,10,,,,
AAD1,ISDfltPath,IS Default File Path,Text,,16,,,,
AAD1,ISSimpProc,IS Simplified Procedure,VarChar,"Y) Yes
N) No",1,,Y,,
AAD1,ISForceCmp,IS Require All Data,VarChar,"Y) Yes
N) No",1,,Y,,
AAD1,ISCstRecSt,IS Customs Section,nVarChar,,6,,,,
AAD1,ISDfltInct,IS Default Incoterms,Int,,11,,,,
AAD1,ISDfCPEx,IS Default Customs Proc. Exp.,Int,,11,,,,
AAD1,ISDfCPIm,IS Default Customs Proc. Imp.,Int,,11,,,,
AAD1,ISDfNTEx,IS Dflt Nat. of Trans. for Exp,Int,,11,,,,
AAD1,ISDfNTIm,IS Dflt Nature of Tran. Imp.,Int,,11,,,,
AAD1,ISDfPortEx,IS Default Port for Export,Int,,11,,,,
AAD1,ISDfPortIm,IS Default Port for Import,Int,,11,,,,
AAD1,ISDfSPEx,IS Default Stat. Proc. Export,Int,,11,,,,
AAD1,ISDfSPIm,IS Default Stat. Proc. Import,Int,,11,,,,
AAD1,ISDfCSTEx,IS Default State for Export,Int,,11,ODCI,,,
AAD1,ISDfCSTIm,IS Default State for Import,Int,,11,ODCI,,,
AAD1,ISDfTMEx,IS Default Transport Mode Exp.,Int,,11,,,,
AAD1,ISDfTMIm,IS Default Transport Mode Imp.,Int,,11,,,,
AAD1,ISDeclDept,Declaring Department,Int,,6,,,,
AAD1,ISExlDocQt,Excl. Docs w/ Qty Less Than,VarChar,"Y) Yes
N) No",1,,N,,
AAD1,ISDocQtLm,Document Quantity Limit,Num,,20,,,,
AAD1,ISExlDocAm,Excl. Docs w/ Amt Less Than,VarChar,"Y) Yes
N) No",1,,N,,
AAD1,ISDocAmLm,Document Amount Limit,Num,,20,,,,
AAD1,ISDspNMass,Always Display Net Mass Value,VarChar,"Y) Yes
N) No",1,,Y,,
AAD1,Free1,IS Default Country Import,nVarChar,,3,,,,
AAD1,Free2,IS Default Country Import,nVarChar,,3,,,,
AAD1,CommerReg,Commercial Register,nVarChar,,60,,,,
AAD1,DateOfInc,Date of Incorporation,Date,,8,,,,
AAD1,SPEDProf,SPED Profile,nVarChar,,2,,,,
AAD1,EnvTypeNFe,Environment Type NFe,Int,,11,,-1,,
AAD1,Opt4ICMS,Opting for ICMS 115_03,VarChar,,1,,N,,
AAD1,ISInstIntr,IS Install Intrastat,VarChar,"Y) Yes
N) No",1,,N,,
AAD1,GlblLocNum,Global Location Number,nVarChar,,50,,,,
AAD1,PTLedgeGen,Period Type for Ledger Gen.,VarChar,"Y) Year
Q) Quarter
M) Month
P) Period",1,,M,,
AAD1,BZStRegID,BZSt Register ID,nVarChar,,6,,,,
AAD1,BZStSendID,BZSt Sender ID,nVarChar,,11,,,,
AAD1,PostInVat,Post Input VAT in A/P Invoice,VarChar,"Y) Yes
N) No",1,,N,,
AAD1,EnbEATrns,Enable EA for Transfer Doc.,VarChar,"Y) Yes
N) No",1,,N,,
AAD1,EnbEAInv,Enable EA for Inv. Doc.,VarChar,"Y) Yes
N) No",1,,N,,
AAD1,AuthUser,Authorized User,nVarChar,,100,,,,
AAD1,AuthPwd,Authorization Password,nVarChar,,100,,,,
AAD1,UrlGoods,URL for Goods Transport,nVarChar,,127,,,,
AAD1,UrlInvType,URL for Invoice Type,nVarChar,,127,,,,
AAD1,ElGoodsFmt,El. Doc. Format for Goods Trns,Int,,11,OLLF,,,
AAD1,ElInvFmt,El. Doc. Format for Invoice,Int,,11,OLLF,,,
AAD1,ElDigiCert,El. Digit. Cert. Path,Text,,16,,,,
AAD1,TaxRptFrm,Tax Wizard Reporting From,Date,,8,,,,
AAD1,Suframa,SUFRAMA,nVarChar,,100,,,,
AAD1,EnbInItIQI,Enable Inactive Items in IQI,VarChar,"Y) Yes
N) No",1,,N,,
AAD1,EnbInItINC,Enable Inactive Items in INC,VarChar,"Y) Yes
N) No",1,,Y,,
AAD1,ExtRevAct,Extend Revenue Accounts,VarChar,"Y) Yes
N) No",1,,N,,
AAD1,IsStartup,Identify Startup Company,VarChar,"Y) Yes
N) No",1,,N,,
