SAP_Table,Field,Description,Type,Constraints,Size,Related,Default,Primary_key,Unique
AADM,CompnyName,Company Name,nVarChar,,100,,,,
AADM,CompnyAddr,Address,nVarChar,,127,,,,
AADM,Country,Country,nVarChar,,3,OCRY,,,
AADM,PrintHeadr,Printing Header,nVarChar,,100,,,,
AADM,Phone1,Telephone Number 1,nVarChar,,20,,,,
AADM,Phone2,Telephone Number 2,nVarChar,,20,,,,
AADM,Fax,Fax Number,nVarChar,,20,,,,
AADM,E_Mail,E-Mail,nVarChar,,100,,,,
AADM,Manager,Managing Director,nVarChar,,100,,,,
AADM,CompType,Chart of Accounts Template,VarChar,,1,,U,,
AADM,MainCurncy,Local Currency,nVarChar,,3,,,,
AADM,SysCurrncy,System Currency,nVarChar,,3,,,,
AADM,DispPosDeb,Credit Balance with Minus Sign,VarChar,"Y) Yes
N) No",1,,N,,
AADM,DefLengthU,Standard Unit of Length,Int,,6,,2,,
AADM,DefWeightU,Default Weight UoM,Int,,6,,2,,
AADM,DfltVendPM,Default Payt Method for Vendor,nVarChar,,15,OPYM,,,
AADM,DirectRate,Direct/Indirect Rate,VarChar,"Y) Yes
N) No",1,,Y,,
AADM,MinAmnt347,Minimum Amount for 347 Report,Num,,20,,,,
AADM,AutoITW,Set Items - Warehouses,VarChar,"Y) Yes
N) No",1,,N,,
AADM,BankCountr,Bank Country,nVarChar,,3,,,,
AADM,TaxIdNum,Federal Tax ID,nVarChar,,32,,,,
AADM,RevOffice,Tax Office,nVarChar,,100,,,,
AADM,FreeZoneNo,Additional ID Number,nVarChar,,32,,,,
AADM,DdctFileNo,Deduction File No.,nVarChar,,50,,,,
AADM,VatCharge,Tax Collection,VarChar,"Y) Yes
N) No",1,,Y,,
AADM,PayOutVat,Tax Definition,VarChar,"Y) Yes
N) No",1,,N,,
AADM,VatPrcnt,Tax Rate,Num,,20,,,,
AADM,DpsitPrcnt,Advances on Corp. Income Tax %,Num,,20,,,,
AADM,IncomeTax,Withholding Tax %,Num,,20,,,,
AADM,VendorDdct,Withholding Tax,VarChar,"Y) Yes
N) No",1,,N,,
AADM,CustmrDdct,Customer's Deduction at Source,VarChar,"Y) Yes
N) No",1,,N,,
AADM,DdctPercnt,Withholding Tax Deduction %,Num,,20,,,,
AADM,DdctExpire,Withholding Tax Ded. in % - Ex,Date,,8,,,,
AADM,DdctOffice,Withholding Tax Deduction - Of,nVarChar,,100,,,,
AADM,EURepSqntl,Sequential Number of EU Sales,Int,,11,,0,,
AADM,BoxRptSeq,Box Report Sequential Number,Int,,11,,0,,
AADM,WTLiable,WTax Liable,VarChar,,1,,Y,,
AADM,DfltCustPM,Default Payt Method for Cust.,nVarChar,,15,OPYM,,,
AADM,AllowFuPos,Allow Future Posting Date,VarChar,"Y) Yes
N) No",1,,N,,
AADM,UseProdWip,Use Product WIP Account,VarChar,"Y) Yes
N) No",1,,Y,,
AADM,CurrPeriod,Current Period,nVarChar,,10,,,,
AADM,XmlPath,XML File Path,Text,,16,,,,
AADM,DflBnkKey,Default Bank Key,Int,,11,ODSC,,,
AADM,BSInstled,Bank Statement Installed,VarChar,"Y) Yes
N) No",1,,N,,
AADM,UseShpdGd,Use Shipped Goods Account,VarChar,"Y) Yes
N) No",1,,N,,
AADM,UseExtRpt,Use Extended Reporting (OTRS),VarChar,"Y) Yes
N) No",1,,N,,
AADM,ERpPerType,Period Type for Generation,VarChar,"Y) Year
Q) Quarter
M) Month
P) Period",1,,M,,
AADM,DfSVatExmp,Sales Tax Group for Exempt,nVarChar,,8,,,,
AADM,DfPVatExmp,Purchases Tax Group for Exempt,nVarChar,,8,,,,
AADM,Manager1,General Manager,nVarChar,,100,,,,
AADM,Manager1F,General Manager (For. Lang.),nVarChar,,100,,,,
AADM,CCMask,Mask Credit Card Number,VarChar,"Y) Yes
N) No",1,,Y,,
AADM,ObligLimit,Commitment Restriction,VarChar,"Y) Yes
N) No",1,,N,,
AADM,CreditLimt,Credit Restriction,VarChar,"Y) Yes
N) No",1,,N,,
AADM,SalesLimit,Restrict Sales,VarChar,"Y) Yes
N) No",1,,N,,
AADM,DlnLimit,Restrict Del. Notes (PO),VarChar,"Y) Yes
N) No",1,,N,,
AADM,OrderLimit,Restrict Orders,VarChar,"Y) Yes
N) No",1,,N,,
AADM,AddDlnBlnc,Consider Deliv - Sales Revenue,VarChar,"Y) Yes
N) No",1,,N,,
AADM,CreditDpst,Credit Deposit Type,VarChar,"Y) Manually
N) Automatically",1,,N,,
AADM,MultiLang,Multi-Language Support Enabled,VarChar,"Y) Yes
N) No",1,,N,,
AADM,DbVers,Database Version,Int,,11,,,,
AADM,ApplVers,Application Version,Int,,11,,,,
AADM,DflWebSite,Default for Web Site,Text,,16,,,,
AADM,DflFTPSite,Default for FTP Site,Text,,16,,,,
AADM,UseTax,Use Tax,VarChar,"Y) Yes
N) No",1,,N,,
AADM,RevisionPo,Split Purchase Order,VarChar,"Y) Yes
N) No",1,,N,,
AADM,Reindex,Rebuild Indexes,VarChar,"Y) Yes
N) No",1,,N,,
AADM,DllPath,Path to Validation DLL,Text,,16,,,,
AADM,TaxIdValid,Tax ID Mandatory Validation,VarChar,"Y) Yes
N) No",1,,N,,
AADM,PchName,Split Purchase Order,nVarChar,,20,,,,
AADM,RpcName,Rebuild Indexes,nVarChar,,20,,,,
AADM,PdnName,Free24,nVarChar,,20,,,,
AADM,RpdName,Alt Name for Goods Return,nVarChar,,20,,,,
AADM,PorName,Alternative Name for Purchase,nVarChar,,20,,,,
AADM,LevelWarn,Alert Type for Whse Stock,VarChar,"W) Warning Only
B) Block
D) No Message",1,,W,,
AADM,CrdCommUse,Set Commission by Customer,VarChar,"Y) Yes
N) No",1,,N,,
AADM,ItmCommUse,Set Commission by Item,VarChar,"Y) Yes
N) No",1,,N,,
AADM,SlpCommUse,Alternative Name for Purchase,VarChar,"Y) Yes
N) No",1,,N,,
AADM,DfCustTerm,Default Pmt Terms for Cust.,Int,,6,,-1,,
AADM,DfVendTerm,Default Vendor Payment Terms,Int,,6,,-1,,
AADM,SaleProfit,Calc. Gross Profit per Trans.,VarChar,"Y) Yes
N) No",1,,Y,,
AADM,CostPrcLst,Set Commission by Sales Emp.,Int,,6,,-1,,
AADM,GrossBySal,Gross Profit After Sale,VarChar,"Y) Yes
N) No",1,,N,,
AADM,TreePricOn,Display Price for Parent Only,VarChar,"Y) Yes
N) No",1,,N,,
AADM,AddVat,Calc. Gross Profit per Trans.,VarChar,"Y) Yes
N) No",1,,Y,,
AADM,BaseFld,Base Field,VarChar,"Y) Yes
N) No",1,,Y,,
AADM,ClosedQuot,Allow Closed Sales Quotations,VarChar,"Y) Yes
N) No",1,,N,,
AADM,UseCode,User Conversion Code,VarChar,"Y) Yes
N) No",1,,N,,
AADM,Code1,CODE1,nVarChar,,8,,,,
AADM,Code2,CODE2,nVarChar,,8,,,,
AADM,Code3,CODE3,nVarChar,,8,,,,
AADM,Code4,CODE4,nVarChar,,8,,,,
AADM,Color,Company Color,Int,"0
1) Classic
2) Gray
3) Violet
4) Blue
5) Green
6) Yellow
7) Orange
8) Red
9) Brown",6,,1,,
AADM,SumDec,Totals Accuracy,Int,,6,,2,,
AADM,QtyDec,Accuracy of Quantities,Int,,6,,3,,
AADM,PriceDec,Price Accuracy,Int,,6,,2,,
AADM,RateDec,Rate Accuracy,Int,,6,,4,,
AADM,PercentDec,Percentage Rate Accuracy,Int,,6,,4,,
AADM,MeasureDec,Measuring Accuracy for Units,Int,,6,,3,,
AADM,DdAutoRun,Price Accuracy,VarChar,"Y) Yes
N) No",1,,N,,
AADM,DdNextDue,Rate Accuracy,Date,,8,,,,
AADM,DdHour,Percentage Rate Accuracy,Int,,6,,,,
AADM,CmpnyAddrF,Address in Foreign Language,nVarChar,,127,,,,
AADM,DflTaxCode,Default Tax Code,nVarChar,,8,OSTC,,,
AADM,PrintHdrF,Letter Header in Foreign Lang.,nVarChar,,100,,,,
AADM,Phone1F,Tel. No. 1 (Foreign Language),nVarChar,,20,,,,
AADM,Phone2F,Tel. No. 2 (Foreign Language),nVarChar,,20,,,,
AADM,FaxF,Fax Number (Foreign Lang.),nVarChar,,20,,,,
AADM,ManagerF,Letter Header in Foreign Lang.,nVarChar,,100,,,,
AADM,TimeFormat,Time Template,VarChar,"0
1) 12H",1,,0,,
AADM,CigCup,Cig and Cup Warning,VarChar,"Y) Yes
N) No",1,,N,,
AADM,DateFormat,Date Template,VarChar,"0
1) DD/MM/CCYY
2) MM/DD/YY
3) MM/DD/CCYY
4) CCYY/MM/DD
5) DD/Month/YYYY
6) YY/MM/DD",1,,0,,
AADM,DateSep,Date Separator,VarChar,,1,,/,,
AADM,FcNoBlnc,Foreign Currency Checking Account,VarChar,"B) Block
D) No Message",1,,B,,
AADM,ChangeRdr,Changed Existing Orders,VarChar,"Y) Yes
N) No",1,,Y,,
AADM,MultiCurr,Multi-Currency Check,VarChar,"B) Block
D) No Message",1,,B,,
AADM,PickParDlv,Partial Deliv. Pick and Pack,VarChar,"Y) Yes
N) No",1,,N,,
AADM,MaxTaxIncr,Maximum Increase of Tax Amount,Num,,20,,,,
AADM,ISRType,ISR Type,Int,"1) ISR
2) BISR
3) ISR+
4) BISR+",6,,2,,
AADM,MaxTaxDecr,Maximum Decrease of Tax Amount,Num,,20,,,,
AADM,RoundRmrk,Display Rounding Remark,VarChar,"Y) Yes
N) No",1,,Y,,
AADM,ISRBillerI,ISR Biller ID,nVarChar,,9,,,,
AADM,UpdStamp,Update Stamp,Int,,11,,,,
AADM,SysCNoEdit,Block System Currency Editing,VarChar,"Y) Yes
N) No",1,,Y,,
AADM,RefDNoEdit,Block Updating of Posting Date,VarChar,"Y) Yes
N) No",1,,Y,,
AADM,DfltWhs,Default Warehouse,nVarChar,,8,,,,
AADM,TaxDNoEdit,Free,VarChar,"Y) Yes
N) No",1,,Y,,
AADM,DfSVatItem,Tax Definition,nVarChar,,8,,,,
AADM,DfSVatServ,Tax Definition,nVarChar,,8,,,,
AADM,DfPVatItem,Tax Group for Purchase Item,nVarChar,,8,,,,
AADM,DfPVatServ,Tax Group for Service Purchase,nVarChar,,8,,,,
AADM,DoBudget,Calculate Budget,VarChar,"Y) Yes
N) No",1,,N,,
AADM,CustIdNum,Customer ID,nVarChar,,6,,0,,
AADM,BgtBlock,Block Budget,VarChar,"B) Only Annual Alert
N) Monthly Alert Only
W) Block",1,,N,,
AADM,BgtWarning,Budget Alert,VarChar,"A) Annual Alert
M) Monthly Alert",1,,A,,
AADM,BdgtPORDoc,Block Purchase Orders,VarChar,"Y) Yes
N) No",1,,Y,,
AADM,BdgtAcctng,Block Bookkeeping,VarChar,"Y) Yes
N) No",1,,N,,
AADM,BdgtDflt,Default Budget Cost Assmt Mthd,Int,,11,,1,,
AADM,ContInvnt,Perpetual Inventory Management,VarChar,"Y) Yes
N) No",1,,N,,
AADM,InvntSystm,Perpetual Inventory System,VarChar,"A) Moving Average
S) Standard
F) FIFO",1,,A,,
AADM,ApplicIFRS,Application of IFRS,VarChar,"N) No
Y) Yes",1,,N,,
AADM,StartYear,Starting in Fiscal Year,Int,,6,,,,
AADM,According,Report According To,Int,"1)
2)
3)",6,,1,,
AADM,MltpBrnchs,Enable Multiple Branches,VarChar,"Y) Yes
N) No",1,,N,,
AADM,EnblSrvTax,Enable Service Tax,VarChar,"Y) Yes
N) No",1,,N,,
AADM,DftRCN,Default for Retail Chains,Int,,11,,-6,,
AADM,RoundVat,Round Tax Amounts,VarChar,"Y) Yes
N) No",1,,N,,
AADM,BdgtPDNDoc,Block Deliv. Notes for Purch.,VarChar,"Y) Yes
N) No",1,,Y,,
AADM,IRSFileNo,File Number in Income Tax,nVarChar,,9,,,,
AADM,DeferrTax,Deferred Tax,VarChar,"Y) Yes
N) No",1,,N,,
AADM,DflIntrst,Min. Default Interest Amount,Num,,20,,,,
AADM,DfltSlp,Sales Employee,Int,,6,,-1,,
AADM,DflCrCard,Default Credit Card,Int,,6,,,,
AADM,DflBnkCode,Default Bank No.,nVarChar,,30,,,,
AADM,DflBnkAcct,Default Bank Account,nVarChar,,50,,,,
AADM,DflBranch,Default Branch,nVarChar,,50,,,,
AADM,UsePaSys,Sales Employee,VarChar,"Y) Yes
N) No",1,,N,,
AADM,Serv_Usr,Service Code,nVarChar,,20,,,,
AADM,Serv_Pass,Service Password,nVarChar,,20,,,,
AADM,ParamPath,Parameter Folder Path,Text,,16,,,,
AADM,ExcelPath,Excel Folder Path,Text,,16,,,,
AADM,TaxIdNum2,Federal Tax ID 2,nVarChar,,32,,,,
AADM,TaxIdNum3,Federal Tax ID 3,nVarChar,,32,,,,
AADM,DecSep,Decimal Separator,VarChar,,1,,.,,
AADM,ThousSep,Thousands Separator,VarChar,,1,,",",,
AADM,CurOnRight,Display Currency on the Right,VarChar,"Y) Yes
N) No",1,,N,,
AADM,WarnByWhs,Alert by Warehouse,VarChar,"N) No
Y) Yes",1,,N,,
AADM,DflBnkAcKy,Default Bank Account No.,Int,,11,DSC1,,,
AADM,PriceSys,Price System,VarChar,"Y) Whse
N) Item",1,,Y,,
AADM,DftPVL,Preferred Vendor Credit,Int,,11,,-1,,
AADM,useDdctTrc,WTax Deduction - Hierarchy,VarChar,"Y) Yes
N) No",1,,N,,
AADM,useDocWrf,Doc. Confirmation,VarChar,"Y) Yes
N) No",1,,N,,
AADM,BtchStatus,Default for Batch Status,VarChar,"0
1) Not Accessible
2) Locked",1,,0,,
AADM,OrderBatch,Manage Orders in Batches,VarChar,"Y) Yes
N) No",1,,Y,,
AADM,GLMethod,Set G/L Account By,VarChar,"W) Warehouse
C) Item Group
L) Item Level",1,,W,,
AADM,SetSriUniq,Set Unique Serial No.,VarChar,"Y) Yes
N) No",1,,N,,
AADM,SriUniqFld,Unique Serial No.,VarChar,"0
2) Mfr Serial No.
3) Serial Number
4) Lot Number",1,,3,,
AADM,MaxHistory,Max. History,Int,,11,,99,,
AADM,TaxRateDet,Tax Rate Determination,VarChar,"P) Posting Date
D) Document Date",1,,P,,
AADM,RefreshQty,Refresh in Whse Qty in DI,VarChar,"Y) Yes
N) No",1,,N,,
AADM,StockNoBas,Stock No. Base,VarChar,,1,,,,
AADM,MaxCntRows,Allowed Max Rows in Counting,Int,,11,,10000,,
AADM,CentPmtInc,Enable Incom. Centralized Payt,VarChar,"N) No
Y) Yes",1,,N,,
AADM,CentPmtOut,Enable Outg. Centralized Payt,VarChar,"N) No
Y) Yes",1,,N,,
AADM,ChCtrAPAct,Change Def. Recon. A/P Accts,VarChar,"Y) Yes
N) No",1,,N,,
AADM,ChCtrARAct,Change Def. Recon. A/R Accounts,VarChar,"Y) Yes
N) No",1,,N,,
AADM,PACUsrName,PAC User Name,nVarChar,,100,,,,
AADM,PACPasswrd,PAC Password,nVarChar,,100,,,,
AADM,CaredType,BP Type Code,nVarChar,"01) 01
04) 04
15) 15
71) 71
73) 73
75) 75",2,,,,
AADM,PBSNumber,PBS Number,nVarChar,,8,,,,
AADM,PBSGroupNo,PBS Group Number,nVarChar,,5,,,,
AADM,OrgNumber,Organization Number,nVarChar,,100,,,,
AADM,ActSep,Account Segments Separator,VarChar,,1,,,,
AADM,DspBokpWin,Display Bookkeeping Window,VarChar,"Y) Yes
N) No",1,,N,,
AADM,SHandleWT,Withholding Tax,VarChar,"Y) Yes
N) No",1,,N,,
AADM,SDfltWT,Default Withholding Tax Code,nVarChar,,4,OWHT,,,
AADM,IncresGlAc,G/L Increase Account,nVarChar,"Y) Yes
N) No",15,OACT,,,
AADM,PHandleWT,Withholding Tax,VarChar,,1,,,,
AADM,PDfltWT,Default Withholding Tax Code,nVarChar,,4,OWHT,,,
AADM,ExWTLiabl,WTax Liable Expense,VarChar,"Y) Yes
N) No",1,,N,,
AADM,EDocSeqNum,Electronic Document Sequence Number,Int,,11,,1,,
AADM,AllowPostZ,Allow Inb. Pstng W/o a Price,VarChar,"Y) Yes
N) No",1,,N,,
AADM,PostDiffR,Display in Red Greater Than %,Num,5) Variance Percentage Default Value,20,,5,,
AADM,EnableRO,Enable Release Only Snb in Pst,VarChar,"Y) Yes
N) No",1,,N,,
AADM,UalLastDel,Last Delete Date on Table OUAL,Date,,8,,,,
AADM,UalKeepDay,Days for keeping data on OUAL,Int,,11,,30,,
AADM,NegAmount,Use Negative Amounts,VarChar,"Y) Yes
N) No",1,,Y,,
AADM,EnbDocOpt,Enable Document Optimization,VarChar,"Y) Yes
N) No",1,,Y,,
AADM,HldCode,Free57,nVarChar,,20,OHLD,,,
AADM,AlphaDoc,Free58,VarChar,"N) No
Y) Yes",1,,N,,
AADM,free62,Free62,VarChar,,1,,,,
AADM,free63,Free63,VarChar,,1,,,,
AADM,free64,Free64,VarChar,,1,,,,
AADM,free65,Free65,VarChar,,1,,,,
AADM,OrderBlock,Order Block,VarChar,,1,,,,
AADM,RoundMthd,Rounding Method,VarChar,"Y) Yes
N) No",1,,N,,
AADM,AdrsFromWH,Free63,VarChar,"Y) Yes
N) No",1,,Y,,
AADM,OrderParty,Ordering Party,nVarChar,,30,,,,
AADM,CrtfcateNO,Certificate No.,nVarChar,,20,,,,
AADM,ExpireDate,Expiration Date,Date,,8,,,,
AADM,NINum,National Insurance No.,nVarChar,,20,,,,
AADM,free66,Free66,VarChar,,1,,,,
AADM,free67,Free67,VarChar,,1,,,,
AADM,CfwAsnMust,CFW Assignment Mandatory [Y/N],VarChar,"N) No
Y) Yes",1,,Y,,
AADM,CfwInDflt,Incoming Payment Draft CF Item,Int,,11,,,,
AADM,CfwOutDflt,Outgoing Payment Dflt CFW Item,Int,,11,,,,
AADM,free68,Free68,VarChar,,1,,,,
AADM,free69,Free69,VarChar,,1,,,,
AADM,TaxRegime,Tax Regime,nVarChar,,100,,,,
AADM,AliasName,Alias Name,Text,,16,,,,
AADM,DftJPELine,Default Line For Local Area,VarChar,,1,,,,
AADM,RdrConfrmd,Confirmed Sales Order,VarChar,"Y) Yes
N) No",1,,Y,,
AADM,PorConfrmd,Confirmed Purchase Order,VarChar,"Y) Yes
N) No",1,,Y,,
AADM,free71,Free71,VarChar,,1,,,,
AADM,free72,Free72,VarChar,,1,,,,
AADM,ChfAcc,Chief Accountant,Int,,11,OHEM,,,
AADM,TaxMethod,Taxation Method,VarChar,"0
1) On Payment",1,,,,
AADM,CEO,CEO,Int,,11,OHEM,,,
AADM,free73,Free73,VarChar,,1,,,,
AADM,free74,Free74,VarChar,,1,,,,
AADM,RndToTDec,Round VAT to Tenths,VarChar,"Y) Yes
N) No",1,,N,,
AADM,SDfltITWT,Default Income Tax WTax Code,nVarChar,,4,OWHT,,,
AADM,PDfltITWT,Default Income Tax WTax Code,nVarChar,,4,OWHT,,,
AADM,free75,Free75,VarChar,,1,,,,
AADM,free76,Free76,VarChar,,1,,,,
AADM,DfActCurr,Default Account Currency,VarChar,"Y) All Currencies
N) Local Currency",1,,Y,,
AADM,defTaxVend,Deferred Tax for Vendors,VarChar,"Y) Yes
N) No",1,,N,,
AADM,free77,Free77,VarChar,,1,,,,
AADM,free78,Free78,VarChar,,1,,,,
AADM,free79,Free79,VarChar,,1,,,,
AADM,free80,Free80,VarChar,,1,,,,
AADM,free89,Free89,VarChar,,1,,,,
AADM,AutoVat,Free77,VarChar,"Y) Yes
N) No",1,,N,,
AADM,ConsumeFCT,Consumer Forecast,VarChar,"Y) Yes
N) No",1,,Y,,
AADM,ConsumeMtd,Consumption Method,VarChar,"B) Backward-Forward
F) Forward-Backward",1,,B,,
AADM,DaysBack,Days Backward,Int,,11,,7,,
AADM,DaysFwrd,Days Forward,Int,,11,,7,,
AADM,IsPAPrn,Panama Printer Connected,VarChar,"Y) Yes
N) No",1,,N,,
AADM,free82,Free82,VarChar,,1,,,,
AADM,TaxCodeCst,Def. Tax Code (New Customers),nVarChar,,8,OSTC,,,
AADM,TaxCodeVnd,Def. Tax Code (New Vendors),nVarChar,,8,OSTC,,,
AADM,State,Status,nVarChar,,3,OCST,,,
AADM,CharMonth,Number of Characters in Month,Int,,11,,,,
AADM,free83,Free83,VarChar,,1,,,,
AADM,free84,Free84,VarChar,,1,,,,
AADM,free85,Free85,VarChar,,1,,,,
AADM,free86,Free86,VarChar,,1,,,,
AADM,AltBOEPost,Active Alternative BOE Post,VarChar,"Y) Yes
N) No",1,,N,,
AADM,LDiscTotal,Free83,VarChar,"Y) Yes
N) No",1,,Y,,
AADM,Code,Code,Int,,11,,1,PRIMARY,Yes
AADM,DfltDunTrm,Default Dunning Terms,nVarChar,,25,ODUT,,,
AADM,Profession,Profession,nVarChar,,50,,,,
AADM,free88,Free88,VarChar,,1,,,,
AADM,DfltCDP,Default Closing Date Procedure,Int,,6,,-1,,
AADM,LogInstanc,Log Instance,Int,,11,,0,,
AADM,UpdateDate,Update Date,Date,,8,,,,
AADM,UserSign,User Signature,Int,,6,OUSR,,,
AADM,DflBCACode,Free88,nVarChar,,3,OBCA,,,
AADM,IgrAllCash,Ignore All Cash Flow Relevant,VarChar,"Y) Yes
N) No",1,,Y,,
AADM,TaxPayerRf,Log Instance,nVarChar,,32,,,,
AADM,EmployerRf,Employer's Reference,nVarChar,,32,,,,
AADM,PStatAutCh,Period Status Automatic Change,VarChar,"Y) Yes
N) No",1,,Y,,
AADM,PStatDelay,Period Status Change Delay,Int,,6,,1,,
AADM,RepBusType,Reporting Business Type,nVarChar,"Y) Yes
N) No
1) Industrial
2) Commercial
3) Service Provider
9) Other
4) Contractor",2,,2,,
AADM,RepBusOthr,Unique Taxpayer Ref. (UTR),nVarChar,,32,,,,
AADM,BrachNum,Branch Number,nVarChar,,4,,,,
AADM,BuisnesDsc,Business Description,nVarChar,"Y) Yes
N) No",50,,,,
AADM,ReptMethod,Reporting Method,nVarChar,"1) Cash
2) Cumulative
3) US Dollar Regulation",2,,2,,
AADM,AcctMethod,Accounting Method,nVarChar,"1) Unilateral
2) Double",2,,2,,
AADM,Bookpitype,Bookkeeping Type,nVarChar,"1) Manual
2) Computerized
3) Mixed",2,,2,,
AADM,ActSoftNam,Accounting Software Name,nVarChar,,100,,,,
AADM,OpnClsRmrk,Copy Opening/Closing Remarks,VarChar,"Y) Yes
N) No",1,,Y,,
AADM,TaxRndRule,Default Tax Rounding Rule,VarChar,"R) Round Off
C) Round Up
F) Round Down",1,,,,
AADM,NegTax,Allow Neg. Tax Amt in Returns,VarChar,"Y) Yes
N) No",1,,N,,
AADM,ZeroLine,Allow Zero Amt Row in JE,VarChar,"Y) Yes
N) No",1,,Y,,
AADM,GBOpenFile,Open GBI File After Export,VarChar,"Y) Yes
N) No",1,,N,,
AADM,GBIntface,GBI enabled,VarChar,"Y) Yes
N) No",1,,N,,
AADM,DfltCDPV,Default A/P Closing Date Proc.,Int,,6,,-1,,
AADM,OnHldPert,Capital Goods On Hold Percent.,Num,,20,,,,
AADM,WTRndRule,Default WTax Rounding Rule,VarChar,"R) Round Off
C) Round Up
F) Round Down",1,,,,
AADM,GPPrcntSrv,Default GP % in Service Doc.,Num,,20,,,,
AADM,DspFrznBP,Display Inactive BPs in Rpt,VarChar,"Y) Yes
N) No",1,,Y,,
AADM,DspFrznITM,Display Inactive Items in Rpt,VarChar,"Y) Yes
N) No",1,,Y,,
AADM,WTAccumAmt,Accum. Amount for WTax on AP,Num,,20,,,,
AADM,NewDPRCus,Hide Dpm Invoice,VarChar,"Y) Yes
N) No",1,,Y,,
AADM,ServNature,Service Nature,VarChar,,1,,,,
AADM,PickLimit,Restrict Pick List,VarChar,"Y) Yes
N) No",1,,N,,
AADM,WTAccAmtAR,Accum. Amount for WTax on AR,Num,,20,,,,
AADM,UseProdPL,Use Production P&L Accounts,VarChar,"N) Use Balance Sheet Only
Y) Use Balance Sheet and Profit and Loss Account",1,,N,,
AADM,QueryDec,Calculated Query Accuracy,Int,,6,,,,
AADM,ExRtDefTax,Exchange Rate on Deferred Tax,VarChar,"Y) Yes
N) No",1,,N,,
AADM,BoletoPath,Boleto Path,Text,,16,,,,
AADM,UserSign2,Updating User,Int,,6,OUSR,,,
AADM,MMLastImpD,Last Import File Date,Date,,8,,,,
AADM,CpyExhRate,Copy Exchange Rate in Copy To,VarChar,"Y) Yes
N) No",1,,N,,
AADM,MapService,Map Service,Int,,11,OMPS,-1,,
AADM,ODWFreq,Open Doc. Refresh Frequency,Int,,11,,30,,
AADM,GTSOutPath,GTS Outbound Path,Text,,16,,,,
AADM,UseMltDims,Use Multidimensions,VarChar,"Y) Yes
N) No",1,,Y,,
AADM,MDStyle,Multidimensions Display Style,VarChar,"U) Unified
S) Separate",1,,U,,
AADM,GTSInPath,GTS Inbound Path,Text,,16,,,,
AADM,GTSSep,GTS Separator,nVarChar,,10,,,,
AADM,GTSDftChk,GTS Default Checker,Int,,11,OHEM,,,
AADM,GTSDftPye,GTS Default Payee,Int,,11,OHEM,,,
AADM,GTSMaxAmt,GTS Max. Amount,Num,,20,,,,
AADM,RspOverAmt,Response to Exceeding Amount,VarChar,"B) Block
S) Split",1,,B,,
AADM,DRBlock1,Distribution Rule: Block 1,VarChar,"N) Without Warning
B) Block Posting",1,,N,,
AADM,DRBlock2,Distribution Rule: Block 2,VarChar,"N) Without Warning
B) Block Posting",1,,N,,
AADM,DRBlock3,Distribution Rule: Block 3,VarChar,"N) Without Warning
B) Block Posting",1,,N,,
AADM,DRBlock4,Distribution Rule: Block 4,VarChar,"N) Without Warning
B) Block Posting",1,,N,,
AADM,DRBlock5,Distribution Rule: Block 5,VarChar,"N) Without Warning
B) Block Posting",1,,N,,
AADM,PrjBlock,Project Block,VarChar,"N) Without Warning
B) Block Posting",1,,N,,
AADM,SimReport,Simulation Report,VarChar,"Y) Yes
N) No",1,,N,,
AADM,SnapShotId,Snapshot ID,Int,,11,,0,,
AADM,BackOrder,Pick and Pack Back Order,VarChar,"Y) Yes
N) No",1,,N,,
AADM,HQLocation,Headquarters Location,VarChar,"B)
C) Continent
M) Madeira
A) Azores",1,,B,,
AADM,DigCrtPath,Digital Certificate Path,Text,,16,,,,
AADM,DflWTS,Default E-Tax Web Site,Int,,6,,-1,,
AADM,EnbApprDI,Enable DI Approval Procedure,VarChar,"Y) Yes
N) No",1,,N,,
AADM,ChBPSerie,Verify Non-manual BP Series,VarChar,"Y) Yes
N) No",1,,N,,
AADM,ChItmSerie,Verify Non-manual ITM Series,VarChar,"Y) Yes
N) No",1,,N,,
AADM,ETRTaxOffi,ETR Tax Office,Int,,11,,0,,
AADM,ETRTaxPers,ETR Tax Person Type,VarChar,"T) VAT Payer
R) Another Person Registered for Tax
S) Person required to submit a tax declaration/return according to section 78, paragraphs 3, 4, and 9
D) Taxable person according to section 3, subsection 5, when applying a tax deduction
I) Tax agent when importing goods according to section 69",1,,,,
AADM,EDocExpFrm,Electronic Doc. Export Format,Int,,11,,,,
AADM,PCN874RTyp,PCN874 Report Type,VarChar,"1) Registered Business
6) Finan. Institution/Non-Profit Org.",1,,1,,
AADM,BTWDecProv,BTW Declaration Provider,nVarChar,"BPL) BPL
INT) INT",3,,BPL,,
AADM,BTWDcPrvID,BTW Declaration Provider ID,nVarChar,,100,,,,
AADM,BTWName,BTW Name,nVarChar,,100,,,,
AADM,BTWStreet,BTW Street,nVarChar,,100,,,,
AADM,BTWCity,BTW City,nVarChar,,100,,,,
AADM,BTWZip,BTW ZIP Code,nVarChar,,30,,,,
AADM,BTWPhone,BTW Phone Number,nVarChar,,100,,,,
AADM,BTWOB,BTW OB ID,Int,,11,,1,,
AADM,BTWICP,BTW ICL ID,Int,,11,,1,,
AADM,BTWOBFmt,ETR Telephone Number,Int,,11,,,,
AADM,BTWICPFmt,BTW ICP Mapping Format,Int,,11,,,,
AADM,ETRPhoneNo,ETR Telephone Number,nVarChar,,20,,,,
AADM,EDTestMode,Electronic Document Test Mode,VarChar,"Y) Yes
N) No",1,,N,,
AADM,EDocGenTyp,El. Doc. Default Gen. Type,VarChar,"G) Generate
L) Generate - Later
N) Not Relevant",1,,N,,
AADM,EDocRptFmt,El. Document Report Format,Int,,11,,,,
AADM,InputMsg,El. Doc. Input Message Format,Int,,11,,,,
AADM,EDProcess,Electronic Document Process,VarChar,"C) CFD
I) CFDI",1,,I,,
AADM,PAC,PAC,nVarChar,,20,OPAC,XML,,
AADM,NotifAlert,Notification by Alert,VarChar,"Y) Yes
N) No",1,,Y,,
AADM,NotifEmail,Notification by E-Mail,VarChar,"Y) Yes
N) No",1,,N,,
AADM,EDocUDQCat,Free58,Int,,11,,,,
AADM,EOutputPth,Free58,Text,,16,,,,
AADM,EDelDocFrm,Electronic Delivery Doc. Export Format,Int,,11,,,,
AADM,free22,Free22,VarChar,,1,,,,
AADM,free21,Free21,VarChar,,1,,,,
AADM,ETRFaxNo,ETR Fax Number,nVarChar,,20,,,,
AADM,ETRMgrPhn,ETR Manager's Phone Number,nVarChar,,20,,,,
AADM,EDFormat,Electronic Document Format,Int,,11,OLLF,,,
AADM,AIDFormat,Annual Invoice Decl. Format,Int,,11,OLLF,,,
AADM,CrtLineRFQ,Create Online Quotation,VarChar,"Y) Yes
N) No",1,,N,,
AADM,DflJET,Default JE Type,nVarChar,,60,OJET,,,
AADM,OnlyPaidIn,Display Only Paid Reserve Inv.,VarChar,"N) No
Y) Yes",1,,N,,
AADM,PDDEnabled,Payments Due Date Enabled,VarChar,,1,,N,,
AADM,MaxDays4DD,Max. Allowed Range for Due Dte,Int,,11,,0,,
AADM,AutoAddUoM,Auto. Add UoMs to Items,VarChar,"Y) Enabled
N) Disabled",1,,Y,,
AADM,AutoAddPkg,Auto. Add Pkgs to Items,VarChar,"Y) Enabled
N) Disabled",1,,Y,,
AADM,BinActivat,Has Whse Bin Activated [Y/N],VarChar,"Y) Yes
N) No",1,,N,,
AADM,IssuePriBy,Issue Primarily By SnB or Bin,Int,"0
1) Issue Primarily By Bin Location",6,,0,,
AADM,InstFixAst,Enable Fixed Assets,VarChar,"Y) Yes
N) No",1,,N,,
AADM,DeprecCalc,Depreciation Calculation,VarChar,"M) Month
D) Day",1,,M,,
AADM,FixAstMod,Fixed Asset Mode,VarChar,"P) Production
T) Transfer",1,,P,,
AADM,SopPath,Solution Packager Exe. Path,Text,,16,,,,
AADM,NewAcctDe,New G/L Account Determination,VarChar,"Y) Yes
N) No",1,,N,,
AADM,ClnZeroPln,Clean Zero Price Row in ITM1,VarChar,"N) No
Y) Yes",1,,N,,
AADM,CmdDisBoth,Display Both Related Docs.,VarChar,"Y) Yes
N) No",1,,Y,,
AADM,CnclMaxDay,Max. No. of Days For Cancel,Int,,11,,,,
AADM,AttachPath,Attachment Path,Text,,16,,,,
AADM,ConfigPath,Configuration Path,Text,,16,,,,
AADM,WrkshtPath,Worksheet Path,Text,,16,,,,
AADM,ICDifExPe1,Single Count Variance (%),Num,5) Single Counting Type - Default Variance Percentage,20,,5,,
AADM,ICDifExPe2,Multiple Count Max. Variance (%),Num,5) Multiple Counting Type - Default Max Variance Percentage,20,,5,,
AADM,ClsZoDiffR,Close Rows Cont. Zero Diff.,VarChar,"Y) Yes
N) No",1,,Y,,
AADM,ClsNoConfi,Close Without Confirmation,VarChar,"Y) Enabled
N) Disabled",1,,N,,
AADM,DTWPath,DTW Exe. Path,Text,,16,,,,
AADM,DfltByEml,Default by E-Mail,VarChar,"E) E-Mail
O) Outlook E-Mail",1,,E,,
AADM,free46,Free46,VarChar,,1,,,,
AADM,INVOBPrice,Inventory OB Price Zero,VarChar,"N) No
Y) Yes",1,,N,,
AADM,SplitFBSh,Split Fix Balance Sheet [Y/N],VarChar,,1,,N,,
AADM,NotifyRqr,Notify Requester,VarChar,,1,,N,,
AADM,DeactivFA,Deactivate Asset When End Life,VarChar,"N) No
Y) Yes",1,,N,,
AADM,CshDctFA,CM for Payment Cash Discount,VarChar,"N) No
Y) Yes",1,,N,,
AADM,SendAlert,Send Internal Message,VarChar,,1,,N,,
AADM,BdgtPRQDOC,Block Purchase Request,VarChar,"Y) Yes
N) No",1,,N,,
AADM,IsReuseNum,Enable Document Number Reuse,VarChar,"N) No
Y) Yes",1,,N,,
AADM,IsReuseNFN,Enable Nota Fiscal No. Reuse,VarChar,"N) No
Y) Yes",1,,N,,
AADM,SIPLReport,Show Inactive PL in Reports,VarChar,"Y) Yes
N) No",1,,N,,
AADM,SIPLDoc,Show Inactive PL in Docs,VarChar,"Y) Yes
N) No",1,,N,,
AADM,SIPLSeting,Show Inactive PL in Settings,VarChar,"Y) Yes
N) No",1,,N,,
AADM,PriceProcM,On Change UoM Conversion Rules,VarChar,"R) Remove UoM Prices
U) Update UoM Prices Accordingly
L) Keep Corresponding UoM Prices Unchanged
K) Keep All UoM Prices Unchanged",1,,U,,
AADM,ChkQtyINV,Enable Check Quantity in INV,VarChar,"Y) Yes
N) No",1,,N,,
AADM,EnbAdvATP,Enable Advanced ATP,VarChar,"Y) Yes
N) No",1,,N,,
AADM,EnblCase,Enable Case Sensitivity,VarChar,"N) No
Y) Yes",1,,N,,
AADM,EnbSupplC,Enable Supplementary Code,VarChar,"Y) Yes
N) No",1,,Y,,
AADM,MBAOnPer,Allow Multiple BAs for Period,VarChar,"N) No
Y) Yes",1,,N,,
AADM,MBAOnAP,Block Multiple BAs for AP Doc.,VarChar,"N) No
Y) Yes",1,,N,,
AADM,MBAOnAR,Block Multiple BAs for AR Doc.,VarChar,"N) No
Y) Yes",1,,N,,
AADM,ApyBsActSP,Apply Active Special Prices,VarChar,"Y) Yes
N) No",1,,N,,
AADM,ApyBsActPV,Apply Active Period and Volume,VarChar,"Y) Yes
N) No",1,,N,,
AADM,ApyBsActPL,Apply Active Price Lists,VarChar,"Y) Yes
N) No",1,,N,,
AADM,IsUpdNstdB,Update Non-Std Based Prices,VarChar,"Y) Yes
N) No",1,,N,,
AADM,SnBDfltSB,SnB Default Eval. System SB,VarChar,"Y) Yes
N) No",1,,N,,
AADM,OneBOneRec,One Batch One Receipt,VarChar,"Y) Yes
N) No",1,,N,,
AADM,ReptCurrcy,R6111 Report Currency,nVarChar,"1) Amounts in NIS
2) Amounts in USD",2,,1,,
AADM,ICDifExPe3,Multiple Count Vldt. Variance (%),Num,5) Multiple Counting Type - Default Individual Counter Variance Percentage,20,,5,,
AADM,INCSingToV,Copy Single Counter to Validt.,VarChar,"Y) Yes
N) No",1,,Y,,
AADM,POrCByINC,Posting or Create Date by INC,VarChar,"Y) Based on Posting Date
N) Based on Creation Date",1,,N,,
AADM,EnbNegPym,Enable Negative Payment,VarChar,"Y) Yes
N) No",1,,N,,
AADM,SirenNo,Siren Number,nVarChar,,9,,,,
AADM,SEPACredID,SEPA Creditor ID,nVarChar,,35,,,,
AADM,InstitCode,Institution Code,nVarChar,"10) Secretaria da Receita Federal do Brasil
20) Banco Central do Brasil (COSIF)",2,,,,
AADM,ECDFormat,ECD File Format,Int,,11,OLLF,,,
AADM,ApyDRinPEC,Apply DR in Period End Closing,VarChar,"Y) Yes
N) No",1,,N,,
AADM,ApyPRinPEC,Apply PJ in Period End Closing,VarChar,"Y) Yes
N) No",1,,N,,
AADM,TaxPyerSta,TAX_PAYER_STATUS,nVarChar,,2,,,,
AADM,MaxINVRptR,Allowed Rows in INC Trans Rpt,Int,,11,,85000,,
AADM,DftResWhs,Default Resource Warehouse,nVarChar,,8,,,,
AADM,AutoResWhs,Auto Add All Warehouses to New Resources,VarChar,"Y) Yes
N) No",1,,Y,,
AADM,InActRpt,Inactive Reports,VarChar,"Y) Yes
N) No",1,,Y,,
AADM,InActMkt,Inactive Marketing Documents,VarChar,"Y) Yes
N) No",1,,Y,,
AADM,InActPln,Inactive Price Lists,VarChar,"Y) Yes
N) No",1,,Y,,
AADM,StartFrom,Start From,VarChar,"1) Today
2) Month Start
3) Month End",1,,1,,
AADM,Months,Months,Int,,6,,1,,
AADM,Days,Days,Int,,6,,0,,
AADM,JEInFATran,Always Create JE in Transfer,VarChar,"Y) Yes
N) No",1,,N,,
AADM,TPLId,UI Template ID,Int,,6,UICU,,,
AADM,TxtSrch,Text Search,VarChar,"Y) Yes
N) No",1,,N,,
AADM,ApyIBtoACT,Apply IBAN Vldt. to Bank Acct,VarChar,"Y) Yes
N) No",1,,N,,
AADM,JeUnGroup,Journal Entry Lines Ungrouping,VarChar,,1,,N,,
AADM,IgnoreAdde,Impresión de documento sin Addenda,VarChar,"Y) Yes
N) No",1,,N,,
