SAP_Table,Field,Description,Type,Constraints,Size,Related,Default,Primary_key,Unique
AADT,Code,Code,nVarChar,,15,,,PRIMARY,Yes
AADT,Descr,Description,nVarChar,,100,,,,
AADT,BalanceAct,Asset Balance Sheet Account,nVarChar,,15,OACT,,,
AADT,ClrAcqAct,Acquisition Clearing Account,nVarChar,,15,OACT,,,
AADT,RevResvAct,Revaluation Reserve,nVarChar,,15,OACT,,,
AADT,OrdDprAct,Ordinary Depreciation,nVarChar,,15,OACT,,,
AADT,OrdDprAcc,Accumulated Ordinary Depr.,nVarChar,,15,OACT,,,
AADT,UnpDprAct,Unplanned Depreciation,nVarChar,,15,OACT,,,
AADT,UnpDprAcc,Accumulated Unplanned Depr.,nVarChar,,15,OACT,,,
AADT,SpDprAct,Special Depreciation,nVarChar,,15,OACT,,,
AADT,SpDprAcc,Accumulated Special Depr.,nVarChar,,15,OACT,,,
AADT,SaRevNAct,Revenue from Asset Sales (Net),nVarChar,,15,OACT,,,
AADT,ReExpNAct,Retirement with Expense (Net),nVarChar,,15,OACT,,,
AADT,ReRevNAct,Retirement with Revenue (Net),nVarChar,,15,OACT,,,
AADT,ReNBVeAct,NBV Retirement Expense (Gross),nVarChar,,15,OACT,,,
AADT,ReNBVrAct,NBV Retirement Revenue (Gross),nVarChar,,15,OACT,,,
AADT,ClrDscAct,Cash Discount Clearing Account,nVarChar,,15,OACT,,,
AADT,RevReAct,Revenue Account for Retirement,nVarChar,,15,OACT,,,
AADT,DataSource,Data Source,VarChar,"N) Unknown
I) Interface
U) Update
M) Import
O) DI API
A) Doc. Generation Wizard
D) Restore Wizard
P) Partner Implementation
T) Year Transfer",1,,N,,
AADT,UserSign,User Signature,Int,,6,OUSR,,,
AADT,LogInstanc,Log Instance,Int,,11,,0,,
AADT,CreateDate,Creation Date,Date,,8,,,,
AADT,UserSign2,Updating User,Int,,6,,,,
AADT,UpdateDate,Date of Update,Date,,8,,,,
AADT,ClearAccRe,Revenue Clearing Account,nVarChar,,15,OACT,,,
AADT,RevResvClr,Revaluation Reserve Clearing,nVarChar,,15,OACT,,,
AADT,SnapshotId,Snapshot ID,Int,,11,,0,,
