SAP_Table,Field,Description,Type,Constraints,Size,Related,Default,Primary_key,Unique
ABAT,AbsEntry,Internal Number,Int,,11,,,PRIMARY,Yes
ABAT,FldAbs,Bin Field Conf. Internal Number,Int,,11,OBFC,,,
ABAT,AttrValue,Code,nVarChar,,20,,,,
ABAT,DataSource,Data Source,VarChar,,1,,N,,
ABAT,UserSign,User Signature,Int,,6,OUSR,,,
ABAT,Transfered,Year Transfer [Y/N],VarChar,,1,,N,,
ABAT,Instance,Instance,Int,,6,,0,,
ABAT,LogInstanc,Log Instance,Int,,11,,0,,
ABAT,CreateDate,Create Date,Date,,8,,,,
ABAT,UserSign2,Updating User,Int,,6,OUSR,,,
ABAT,UpdateDate,Date of Update,Date,,8,,,,
ABAT,Deleted,Deleted,VarChar,,1,,N,,
