SAP_Table,Field,Description,Type,Constraints,Size,Related,Default,Primary_key,Unique
ABFC,AbsEntry,Internal Number,Int,,11,,,PRIMARY,Yes
ABFC,FldType,Field Type,VarChar,"S) Warehouse Sublevel
A) Bin Location Attribute",1,,,,
ABFC,FldNum,Field Number,Int,,6,,,,
ABFC,DispName,Display Name,nVarChar,,20,,,,
ABFC,Activated,Active [Y/N],VarChar,"Y) Yes
N) No",1,,N,,
ABFC,UserSign,User Signature,Int,,6,OUSR,,,
ABFC,DataSource,Data Source,VarChar,"N) Unknown
I) Interface
U) Update
M) Import
O) DI API
A) Doc. Generation Wizard
D) Restore Wizard
P) Partner Implementation
T) Year Transfer",1,,N,,
ABFC,Transfered,Year Transfer [Y/N],VarChar,,1,,N,,
ABFC,Instance,Instance,Int,,6,,0,,
ABFC,LogInstanc,Log Instance,Int,,11,,0,,
ABFC,CreateDate,Creation Date,Date,,8,,,,
ABFC,UserSign2,Updating User,Int,,6,OUSR,,,
ABFC,UpdateDate,Date of Update,Date,,8,,,,
ABFC,DftName,Default Field Name,nVarChar,,20,,,,
