SAP_Table,Field,Description,Type,Constraints,Size,Related,Default,Primary_key,Unique
ABIN,AbsEntry,Internal Number,Int,,11,,,PRIMARY,Yes
ABIN,BinCode,Bin Location Code,nVarChar,,127,,,,
ABIN,WhsCode,Warehouse Code,nVarChar,,8,OWHS,,,
ABIN,SysBin,System Bin,VarChar,"Y) Yes
N) No",1,,N,,
ABIN,SL1Abs,Sublevel-1 Internal Number,Int,,11,OBSL,,,
ABIN,SL1Code,Sublevel-1 Code,nVarChar,,50,,,,
ABIN,SL2Abs,Sublevel-2 Internal Number,Int,,11,OBSL,,,
ABIN,SL2Code,Sublevel-2 Code,nVarChar,,50,,,,
ABIN,SL3Abs,Sublevel-3 Internal Number,Int,,11,OBSL,,,
ABIN,SL3Code,Sublevel-3 Code,nVarChar,,50,,,,
ABIN,SL4Abs,Sublevel-4 Internal Number,Int,,11,OBSL,,,
ABIN,SL4Code,Sublevel-4 Code,nVarChar,,50,,,,
ABIN,Attr1Abs,Attribute-1 Internal Number,Int,,11,OBAT,,,
ABIN,Attr1Val,Attribute-1 Value,nVarChar,,20,,,,
ABIN,Attr2Abs,Attribute-2 Internal Number,Int,,11,OBAT,,,
ABIN,Attr2Val,Attribute-2 Value,nVarChar,,20,,,,
ABIN,Attr3Abs,Attribute-3 Internal Number,Int,,11,OBAT,,,
ABIN,Attr3Val,Attribute-3 Value,nVarChar,,20,,,,
ABIN,Attr4Abs,Attribute-4 Internal Number,Int,,11,OBAT,,,
ABIN,Attr4Val,Attribute-4 Value,nVarChar,,20,,,,
ABIN,Attr5Abs,Attribute-5 Internal Number,Int,,11,OBAT,,,
ABIN,Attr5Val,Attribute-5 Value,nVarChar,,20,,,,
ABIN,Attr6Abs,Attribute-6 Internal Number,Int,,11,OBAT,,,
ABIN,Attr6Val,Attribute-6 Value,nVarChar,,20,,,,
ABIN,Attr7Abs,Attribute-7 Internal Number,Int,,11,OBAT,,,
ABIN,Attr7Val,Attribute-7 Value,nVarChar,,20,,,,
ABIN,Attr8Abs,Attribute-8 Internal Number,Int,,11,OBAT,,,
ABIN,Attr8Val,Attribute-8 Value,nVarChar,,20,,,,
ABIN,Attr9Abs,Attribute-9 Internal Number,Int,,11,OBAT,,,
ABIN,Attr9Val,Attribute-9 Value,nVarChar,,20,,,,
ABIN,Attr10Abs,Attribute-10 Internal Number,Int,,11,OBAT,,,
ABIN,Attr10Val,Attribute-10 Value,nVarChar,,20,,,,
ABIN,Disabled,Inactive,VarChar,"Y) Yes
N) No",1,,N,,
ABIN,Descr,Description,nVarChar,,50,,,,
ABIN,BarCode,Bar Code,nVarChar,,100,,,,
ABIN,AltSortCod,Alternative Sort Code,nVarChar,,50,,,,
ABIN,ItmRtrictT,Item Restriction Type,Int,"0
1) Specific Item
2) Single Item Only
3) Specific Item Group
4) Single Item Group Only",6,,0,,
ABIN,SpcItmCode,Specific Item Code,nVarChar,,20,OITM,,,
ABIN,SpcItmGrpC,Specific Item Group Code,Int,,6,OITB,,,
ABIN,SngBatch,Batch Restriction,VarChar,"N) None
Y) Single Batch",1,,N,,
ABIN,RtrictType,Restricted Transactions Type,Int,"0
1) All Transactions
2) Inbound Transactions
3) Outbound Transactions
4) All Except Inventory Transfer and Counting Transactions",6,,0,,
ABIN,RtrictResn,Reason for Restriction,nVarChar,,127,,,,
ABIN,RtrictDate,Last Updated On,Date,,8,,,,
ABIN,DataSource,Data Source,VarChar,,1,,N,,
ABIN,UserSign,User Signature,Int,,6,OUSR,,,
ABIN,Transfered,Year Transfer [Y/N],VarChar,,1,,N,,
ABIN,Instance,Instance,Int,,6,,0,,
ABIN,LogInstanc,Log Instance,Int,,11,,0,,
ABIN,CreateDate,Create Date,Date,,8,,,,
ABIN,UserSign2,Updating User,Int,,6,OUSR,,,
ABIN,UpdateDate,Date of Update,Date,,8,,,,
ABIN,Deleted,Deleted,VarChar,,1,,N,,
ABIN,MinLevel,Minimum Qty,Num,,20,,,,
ABIN,MaxLevel,Maximum Qty,Num,,20,,,,
ABIN,ReceiveBin,Receiving Bin Location,VarChar,"Y) Yes
N) No",1,,N,,
ABIN,NoAutoAllc,Excl. fr. Auto Alloc. on Issue,VarChar,"Y) Yes
N) No",1,,N,,
ABIN,MaxWeight1,Maximum Weight 1,Num,,20,,,,
ABIN,Wght1Unit,Unit of Maximum Weight 1,Int,,6,OWGT,,,
ABIN,MaxWeight2,Maximum Weight 2,Num,,20,,,,
ABIN,Wght2Unit,Unit of Maximum Weight 2,Int,,6,OWGT,,,
