SAP_Table,Field,Description,Type,Constraints,Size,Related,Default,Primary_key,Unique
ABOE,BoeKey,Bill of Exchange Key,Int,,11,,,PRIMARY,Yes
ABOE,BoeNum,Bill of Exchange No.,Int,,11,,,BOE_NUM,Yes
ABOE,BoeStatus,Bill of Exchange Status,VarChar,"G) Generated
S) Sent
D) Deposited
P) Paid
C) Canceled
L) Closed
F) Failed
V) BoE to Vendor",1,,,,
ABOE,BoeType,Bill of Exchange Type,VarChar,"I) Incoming
O) Outgoing",1,,I,,
ABOE,DpsBankCod,Deposit Bank Code,nVarChar,,30,,,,
ABOE,DpsCntrCod,Deposit Country Code,nVarChar,,3,OCRY,,,
ABOE,DueDate,Bill of Exchange Due Date,Date,,8,,,,
ABOE,DpstAcct,Bank Account No.,nVarChar,,50,,,,
ABOE,DpstBranch,Branch for Payments,nVarChar,,50,,,,
ABOE,Details,Details,nVarChar,,50,,,,
ABOE,TransRef,Journal Entry Reference,nVarChar,,8,,,,
ABOE,PmntDate,Payment Date,Date,,8,,,,
ABOE,PmntNum,Payment No.,Int,,11,,,VPM_NUM,No
ABOE,BoeSum,Bill of Exchange Amount,Num,,20,,,,
ABOE,BoeSumSC,Bill of Exchange Amount (SC),Num,,20,,,,
ABOE,BoeSumFC,Bill of Exchange Amount (FC),Num,,20,,,,
ABOE,CardCode,BP Code,nVarChar,,15,OCRD,,,
ABOE,CardName,BP Name,nVarChar,,100,,,,
ABOE,BoeAcct,BP Account Code,nVarChar,,15,OACT,,,
ABOE,Currency,Bill of Exchange Currency,nVarChar,,3,OCRN,,,
ABOE,Printed,Printed,VarChar,"N) No
Y) Yes",1,,N,,
ABOE,TotalWords,Total in Words,nVarChar,,100,,,,
ABOE,Signature,Signature,nVarChar,,127,,,,
ABOE,TransNum,Transaction No.,Int,,11,,0,TRANS_NUM,No
ABOE,LinesSum,Row Totals,Num,,20,,,,
ABOE,DdctPrcnt,% Withholding Tax Ded.,Num,,20,,,,
ABOE,Address,Address,nVarChar,,127,,,,
ABOE,UpdateDate,Date of Update,Date,,8,,,,
ABOE,CreateDate,Creation Date,Date,,8,,,,
ABOE,VatTotal,Total Tax,Num,,20,,,,
ABOE,VatTotalSC,Total Tax (SC),Num,,20,,,,
ABOE,VatTotalFC,Total Tax (FC),Num,,20,,,,
ABOE,VatCalcult,Calculate Tax,VarChar,"Y) Yes
N) No",1,,N,,
ABOE,TaxDate,Document Date,Date,,8,,,,
ABOE,DataSource,Data Source,VarChar,"N) Unknown
I) Interface
U) Upgrade
M) Import
O) DI API
A) Doc. Generation Wizard
D) Restore Wizard
P) Partner Implementation
T) Year Transfer",1,,N,,
ABOE,SumRfndCln,Deduction Refund Amount,Num,,20,,,,
ABOE,UserSign,User Signature,Int,,6,OUSR,,,
ABOE,PrintedBy,Printed By,Int,,6,,,,
ABOE,Transfered,Transferred to next year,VarChar,"Y) Yes
N) No",1,,N,,
ABOE,Instance,Instance,Int,,6,,0,,
ABOE,LogInstanc,Log Instance,Int,,11,,0,,
ABOE,BPBankCod,BP Bank Code,nVarChar,,30,,,,
ABOE,BPBankNam,BP Bank Name,nVarChar,,127,,,,
ABOE,BPBankAct,BP Bank Account,nVarChar,,50,,,,
ABOE,BPBankBrnc,BP Bank Branch,nVarChar,,50,,,,
ABOE,BPBankCtr,BP Bank Country,nVarChar,,3,OCRY,,,
ABOE,RefNum,Reference No.,nVarChar,,127,,,,
ABOE,IsReconcld,Reconciled,VarChar,"N) No
Y) Yes",1,,N,,
ABOE,Comments,Remarks,nVarChar,,127,,,,
ABOE,PayMethCod,Payment Method Code,nVarChar,,15,OPYM,,,
ABOE,DepositNum,Deposit Number,Int,,11,,,DPS_NUM,No
ABOE,PymMethNam,Payment Method Name,nVarChar,,100,,,,
ABOE,DeductSum,Deduction Amount,Num,,20,,,,
ABOE,ControlKey,Control Key,nVarChar,,2,,,,
ABOE,AgentCode,Agent Code,nVarChar,,32,OAGP,,,
ABOE,ReconcilNu,External Reconciliation No.,Int,,11,,,,
ABOE,DepositTyp,Deposit Type,VarChar,"C) Collection
D) Discounted",1,,,,
ABOE,CreatStatu,Creation Status,VarChar,"G) Generated
S) Sent",1,,,,
ABOE,Ref2,Reference 2,nVarChar,,127,,,,
ABOE,PayEngSt1,Payment Engine Status 1,VarChar,,1,,,,
ABOE,PayEngSt2,Payment Engine Status 2,VarChar,,1,,,,
ABOE,PayEngSt3,Payment Engine Status 3,nVarChar,,3,,,,
ABOE,StampTax,Stamp Tax Code,nVarChar,,8,OVTG,,,
ABOE,StmpTxAmnt,Stamp Tax Amount,Num,,20,,,,
ABOE,DpsActKey,Bank Account Internal ID,Int,,11,DSC1,,,
ABOE,OutBnkKey,Outgoing Bank Account Key,Int,,11,DSC1,,,
ABOE,Portfolio,Portfolio,nVarChar,,8,OPFT,,,
ABOE,VndCodeCEE,Vendor Code,nVarChar,,15,OCRD,,,
ABOE,VndNameCEE,Vendor Name,nVarChar,,100,,,,
ABOE,OurNum,Our Number,Int,,11,,,,
ABOE,BarcodeNum,Bar Code Number,nVarChar,,120,,,,
ABOE,BarcodeRep,Bar Code Representation,nVarChar,,100,,,,
ABOE,OurNumChk,Our Number Check Digit,VarChar,,1,,,,
ABOE,FolioPref,Folio Prefix String,nVarChar,,4,,,,
ABOE,FolioNum,Folio Number,Int,,11,,,,
ABOE,LPgFolioN,Folio No. for Last Page in Doc.,Int,,11,,,,
ABOE,UserSign2,Updating User,Int,,6,OUSR,,,
ABOE,IntrstAmnt,Interest Amount,Num,,20,,,,
ABOE,DiscAmnt,Discount Amount,Num,,20,,,,
ABOE,FineAmnt,Fine Amount,Num,,20,,,,
ABOE,IntrstDate,BoE Interest Date,Date,,8,,,,
ABOE,DiscDate,BoE Discount Date,Date,,8,,,,
ABOE,FineDate,BoE Fine Date,Date,,8,,,,
ABOE,PostType,Posting Type,VarChar,"D) Default
A) Alternative",1,,,,
ABOE,IOFAmnt,IOF Amount,Num,,20,,,,
ABOE,ServFeeAm,Service Fee Amount,Num,,20,,,,
ABOE,OtherExAm,Other Expenses Amount,Num,,20,,,,
ABOE,OtherInAm,Other Incomes Amount,Num,,20,,,,
