SAP_Table,Field,Description,Type,Constraints,Size,Related,Default,Primary_key,Unique
ABP2,BPLId,BPL ID,Int,,11,OBPL,,PRIMARY,Yes
ABP2,TributID,Tributary Info. ID,Int,,11,,,,
ABP2,TributType,Tributary Type,Int,,11,OBNI,-1,,
ABP2,TTStartDat,Tributary Type Start Date,Date,,8,,,,
ABP2,TTEndDate,Tributary Type End Date,Date,,8,,,,
ABP2,TribRegCod,Tributary Regime Code,Int,,11,OBNI,-1,,
ABP2,TRCStartD,Tributary Reg. Code Start Date,Date,,8,,,,
ABP2,TRCEndDate,Tributary Regime Code End Date,Date,,8,,,,
ABP2,LogInstanc,Log Instance,Int,,11,,0,,
ABP2,ObjType,Object Type,nVarChar,,20,ADP1,247,,
