SAP_Table,Field,Description,Type,Constraints,Size,Related,Default,Primary_key,Unique
ABPL,BPLId,Branch ID,Int,,11,,,PRIMARY,Yes
ABPL,BPLName,Branch Name,nVarChar,,100,,,,
ABPL,BPLFrName,Branch Name (Foreign),nVarChar,,100,,,,
ABPL,VATRegNum,VAT Reg. Number,nVarChar,,12,,,,
ABPL,RepName,Rep. Name,nVarChar,,15,,,,
ABPL,Industry,Industry,nVarChar,,20,,,,
ABPL,Business,Business,nVarChar,,20,,,,
ABPL,Address,Address,nVarChar,,127,,,,
ABPL,AddressFr,Address (Foreign),nVarChar,,127,,,,
ABPL,MainBPL,Main BPL,VarChar,"Y) Main Business Place
N) Not Main Business Place",1,,N,,
ABPL,TxOffcNo,Tax Office No.,nVarChar,,3,,,,
ABPL,Disabled,Disabled,VarChar,"Y) Disabled
N) Enabled",1,,N,,
ABPL,LogInstanc,Log Instance,Int,,11,,0,,
ABPL,UserSign2,Updating User,Int,,6,OUSR,,,
ABPL,UpdateDate,Update Date,Date,,8,,,,
ABPL,DflCust,Default Customer ID,nVarChar,,15,OCRD,,,
ABPL,DflVendor,Default Vendor ID,nVarChar,,15,OCRD,,,
ABPL,DflWhs,Default Warehouse ID,nVarChar,,8,OWHS,,,
ABPL,DflTaxCode,Default Tax Code,nVarChar,,8,OCNA,,,
ABPL,RevOffice,Tax Office,nVarChar,,100,,,,
ABPL,TaxIdNum,Federal Tax ID,nVarChar,,32,,,,
ABPL,TaxIdNum2,Federal Tax ID 2,nVarChar,,32,,,,
ABPL,TaxIdNum3,Federal Tax ID 3,nVarChar,,32,,,,
ABPL,AddtnlId,Additional ID Number,nVarChar,,32,,,,
ABPL,CompNature,Nature of Company,Int,,11,OBNI,-1,,
ABPL,EconActT,Economic Activity Type,Int,,11,OBNI,-1,,
ABPL,CredCOrig,Credit Contribution Origin,nVarChar,,2,OBSI,,,
ABPL,IPIPeriod,IPI Period,nVarChar,,2,OBSI,,,
ABPL,CoopAssocT,Cooperative Association Type,Int,,11,OBNI,-1,,
ABPL,PrefState,Default State,nVarChar,,3,,,,
ABPL,ProfTax,Profit Taxation,Int,,11,OBNI,-1,,
ABPL,CompQualif,Company Qualification,Int,,11,OBNI,-1,,
ABPL,DeclType,Declarer Type,Int,,11,OBNI,-1,,
ABPL,AddrType,Address Type,nVarChar,,100,,,,
ABPL,Street,Street,nVarChar,,100,,,,
ABPL,StreetNo,Street No.,nVarChar,,100,,,,
ABPL,Building,Building/Floor/Room,nVarChar,,100,,,,
ABPL,ZipCode,Zip Code,nVarChar,,20,,,,
ABPL,Block,Block,nVarChar,,100,,,,
ABPL,City,City,nVarChar,,100,,,,
ABPL,State,State,nVarChar,,3,OCST,,,
ABPL,County,County,nVarChar,,100,OCNT,,,
ABPL,Country,Country,nVarChar,,3,OCST,,,
ABPL,PmtClrAct,Payment Clearing Account,nVarChar,,15,OACT,,,
ABPL,CommerReg,Commercial Register,nVarChar,,60,,,,
ABPL,DateOfInc,Date of Incorporation,Date,,8,,,,
ABPL,SPEDProf,SPED Profile,nVarChar,,2,OBSI,,,
ABPL,EnvTypeNFe,Environment Type NFe,Int,,11,OBNI,-1,,
ABPL,Opt4ICMS,Opting for ICMS 115_03,VarChar,,1,,N,,
ABPL,AliasName,Alias Name,Text,,16,,,,
ABPL,GlblLocNum,Global Location Number,nVarChar,,50,,,,
ABPL,TaxRptFrm,Tax Wizard Reporting From,Date,,8,,,,
ABPL,Suframa,SUFRAMA,nVarChar,,100,,,,
ABPL,DfltResWhs,Default Resource Warehouse ID,nVarChar,,8,OWHS,,,
