SAP_Table,Field,Description,Type,Constraints,Size,Related,Default,Primary_key,Unique
ABSL,AbsEntry,Internal Number,Int,,11,,,PRIMARY,Yes
ABSL,FldAbs,Bin Field Conf. Internal Number,Int,,11,OBFC,,,
ABSL,SLCode,Code,nVarChar,,50,,,,
ABSL,Descr,Description,nVarChar,,50,,,,
ABSL,UserSign,User Signature,Int,,6,OUSR,,,
ABSL,DataSource,Data Source,VarChar,,1,,N,,
ABSL,Transfered,Year Transfer [Y/N],VarChar,,1,,N,,
ABSL,Instance,Instance,Int,,6,,0,,
ABSL,LogInstanc,Log Instance,Int,,11,,0,,
ABSL,CreateDate,Creation Date,Date,,8,,,,
ABSL,UserSign2,Updating User,Int,,6,OUSR,,,
ABSL,UpdateDate,Date of Update,Date,,8,,,,
ABSL,Deleted,Deleted,VarChar,,1,,N,,
