SAP_Table,Field,Description,Type,Constraints,Size,Related,Default,Primary_key,Unique
ABT1,AbsEntry,Internal Number,Int,,11,,0,PRIMARY,Yes
ABT1,LineId,Row,Int,,6,,,,
ABT1,GLAct,G/L Account,nVarChar,,15,OACT,,,
ABT1,Project,Project,nVarChar,,20,OPRJ,,,
ABT1,PrftCenter,Distribution Rule,nVarChar,,8,OOCR,,,
ABT1,VatCode,VAT Code,nVarChar,,8,OVTG,,,
ABT1,LogInstanc,Log Instance,Int,,11,,0,,
ABT1,PrftCent2,Distribution Rule2,nVarChar,,8,OOCR,,,
ABT1,PrftCent3,Distribution Rule3,nVarChar,,8,OOCR,,,
ABT1,PrftCent4,Distribution Rule4,nVarChar,,8,OOCR,,,
ABT1,PrftCent5,Distribution Rule5,nVarChar,,8,OOCR,,,
