SAP_Table,Field,Description,Type,Constraints,Size,Related,Default,Primary_key,Unique
ABTN,ItemCode,Item No.,nVarChar,,20,OITM,,DIST_KEY,No
ABTN,SysNumber,System Number,Int,,11,,,,
ABTN,DistNumber,Batch Number,nVarChar,,36,,,,
ABTN,MnfSerial,Batch Attribute 1,nVarChar,,36,,,,
ABTN,LotNumber,Batch Attribute 2,nVarChar,,36,,,,
ABTN,ExpDate,Expiration Date,Date,,8,,,,
ABTN,MnfDate,Manufacturing Date,Date,,8,,,,
ABTN,InDate,Admission Date,Date,,8,,,,
ABTN,GrntStart,Warranty Start Date,Date,,8,,,,
ABTN,GrntExp,Warranty End Date,Date,,8,,,,
ABTN,CreateDate,Creation Date,Date,,8,,,,
ABTN,Location,Location,nVarChar,,100,,,,
ABTN,Status,Status,VarChar,"0
1) Not Accessible
2) Locked",1,,0,,
ABTN,Notes,Details,Text,,16,,,,
ABTN,DataSource,Data Source,VarChar,"N) Unknown
I) Interface
U) Update
M) Import
O) DI API
A) Doc. Generation Wizard
D) Restore Wizard
P) Partner Implementation
T) Year Transfer",1,,N,,
ABTN,UserSign,User Signature,Int,,6,OUSR,,,
ABTN,Transfered,Transferred,VarChar,"Y) Yes
N) No",1,,N,,
ABTN,Instance,Instance,Int,,6,,0,,
ABTN,AbsEntry,Abs Entry,Int,,11,,,PRIMARY,Yes
ABTN,ObjType,Object Type,nVarChar,,20,,,,
ABTN,itemName,Item Description,nVarChar,,100,,,,
ABTN,LogInstanc,Log Instance,Int,,11,,,,
ABTN,UserSign2,Updating User,Int,,6,OUSR,,,
ABTN,UpdateDate,Update Date,Date,,8,,,,
ABTN,CostTotal,Total Cost of Batches,Num,,20,,,,
ABTN,Quantity,Quantity,Num,,20,,,,
ABTN,QuantOut,Output Quantity,Num,,20,,,,
ABTN,PriceDiff,Price Difference,Num,,20,,,,
ABTN,Balance,Batch Balance,Num,,20,,,,
ABTN,TrackingNt,CCD Tracking Note,Int,,11,OTCN,,,
ABTN,TrackiNtLn,CCD Tracking Note Line,Int,,11,TCN1,,,
