SAP_Table,Field,Description,Type,Constraints,Size,Related,Default,Primary_key,Unique
ABTW,ItemCode,Item Code,nVarChar,,20,OITM,,SYSTEM_KEY,Yes
ABTW,SysNumber,System Number,Int,,11,OBTN,,,
ABTW,WhsCode,Warehouse Code,nVarChar,,8,OWHS,,,
ABTW,Location,Location,nVarChar,,100,,,,
ABTW,DataSource,Data Source,VarChar,"N) Unknown
I) Interface
U) Update
M) Import
O) DI API
A) Doc. Generation Wizard
D) Restore Wizard
P) Partner Implementation
T) Year Transfer",1,,N,,
ABTW,UserSign,User Signature,Int,,6,OUSR,,,
ABTW,Transfered,Transferred,VarChar,"Y) Yes
N) No",1,,N,,
ABTW,Instance,Instance,Int,,6,,0,,
ABTW,AbsEntry,Abs Entry,Int,,11,,,PRIMARY,Yes
ABTW,MdAbsEntry,MD Abs. Entry,Int,,11,OBTN,,,
ABTW,ObjType,Object Type,nVarChar,,20,,,,
ABTW,LogInstanc,Log Instance,Int,,11,,,,
ABTW,UserSign2,Updating User,Int,,6,OUSR,,,
ABTW,UpdateDate,Update Date,Date,,8,,,,
