SAP_Table,Field,Description,Type,Constraints,Size,Related,Default,Primary_key,Unique
ACD2,DocEntry,Document Internal ID,Int,,11,OACD,,PRIMARY,Yes
ACD2,LineNum,Row Number,Int,,11,,,,
ACD2,DprArea,Depreciation Area,nVarChar,,15,ODPA,,,
ACD2,JrnlMemo,Journal Remarks,nVarChar,,50,,,,
ACD2,ObjType,Object Type,nVarChar,,20,,,,
ACD2,LogInstanc,Log Instance,Int,,11,,0,,
ACD2,TransNum,Transaction Number,Int,,11,OJDT,,,
ACD2,JrnlMemo1,Cancellation Journal Remarks,nVarChar,,50,,,,
ACD2,TransNum1,Cancellation Transaction No.,Int,,11,OJDT,,,
