SAP_Table,Field,Description,Type,Constraints,Size,Related,Default,Primary_key,Unique
ACFP,ID,CFOP ID,Int,,11,,,PRIMARY,Yes
ACFP,Code,CFOP Code,nVarChar,,6,,,CFOP_CODE,Yes
ACFP,Descrip,Description,Text,,16,,,,
ACFP,App,Application,Text,,16,,,,
ACFP,Locked,Locked,VarChar,"Y) Yes
N) No",1,,N,,
ACFP,DataSource,Data Source,VarChar,"N) Unknown
I) Interface
U) Update
M) Import
O) OB Server
A) Auto Incr.
D) Data Doc.
P) Partner Implementation",1,,N,,
ACFP,UserSign,User Signature,nVarChar,,6,OUSR,,,
ACFP,LogInstanc,Log Instance,Int,,11,,,,
ACFP,UserSign2,Updating User,Int,,6,OUSR,,,
ACFP,UpdateDate,Update Date,Date,,8,,,,
