SAP_Table,Field,Description,Type,Constraints,Size,Related,Default,Primary_key,Unique
ACH1,CheckKey,SBO Internal Key,Int,,11,OCHO,,PRIMARY,Yes
ACH1,LineId,Row Number,Int,,11,,,,
ACH1,LineDitail,Row Details,nVarChar,,40,,,,
ACH1,LineMoney,Row Total,Num,,20,,,,
ACH1,LineCurr,Row Currency,nVarChar,,3,,,,
ACH1,LineAcct,Row G/L Acct,nVarChar,,15,,,,
ACH1,Line_A_C,G/L Acct/BP Code,VarChar,,1,,0,,
ACH1,Code,Tax Definition,nVarChar,,8,OVTG,,,
ACH1,CredAcct,Credited Account,nVarChar,,15,OACT,,,
ACH1,TotalLine,Row Total,Num,,20,,,,
ACH1,VatPercent,Tax %:,Num,,20,,,,
ACH1,UserSign,User Signature,Int,,6,OUSR,,,
ACH1,LogInstanc,Log Instance,Int,,11,,0,,
ACH1,ObjType,Object Type,nVarChar,,20,ADP1,,,
ACH1,LineMnyLC,Row Total (LC),Num,,20,,,,
ACH1,LineMnySC,Row Total (SC),Num,,20,,,,
ACH1,LineMnyFC,Row Total (FC),Num,,20,,,,
ACH1,TotLineLC,Row Total (LC),Num,,20,,,,
ACH1,TotLineSC,Row Total (SC),Num,,20,,,,
ACH1,TotLineFC,Row Total (FC),Num,,20,,,,
