SAP_Table,Field,Description,Type,Constraints,Size,Related,Default,Primary_key,Unique
ACHO,CheckKey,Check Key,Int,,11,,,PRIMARY,Yes
ACHO,CheckNum,Check Number,Int,,11,,,,
ACHO,BankNum,Bank Code,nVarChar,,30,,,,
ACHO,Branch,Branch,nVarChar,,50,,,,
ACHO,BankName,Bank Name,nVarChar,,127,,,,
ACHO,CheckDate,Check Date,Date,,8,,,,
ACHO,DpstAcct,Bank Account Number,nVarChar,,50,,,,
ACHO,DpstBranch,Branch for Payments,Int,,6,,,,
ACHO,AcctNum,Account Number,nVarChar,,50,,,,
ACHO,Details,Details,nVarChar,,50,,,,
ACHO,TransRef,Journal Entry Reference,nVarChar,,8,,,,
ACHO,PmntDate,Payment Date,Date,,8,,,,
ACHO,PmntNum,Payment No.,Int,,11,OVPM,0,,
ACHO,CheckSum,Check Amount,Num,,20,,,,
ACHO,Trnsfrable,Negotiable,VarChar,"N) No
Y) Yes",1,,N,,
ACHO,VendorCode,Vendor Code,nVarChar,,15,,,,
ACHO,Currency,Check Currency,nVarChar,,3,,,,
ACHO,Canceled,Canceled,VarChar,"N) No
Y) Yes",1,,N,,
ACHO,CardOrAcct,G/L Acct/BP Code,VarChar,"C) BP
A) Account",1,,C,,
ACHO,Printed,Printed,VarChar,"N) No
Y) Yes",1,,N,,
ACHO,VendorName,Vendor Name,nVarChar,,100,,,,
ACHO,TotalWords,Total in Words,nVarChar,,127,,,,
ACHO,Signature,Signature,nVarChar,,30,,,,
ACHO,CheckAcct,Customer Account Code,nVarChar,,15,,,,
ACHO,TransNum,Transaction Number,Int,,11,OJDT,0,,
ACHO,LinesSum,Row Totals,Num,,20,,,,
ACHO,Deduction,Deduction Amount,Num,,20,,,,
ACHO,DdctPrcnt,Withholding Tax Ded. %,Num,,20,,,,
ACHO,Address,Address,nVarChar,,127,,,,
ACHO,CreateJdt,Create Journal Entry,VarChar,"N) No
Y) Yes",1,,Y,,
ACHO,UpdateDate,Date of Update,Date,,8,,,,
ACHO,CreateDate,Creation Date,Date,,8,,,,
ACHO,VatTotal,Total Tax,Num,,20,,,,
ACHO,VatCalcult,Calculate Tax,VarChar,"Y) Yes
N) No",1,,N,,
ACHO,TaxDate,Document Date,Date,,8,,,,
ACHO,DataSource,Data Source,VarChar,"N) Unknown
I) Interface
U) Update
M) Import
O) DI API
A) Doc. Generation Wizard
D) Restore Wizard
P) Partner Implementation
T) Year Transfer",1,,N,,
ACHO,SumRfndCln,Deduction Refund Amount,Num,,20,,,,
ACHO,UserSign,User Signature,Int,,6,OUSR,,,
ACHO,PrintedBy,Printed By,Int,,6,,,,
ACHO,Transfered,Transferred to Next Year,VarChar,"Y) Yes
N) No",1,,N,,
ACHO,Instance,Instance,Int,,6,,0,,
ACHO,LogInstanc,Log Instance,Int,,11,,0,,
ACHO,ObjType,Object Type,nVarChar,,20,ADP1,57,,
ACHO,CountryCod,Country Code,nVarChar,,3,OCRY,,,
ACHO,AddrName,Address Name,nVarChar,,50,,,,
ACHO,PrnConfrm,Confirm Printing,VarChar,"N) No
Y) Yes",1,,N,,
ACHO,BnkActKey,Bank Account Internal ID,Int,,11,DSC1,,,
ACHO,CancelDate,Cancelation Date,Date,,8,,,,
ACHO,ManualChk,Manual Check,VarChar,"N) No
Y) Yes",1,,N,,
ACHO,BPLId,Branch,Int,,11,OBPL,,,
ACHO,BPLName,Branch Name,nVarChar,,100,,,,
ACHO,VATRegNum,Branch Reg. No.,nVarChar,,32,,,,
