SAP_Table,Field,Description,Type,Constraints,Size,Related,Default,Primary_key,Unique
ACP1,CpnNo,Campaign No.,Int,,11,OCPN,,PRIMARY,Yes
ACP1,CpnLineNum,Campaign Line Number,Int,,11,,,,
ACP1,BpCode,BP Code,nVarChar,,15,OCRD,,,
ACP1,BpName,BP Name,nVarChar,,100,,,,
ACP1,GroupName,BP Group Name,nVarChar,,20,,,,
ACP1,Industry,BP Industry Name,nVarChar,,15,,,,
ACP1,Status,BP Status,VarChar,"A) Active
I) Inactive",1,,,,
ACP1,CntCode,Contact Code,nVarChar,,50,,,,
ACP1,CntTitle,Contact Title,nVarChar,,10,,,,
ACP1,CntPstn,Contact Position,nVarChar,,90,,,,
ACP1,CntEmail,Contact E-Mail,nVarChar,,100,,,,
ACP1,CntTel,Contact Telephone,nVarChar,,20,,,,
ACP1,CntMobile,Contact Mobile,nVarChar,,50,,,,
ACP1,CntFax,Contact Fax,nVarChar,,20,,,,
ACP1,CntAddr,Contact Address,nVarChar,,100,,,,
ACP1,Response,Response from Company,VarChar,"Y) Yes
N) No",1,,N,,
ACP1,OpprId,Related Opportunity,Int,,11,OOPR,,,
ACP1,LogIns,Log Instance - History,Int,,11,,,,
ACP1,VisOrder,Visual Order,Int,,11,,,,
ACP1,Street,Street,nVarChar,,100,,,,
ACP1,Block,Block,nVarChar,,100,,,,
ACP1,City,City,nVarChar,,100,,,,
ACP1,ZipCode,Zip Code,nVarChar,,100,,,,
ACP1,County,County,nVarChar,,100,,,,
ACP1,State,State,nVarChar,,3,OCST,,,
ACP1,Country,Country,nVarChar,,3,OCRY,,,
ACP1,Building,Building/Floor/Room,Text,,16,,,,
ACP1,CActivity,Create Activity [Y/N],VarChar,,1,,Y,,
ACP1,DocType,Document Type,nVarChar,"E)
P) Opportunities
Q) Sales Quotations
O) Sales Orders
D) Deliveries
I) A/R Invoices",20,,-1,,
ACP1,ShowBPDoc,Show BP Documents [Y/N],VarChar,,1,,N,,
ACP1,DocNumber,Related Document,Int,,11,,,,
ACP1,DocEntry,Document Entry,Int,,11,,,,
ACP1,AssignTo,Assign to User or Employee,VarChar,"U) User
E) Employee",1,,U,,
ACP1,AssignName,User or Employee Name,Int,,11,,,,
ACP1,FirstName,First Name,nVarChar,,50,,,,
ACP1,MiddleName,Middle Name,nVarChar,,50,,,,
ACP1,LastName,Last Name,nVarChar,,50,,,,
ACP1,LicTradNum,Federal Tax ID,nVarChar,,32,,,,
ACP1,AddrType,Address Type,nVarChar,,100,,,,
ACP1,Address2,Address Name 2,nVarChar,,50,,,,
ACP1,Address3,Address Name 3,nVarChar,,50,,,,
ACP1,StreetNo,Street No.,nVarChar,,100,,,,
ACP1,AddressID,Address ID,nVarChar,,50,,,,
ACP1,RspType,Response Type,nVarChar,,20,ORPT,,,
