SAP_Table,Field,Description,Type,Constraints,Size,Related,Default,Primary_key,Unique
ACPN,CpnNo,Campaign No.,Int,,11,,,PRIMARY,Yes
ACPN,Name,Campaign Name,nVarChar,,100,,,,
ACPN,Type,Campaign Type,VarChar,"E) E-Mail
M) Mail
F) Fax
P) Phone Call
T) Meeting
S) SMS
W) Web
O) Other",1,,E,,
ACPN,TargetGrp,Target Group,nVarChar,,20,OTGG,,,
ACPN,Owner,Campaign Owner,Int,,11,OHEM,,,
ACPN,Status,Campaign Status,VarChar,"O) Open
F) Finished
C) Canceled",1,,O,,
ACPN,StartDate,Campaign Start Date,Date,,8,,,,
ACPN,FinishDate,Campaign Finish Date,Date,,8,,,,
ACPN,Remarks,Campaign Remarks,Text,,16,,,,
ACPN,WizardGen,Generated by Wizard,VarChar,"Y) Yes
N) No",1,,N,,
ACPN,Template,Campaign Template,Text,,16,,,,
ACPN,AtcEntry,Attachment Entry,Int,,11,OATC,,,
ACPN,Attachment,Attachments,Text,,16,,,,
ACPN,LogIns,Log Instance - History,Int,,11,,,,
ACPN,UserSign2,Updating User - History,Int,,6,OUSR,,,
ACPN,UpdateDate,Date of Update - History,Date,,8,,,,
ACPN,UserSign,User Signature,Int,,6,OUSR,,,
ACPN,CreateDate,Create Date,Date,,8,,,,
ACPN,DataSource,Data Source,VarChar,"N) Unknown
I) Interface
U) Upgrade
M) Import
O) DI API
A) Auto Summary
P) Partner Implementation
T) Year of Transfer",1,,N,,
ACPN,Transfered,Year Transfer,VarChar,,1,,N,,
ACPN,Instance,Instance,Int,,6,,0,,
ACPN,Url,Web Link,Text,,16,,,,
ACPN,TmplPath,Template Path,nVarChar,,127,,,,
