SAP_Table,Field,Description,Type,Constraints,Size,Related,Default,Primary_key,Unique
ACPR,CntctCode,Internal Number,Int,,11,,,PRIMARY,Yes
ACPR,CardCode,BP Code,nVarChar,,15,OCRD,,,
ACPR,Name,Contact Person Name,nVarChar,,50,,,,
ACPR,Position,Position,nVarChar,,90,,,,
ACPR,Address,Address,nVarChar,,100,,,,
ACPR,Tel1,Telephone 1,nVarChar,,20,,,,
ACPR,Tel2,Telephone 2,nVarChar,,20,,,,
ACPR,Cellolar,Mobile Phone Number,nVarChar,,50,,,,
ACPR,Fax,Fax Number,nVarChar,,20,,,,
ACPR,E_MailL,E-Mail,nVarChar,,100,,,,
ACPR,Pager,Pager,nVarChar,,30,,,,
ACPR,Notes1,Remark 1,nVarChar,,100,,,,
ACPR,Notes2,Remark 2,nVarChar,,100,,,,
ACPR,DataSource,Data Source,VarChar,"N) Unknown
I) Interface
U) Update
M) Import
O) DI API
A) Doc. Generation Wizard
D) Restore Wizard
P) Partner Implementation
T) Year Transfer",1,,N,,
ACPR,UserSign,User Signature,Int,,6,OUSR,,,
ACPR,Password,Password,nVarChar,,8,,,,
ACPR,LogInstanc,Log Instance,Int,,11,,0,,
ACPR,ObjType,Object Type,nVarChar,,20,ADP1,,,
ACPR,BirthPlace,Place of Birth,nVarChar,,100,,,,
ACPR,BirthDate,Date of Birth,Date,,8,,,,
ACPR,Gender,Gender,VarChar,"M) Male
F) Female
E)",1,,E,,
ACPR,Profession,Profession,nVarChar,,50,,,,
ACPR,updateDate,Date of Update,Date,,8,,,,
ACPR,updateTime,Update Time,Int,,11,,,,
ACPR,Title,Title,nVarChar,,10,,,,
ACPR,BirthCity,City of Birth,nVarChar,,100,,,,
ACPR,Active,Active,VarChar,"Y) Yes
N) No",1,,Y,,
ACPR,FirstName,First Name,nVarChar,,50,,,,
ACPR,MiddleName,Middle Name,nVarChar,,50,,,,
ACPR,LastName,Last Name,nVarChar,,50,,,,
ACPR,BirthState,State of Birth,nVarChar,,3,OCST,,,
ACPR,ResidCity,City of Residence,nVarChar,,100,,,,
ACPR,ResidCntry,Country of Residence,nVarChar,,100,,,,
ACPR,ResidState,State of Residence,nVarChar,,3,OCST,,,
ACPR,NFeRcpn,NF-e Recipient,VarChar,"Y) Yes
N) No",1,,N,,
ACPR,EmlGrpCode,E-Mail Group Code,nVarChar,,20,OEGP,,,
ACPR,BlockComm,Block Sending Marketing,VarChar,"N) No
Y) Yes",1,,N,,
ACPR,FiscalCode,Fiscal Code for Resident,nVarChar,,16,,,,
ACPR,CtyPrvsYr,City for Previous Year,nVarChar,,100,,,,
ACPR,SttPrvsYr,State for Previous Year,nVarChar,,3,OCST,,,
ACPR,CtyCdPrvsY,City Code for Previous Year,nVarChar,,4,,,,
ACPR,CtyCurYr,City for Current Year,nVarChar,,100,,,,
ACPR,SttCurYr,State for Current Year,nVarChar,,3,OCST,,,
ACPR,CtyCdCurYr,City Code for Current Year,nVarChar,,4,,,,
