SAP_Table,Field,Description,Type,Constraints,Size,Related,Default,Primary_key,Unique
ACQ2,DocEntry,Document Internal ID,Int,,11,OACQ,,PRIMARY,Yes
ACQ2,LineNum,Row Number,Int,,11,,,,
ACQ2,DprArea,Depreciation Area,nVarChar,,15,ODPA,,,
ACQ2,JrnlMemo,Journal Remarks,nVarChar,,50,,,,
ACQ2,ObjType,Object Type,nVarChar,,20,,,,
ACQ2,LogInstanc,Log Instance,Int,,11,,0,,
ACQ2,TransNum,Transaction Number,Int,,11,OJDT,,,
ACQ2,JrnlMemo1,Cancellation Journal Remarks,nVarChar,,50,,,,
ACQ2,TransNum1,Cancellation Transaction No.,Int,,11,OJDT,,,
