SAP_Table,Field,Description,Type,Constraints,Size,Related,Default,Primary_key,Unique
ACR1,Address,Address Name,nVarChar,,50,,,,
ACR1,CardCode,BP Code,nVarChar,,15,ACRD,,PRIMARY,Yes
ACR1,Street,Street,nVarChar,,100,,,,
ACR1,Block,Block,nVarChar,,100,,,,
ACR1,ZipCode,Zip Code,nVarChar,,20,,,,
ACR1,City,City,nVarChar,,100,,,,
ACR1,County,County,nVarChar,,100,,,,
ACR1,Country,Country,nVarChar,,3,OCRY,,,
ACR1,State,State,nVarChar,,3,,,,
ACR1,UserSign,User Signature,Int,,6,OUSR,,,
ACR1,LogInstanc,Log Instance,Int,,11,,0,,
ACR1,ObjType,Object Type,nVarChar,,20,ADP1,2,,
ACR1,LicTradNum,Federal Tax ID,nVarChar,,32,,,,
ACR1,LineNum,Row No.,Int,,11,,,,
ACR1,TaxCode,Tax Code,nVarChar,,8,OSTC,,,
ACR1,Building,Building/Floor/Room,Text,,16,,,,
ACR1,AdresType,Address Type,VarChar,"S) Ship To
B) Bill to",1,,S,,
ACR1,Address2,Address Name 2,nVarChar,,50,,,,
ACR1,Address3,Address Name 3,nVarChar,,50,,,,
ACR1,AddrType,Address Type,nVarChar,,100,,,,
ACR1,StreetNo,Street No.,nVarChar,,100,,,,
ACR1,AltCrdName,Alternative BP Name,nVarChar,,100,,,,
ACR1,AltTaxId,Alternative Tax ID,nVarChar,,32,,,,
ACR1,TaxOffice,Tax Office,nVarChar,,50,,,,
ACR1,GlblLocNum,Global Location Number,nVarChar,,50,,,,
ACR1,Ntnlty,Nationality,nVarChar,,100,,,,
