SAP_Table,Field,Description,Type,Constraints,Size,Related,Default,Primary_key,Unique
ACRB,AbsEntry,Internal Key,Int,,11,,,PRIMARY,Yes
ACRB,CardCode,BP Code,nVarChar,,15,OCRD,,,
ACRB,BankCode,Bank Code,nVarChar,,30,,,,
ACRB,Country,Country,nVarChar,,3,OCRY,,ACCOUNT,Yes
ACRB,Account,Account No.,nVarChar,,50,,,,
ACRB,Branch,Branch,nVarChar,,50,,,,
ACRB,Street,Street,nVarChar,,100,,,,
ACRB,Block,Block,nVarChar,,100,,,,
ACRB,ZipCode,Zip Code,nVarChar,,20,,,,
ACRB,City,City,nVarChar,,100,,,,
ACRB,County,County,nVarChar,,100,,,,
ACRB,State,State,nVarChar,,3,,,,
ACRB,ControlKey,Control Key,nVarChar,,2,,,,
ACRB,UsrNumber1,User No. 1,nVarChar,,25,,,,
ACRB,UsrNumber2,User No. 2,nVarChar,,25,,,,
ACRB,UsrNumber3,User No. 3,nVarChar,,25,,,,
ACRB,UsrNumber4,User No. 4,nVarChar,,25,,,,
ACRB,IBAN,IBAN,nVarChar,,50,,,,
ACRB,LogInstanc,Log Instance,Int,,11,,0,,
ACRB,Building,Building/Floor/Room,Text,,16,,,,
ACRB,AliasName,Alias Name,nVarChar,,50,,,,
ACRB,AcctType,Account Type,VarChar,,1,,,,
ACRB,BankKey,Bank Internal ID,Int,,11,ODSC,,,
ACRB,BIK,BIK,nVarChar,,15,,,,
ACRB,AcctName,Bank Account Name,nVarChar,,127,,,,
ACRB,CorresAcct,Correspondent Account,nVarChar,,30,,,,
ACRB,Phone,Phone,nVarChar,,25,,,,
ACRB,Fax,Fax,nVarChar,,25,,,,
ACRB,ISRType,ISR Type,Int,,6,,,,
ACRB,ISRBillerI,ISR Biller ID,nVarChar,,9,,,,
ACRB,CustIdNum,Customer ID Number,nVarChar,,6,,0,,
ACRB,AddrType,Address Type,nVarChar,,100,,,,
ACRB,StreetNo,Street No.,nVarChar,,100,,,,
ACRB,SwiftNum,BIC/SWIFT Code,nVarChar,,50,,,,
ACRB,ABARoutNum,ABA Routing Number,nVarChar,,25,,,,
ACRB,MandateID,Mandate ID,nVarChar,,35,,,,
ACRB,SignDate,Date of Signature,Date,,8,,,,
ACRB,PWZAbsEntr,PWZ ABS Entry,Int,,11,OPWZ,,,
ACRB,BranchChk,Branch Check Digit,nVarChar,,5,,,,
ACRB,MandatDate,Date Of Mandate Expiration,Date,,8,,,,
ACRB,SeqType,SEPA Seq. Type,nVarChar,"OOFF) OOFF
FRST) FRST
RCUR) RCUR
FNAL) FNAL",4,,,,
ACRB,ActType,Account Type,VarChar,"C) Checking Account
S) Savings Account",1,,,,
ACRB,IsPrenot,Is Prenotification,VarChar,"Y) Yes
N) No",1,,N,,
