SAP_Table,Field,Description,Type,Constraints,Size,Related,Default,Primary_key,Unique
ACRC,CreditCard,Credit Card Code,Int,,6,,,PRIMARY,Yes
ACRC,CardName,Credit Card Name,nVarChar,,30,,,CARD_NAME,No
ACRC,AcctCode,G/L Account,nVarChar,,15,OACT,,,
ACRC,Phone,Telephone,nVarChar,,20,,,,
ACRC,CompanyId,Company ID,nVarChar,,20,,,,
ACRC,Locked,Locked,VarChar,"Y) Yes
N) No",1,,N,,
ACRC,DataSource,Data Source,VarChar,"N) Unknown
I) Interface
U) Update
M) Import
O) DI API
A) Doc. Generation Wizard
D) Restore Wizard
P) Partner Implementation
T) Year Transfer",1,,N,,
ACRC,UserSign,User Signature,Int,,6,OUSR,,,
ACRC,LogInstanc,Log Instance,Int,,11,,0,,
ACRC,UpdateDate,Date of Update,Date,,8,,,,
ACRC,IntTaxCode,Internal Tax Code,nVarChar,,2,,,,
ACRC,UserSign2,Updating User,Int,,6,OUSR,,,
ACRC,Country,Country Code,nVarChar,,3,OCRY,,,
