SAP_Table,Field,Description,Type,Constraints,Size,Related,Default,Primary_key,Unique
ACRD,CardCode,BP Code,nVarChar,,15,,,PRIMARY,Yes
ACRD,CardName,BP Name,nVarChar,,100,,,,
ACRD,CardType,BP Type,VarChar,"C) Customer
S) Vendor
L) Lead",1,,C,,
ACRD,GroupCode,Group Code,Int,,6,OCRG,,,
ACRD,CmpPrivate,Company/Private/Government,VarChar,"C) Company
I) Private
G) Government",1,,C,,
ACRD,Address,Bill-to Street,nVarChar,,100,,,,
ACRD,ZipCode,Bill-to Zip Code,nVarChar,,20,,,,
ACRD,MailAddres,Ship-to Street,nVarChar,,100,,,,
ACRD,MailZipCod,Ship-to Zip Code,nVarChar,,20,,,,
ACRD,Phone1,Telephone 1,nVarChar,,20,,,,
ACRD,Phone2,Telephone 2,nVarChar,,20,,,,
ACRD,Fax,Fax Number,nVarChar,,20,,,,
ACRD,CntctPrsn,Contact Person,nVarChar,,90,,,,
ACRD,Notes,Remarks,nVarChar,,100,,,,
ACRD,Balance,Account Balance,Num,,20,,,,
ACRD,ChecksBal,Open Checks Balance,Num,,20,,,,
ACRD,DNotesBal,Open Del. Notes\GRPO Balance,Num,,20,,,,
ACRD,OrdersBal,Open Orders Balance,Num,,20,,,,
ACRD,GroupNum,Payment Terms Code,Int,,6,OCTG,-1,,
ACRD,CreditLine,Credit Limit,Num,,20,,,,
ACRD,DebtLine,Commitment Limit,Num,,20,,,,
ACRD,Discount,Discount %,Num,,20,,,,
ACRD,VatStatus,Tax Definition,VarChar,"Y) Liable
N) Exempted
E) EU",1,,Y,,
ACRD,LicTradNum,Federal Tax ID,nVarChar,,32,,,,
ACRD,DdctStatus,Liable for Ded. at Source,VarChar,"Y) Yes
N) No",1,,N,,
ACRD,DdctPrcnt,% Withholding Tax Deduction,Num,,20,,,,
ACRD,ValidUntil,Expiration Date for -% of Deduction,Date,,8,,,,
ACRD,Chrctrstcs,Properties,Int,,11,,,,
ACRD,ExMatchNum,Last Ext. Reconciliation No.,Int,,11,,,,
ACRD,InMatchNum,Last Int. Reconciliation No.,Int,,11,,,,
ACRD,ListNum,Price List No.,Int,,6,OPLN,,,
ACRD,DNoteBalFC,Open DN Balance (BP Currency),Num,,20,,,,
ACRD,OrderBalFC,Open Orders Balance (BP Crcy),Num,,20,,,,
ACRD,DNoteBalSy,Open DN Balance (SC),Num,,20,,,,
ACRD,OrderBalSy,Open Orders Balance (SC),Num,,20,,,,
ACRD,Transfered,Year Transfer,VarChar,"Y) Yes
N) No",1,,N,,
ACRD,BalTrnsfrd,Balances Transferred,VarChar,"Y) Yes
N) No",1,,N,,
ACRD,IntrstRate,Interest % on Liabilities,Num,,20,,,,
ACRD,Commission,Commission % for Customer,Num,,20,,,,
ACRD,CommGrCode,Commission Group,Int,,6,OCOG,0,,
ACRD,Free_Text,Free Text,Text,,16,,,,
ACRD,SlpCode,Sales Employee Code,Int,,11,OSLP,-1,,
ACRD,PrevYearAc,Previous Year Balance,VarChar,"Y) Yes
N) No",1,,N,,
ACRD,Currency,BP Currency,nVarChar,,3,OCRN,,,
ACRD,RateDifAct,Rate Differences Account,nVarChar,,15,OACT,,,
ACRD,BalanceSys,Balance (Account Currency),Num,,20,,,,
ACRD,BalanceFC,BP Balance in FC,Num,,20,,,,
ACRD,Protected,Protected BP,VarChar,"Y) Yes
N) No",1,,N,,
ACRD,Cellular,Mobile Phone Number,nVarChar,,50,,,,
ACRD,AvrageLate,Average Payment Delay in Days,Int,,6,,,,
ACRD,City,Bill-to City,nVarChar,,100,,,,
ACRD,County,Bill-to County,nVarChar,,100,,,,
ACRD,Country,Bill-to Country,nVarChar,,3,,,,
ACRD,MailCity,Ship-to City,nVarChar,,100,,,,
ACRD,MailCounty,Ship-to County,nVarChar,,100,,,,
ACRD,MailCountr,Ship-to Country,nVarChar,,3,,,,
ACRD,E_Mail,E-Mail,nVarChar,,100,,,,
ACRD,Picture,Picture,nVarChar,,127,,,,
ACRD,DflAccount,Default Account,nVarChar,,50,,,,
ACRD,DflBranch,Default Branch,nVarChar,,50,,,,
ACRD,BankCode,Default Bank,nVarChar,,30,,-1,,
ACRD,AddID,Additional ID No.,nVarChar,,64,,,,
ACRD,Pager,Pager No.,nVarChar,,30,,,,
ACRD,FatherCard,Consolidating BP,nVarChar,,15,OCRD,,,
ACRD,CardFName,Foreign Name,nVarChar,,100,,,,
ACRD,FatherType,Parent Summary Type,VarChar,"P) Payment Consolidation
D) Delivery Consolidation",1,,P,,
ACRD,QryGroup1,Property 1,VarChar,"Y) Yes
N) No",1,,N,,
ACRD,QryGroup2,Property 2,VarChar,"Y) Yes
N) No",1,,N,,
ACRD,QryGroup3,Property 3,VarChar,"Y) Yes
N) No",1,,N,,
ACRD,QryGroup4,Property 4,VarChar,"Y) Yes
N) No",1,,N,,
ACRD,QryGroup5,Property 5,VarChar,"Y) Yes
N) No",1,,N,,
ACRD,QryGroup6,Property 6,VarChar,"Y) Yes
N) No",1,,N,,
ACRD,QryGroup7,Property 7,VarChar,"Y) Yes
N) No",1,,N,,
ACRD,QryGroup8,Property 8,VarChar,"Y) Yes
N) No",1,,N,,
ACRD,QryGroup9,Property 9,VarChar,"Y) Yes
N) No",1,,N,,
ACRD,QryGroup10,Property 10,VarChar,"Y) Yes
N) No",1,,N,,
ACRD,QryGroup11,Property 11,VarChar,"Y) Yes
N) No",1,,N,,
ACRD,QryGroup12,Property 12,VarChar,"Y) Yes
N) No",1,,N,,
ACRD,QryGroup13,Property 13,VarChar,"Y) Yes
N) No",1,,N,,
ACRD,QryGroup14,Property 14,VarChar,"Y) Yes
N) No",1,,N,,
ACRD,QryGroup15,Property 15,VarChar,"Y) Yes
N) No",1,,N,,
ACRD,QryGroup16,Property 16,VarChar,"Y) Yes
N) No",1,,N,,
ACRD,QryGroup17,Property 17,VarChar,"Y) Yes
N) No",1,,N,,
ACRD,QryGroup18,Property 18,VarChar,"Y) Yes
N) No",1,,N,,
ACRD,QryGroup19,Property 19,VarChar,"Y) Yes
N) No",1,,N,,
ACRD,QryGroup20,Property 20,VarChar,"Y) Yes
N) No",1,,N,,
ACRD,QryGroup21,Property 21,VarChar,"Y) Yes
N) No",1,,N,,
ACRD,QryGroup22,Property 22,VarChar,"Y) Yes
N) No",1,,N,,
ACRD,QryGroup23,Property 23,VarChar,"Y) Yes
N) No",1,,N,,
ACRD,QryGroup24,Property 24,VarChar,"Y) Yes
N) No",1,,N,,
ACRD,QryGroup25,Property 25,VarChar,"Y) Yes
N) No",1,,N,,
ACRD,QryGroup26,Property 26,VarChar,"Y) Yes
N) No",1,,N,,
ACRD,QryGroup27,Property 27,VarChar,"Y) Yes
N) No",1,,N,,
ACRD,QryGroup28,Property 28,VarChar,"Y) Yes
N) No",1,,N,,
ACRD,QryGroup29,Property 29,VarChar,"Y) Yes
N) No",1,,N,,
ACRD,QryGroup30,Property 30,VarChar,"Y) Yes
N) No",1,,N,,
ACRD,QryGroup31,Property 31,VarChar,"Y) Yes
N) No",1,,N,,
ACRD,QryGroup32,Property 32,VarChar,"Y) Yes
N) No",1,,N,,
ACRD,QryGroup33,Property 33,VarChar,"Y) Yes
N) No",1,,N,,
ACRD,QryGroup34,Property 34,VarChar,"Y) Yes
N) No",1,,N,,
ACRD,QryGroup35,Property 35,VarChar,"Y) Yes
N) No",1,,N,,
ACRD,QryGroup36,Property 36,VarChar,"Y) Yes
N) No",1,,N,,
ACRD,QryGroup37,Property 37,VarChar,"Y) Yes
N) No",1,,N,,
ACRD,QryGroup38,Property 38,VarChar,"Y) Yes
N) No",1,,N,,
ACRD,QryGroup39,Property 39,VarChar,"Y) Yes
N) No",1,,N,,
ACRD,QryGroup40,Property 40,VarChar,"Y) Yes
N) No",1,,N,,
ACRD,QryGroup41,Property 41,VarChar,"Y) Yes
N) No",1,,N,,
ACRD,QryGroup42,Property 42,VarChar,"Y) Yes
N) No",1,,N,,
ACRD,QryGroup43,Property 43,VarChar,"Y) Yes
N) No",1,,N,,
ACRD,QryGroup44,Property 44,VarChar,"Y) Yes
N) No",1,,N,,
ACRD,QryGroup45,Property 45,VarChar,"Y) Yes
N) No",1,,N,,
ACRD,QryGroup46,Property 46,VarChar,"Y) Yes
N) No",1,,N,,
ACRD,QryGroup47,Property 47,VarChar,"Y) Yes
N) No",1,,N,,
ACRD,QryGroup48,Property 48,VarChar,"Y) Yes
N) No",1,,N,,
ACRD,QryGroup49,Property 49,VarChar,"Y) Yes
N) No",1,,N,,
ACRD,QryGroup50,Property 50,VarChar,"Y) Yes
N) No",1,,N,,
ACRD,QryGroup51,Property 51,VarChar,"Y) Yes
N) No",1,,N,,
ACRD,QryGroup52,Property 52,VarChar,"Y) Yes
N) No",1,,N,,
ACRD,QryGroup53,Property 53,VarChar,"Y) Yes
N) No",1,,N,,
ACRD,QryGroup54,Property 54,VarChar,"Y) Yes
N) No",1,,N,,
ACRD,QryGroup55,Property 55,VarChar,"Y) Yes
N) No",1,,N,,
ACRD,QryGroup56,Property 56,VarChar,"Y) Yes
N) No",1,,N,,
ACRD,QryGroup57,Property 57,VarChar,"Y) Yes
N) No",1,,N,,
ACRD,QryGroup58,Property 58,VarChar,"Y) Yes
N) No",1,,N,,
ACRD,QryGroup59,Property 59,VarChar,"Y) Yes
N) No",1,,N,,
ACRD,QryGroup60,Property 60,VarChar,"Y) Yes
N) No",1,,N,,
ACRD,QryGroup61,Property 61,VarChar,"Y) Yes
N) No",1,,N,,
ACRD,QryGroup62,Property 62,VarChar,"Y) Yes
N) No",1,,N,,
ACRD,QryGroup63,Property 63,VarChar,"Y) Yes
N) No",1,,N,,
ACRD,QryGroup64,Property 64,VarChar,"Y) Yes
N) No",1,,N,,
ACRD,DdctOffice,Deduction Approval Office,nVarChar,,10,,,,
ACRD,CreateDate,Creation Date,Date,,8,,,,
ACRD,UpdateDate,Date of Update,Date,,8,,,,
ACRD,ExportCode,Data Export Code,nVarChar,,8,,,,
ACRD,DscntObjct,Subject for Discount,Int,"-1)
52) Groups
8) Properties
43) Companies
4) Items",6,,-1,,
ACRD,DscntRel,Discounts Ratio,VarChar,"L) Lowest Discount
H) Highest Discount
A) Average Disc.
S) Discount Totals
M) Discount Multiples",1,,L,,
ACRD,SPGCounter,SPG Counter,Int,,6,,,,
ACRD,SPPCounter,SPP Counter,Int,,11,,,,
ACRD,DdctFileNo,Tax Deduction File No.,nVarChar,,9,,,,
ACRD,SCNCounter,SCN Counter,Int,,6,,,,
ACRD,MinIntrst,Min. Interest Letter Amount,Num,,20,,,,
ACRD,DataSource,Data Source,VarChar,"N) Unknown
I) Interface
U) Update
M) Import
O) DI API
A) Doc. Generation Wizard
D) Restore Wizard
P) Partner Implementation
T) Year Transfer",1,,N,,
ACRD,OprCount,Open Opportunities,Int,,11,,,,
ACRD,ExemptNo,Exempt No.,nVarChar,,50,,,,
ACRD,Priority,Priority,Int,,11,OBPP,-1,,
ACRD,CreditCard,Credit Cards,Int,,6,OCRC,-1,,
ACRD,CrCardNum,Credit Card No.,nVarChar,,64,,,,
ACRD,CardValid,Credit Card Validity,Date,,8,,,,
ACRD,UserSign,User Signature,Int,,6,OUSR,,,
ACRD,LocMth,Reconciliation (LC),VarChar,"Y) Yes
N) No",1,,Y,,
ACRD,validFor,Active,VarChar,"Y) Yes
N) No",1,,N,,
ACRD,validFrom,Active From,Date,,8,,,,
ACRD,validTo,Active To,Date,,8,,,,
ACRD,frozenFor,Inactive,VarChar,"Y) Yes
N) No",1,,N,,
ACRD,frozenFrom,Inactive From,Date,,8,,,,
ACRD,frozenTo,Inactive To,Date,,8,,,,
ACRD,sEmployed,Self-Employed,VarChar,"Y) Yes
N) No",1,,N,,
ACRD,MTHCounter,Match History Counter,Int,,11,,,,
ACRD,BNKCounter,BNK Counter,Int,,11,,,,
ACRD,DdgKey,WTax Deduction - Group,Int,,11,ODDG,-1,,
ACRD,DdtKey,Current Deduction Hierarchy,Int,,11,,-1,,
ACRD,ValidComm,Active Remarks,nVarChar,,30,,,,
ACRD,FrozenComm,Inactive Remarks,nVarChar,,30,,,,
ACRD,chainStore,Belongs to Retail Store,VarChar,"Y) Yes
N) No",1,,N,,
ACRD,DiscInRet,Allow Doc Discount in Returns,VarChar,"Y) Yes
N) No",1,,N,,
ACRD,State1,Bill-to State,nVarChar,,3,OCST,,,
ACRD,State2,Ship-to State,nVarChar,,3,OCST,,,
ACRD,VatGroup,Tax Code,nVarChar,,8,OSTC,,,
ACRD,LogInstanc,Log Instance,Int,,11,,0,,
ACRD,ObjType,Object Type,nVarChar,,20,ADP1,2,,
ACRD,Indicator,Indicator,nVarChar,,2,OIDC,,,
ACRD,ShipType,Shipping Type,Int,,6,OSHP,,,
ACRD,DebPayAcct,Control Account,nVarChar,,15,OACT,,,
ACRD,ShipToDef,Ship to - Default,nVarChar,,50,,,,
ACRD,Block,Block,nVarChar,,100,,,,
ACRD,MailBlock,Delivery Block,nVarChar,,100,,,,
ACRD,Password,Password,nVarChar,,32,,,,
ACRD,ECVatGroup,Tax Group,nVarChar,,8,OVTG,,,
ACRD,Deleted,Deleted,VarChar,"Y) Yes
N) No",1,,N,,
ACRD,IBAN,IBAN,nVarChar,,50,,,,
ACRD,DocEntry,Numerator,Int,,11,,,ABS_ENTRY,Yes
ACRD,FormCode,1099 Form Code,Int,,11,OTNN,,,
ACRD,Box1099,1099 Box,nVarChar,,20,,,,
ACRD,PymCode,Payment Method Code,nVarChar,,15,OPYM,-1,,
ACRD,BackOrder,Backorder,VarChar,"Y) Yes
N) No",1,,Y,,
ACRD,PartDelivr,Partial Delivery,VarChar,"Y) Yes
N) No",1,,Y,,
ACRD,DunnLevel,Dunning Level,Int,,11,ODUN,,,
ACRD,DunnDate,Dunning Date,Date,,8,,,,
ACRD,BlockDunn,Block Dunning,VarChar,"Y) Yes
N) No",1,,N,,
ACRD,BankCountr,Bank Country,nVarChar,,3,OCRY,,,
ACRD,CollecAuth,Collection Authorization,VarChar,"N) No
Y) Yes",1,,N,,
ACRD,DME,DME Identification,nVarChar,,5,,,,
ACRD,InstrucKey,Instruction Key,nVarChar,,30,,,,
ACRD,SinglePaym,Single Payment,VarChar,"N) No
Y) Yes",1,,N,,
ACRD,ISRBillId,ISR Biller ID,nVarChar,,9,,,,
ACRD,PaymBlock,Payment Block,VarChar,"N) No
Y) Yes",1,,N,,
ACRD,RefDetails,Reference Details,nVarChar,,20,,,,
ACRD,HouseBank,House Bank,nVarChar,,30,,-1,,
ACRD,OwnerIdNum,ID Number,nVarChar,,15,,,,
ACRD,PyBlckDesc,Payment Block Description,Int,,11,OPYB,-1,,
ACRD,HousBnkCry,House Bank Country,nVarChar,,3,,,,
ACRD,HousBnkAct,House Bank Account,nVarChar,,50,,,,
ACRD,HousBnkBrn,House Bank Branch,nVarChar,,50,,,,
ACRD,ProjectCod,Project Code,nVarChar,,20,OPRJ,,,
ACRD,SysMatchNo,Last Sys. Reconciliation No.,Int,,11,,-1,,
ACRD,VatIdUnCmp,VAT ID for Unified Company,nVarChar,,32,,,,
ACRD,AgentCode,Agent Code,nVarChar,,32,OAGP,,,
ACRD,TolrncDays,Tolerance Days,Int,,6,,,,
ACRD,SelfInvoic,Self Invoice,VarChar,,1,,,,
ACRD,DeferrTax,Deferred Tax,VarChar,"Y) Yes
N) No",1,,,,
ACRD,LetterNum,Tax Exemption Letter No.,nVarChar,,20,,,,
ACRD,MaxAmount,Max. Exemption Amount,Num,,20,,,,
ACRD,FromDate,Exemption Validity Date From,Date,,8,,,,
ACRD,ToDate,Exemption Validity Date To,Date,,8,,,,
ACRD,WTLiable,Subject to Withholding Tax,VarChar,"Y) Yes
N) No",1,,,,
ACRD,CrtfcateNO,Certificate Number,nVarChar,,20,,,,
ACRD,ExpireDate,Expiration Date,Date,,8,,,,
ACRD,NINum,Registration No.,nVarChar,,20,,,,
ACRD,AccCritria,Accrued Criteria,VarChar,"Y) Yes
N) No",1,,N,,
ACRD,WTCode,Withholding Tax Code,nVarChar,,4,OWHT,,,
ACRD,Equ,Equalization Tax,VarChar,"Y) Yes
N) No",1,,N,,
ACRD,HldCode,Holiday Set Name,nVarChar,,20,OHLD,,,
ACRD,ConnBP,Linked Business Partner,nVarChar,,15,OCRD,,,
ACRD,MltMthNum,Last Multi. Reconciliation No.,Int,,11,,,,
ACRD,TypWTReprt,BP Type for WTax Report,VarChar,"C) Company
P) Person",1,,C,,
ACRD,VATRegNum,VAT Reg. Number,nVarChar,,32,,,,
ACRD,RepName,Representative Name,nVarChar,,15,,,,
ACRD,Industry,Industry,Text,,16,,,,
ACRD,Business,Business,Text,,16,,,,
ACRD,WTTaxCat,Withholding Tax Cat.,Text,,16,,,,
ACRD,IsDomestic,Is Domestic,VarChar,"Y) Domestic
N) Foreign",1,,Y,,
ACRD,IsResident,Is Resident,VarChar,"Y) Resident
N) Non-Resident",1,,Y,,
ACRD,AutoCalBCG,Auto Calculated Bank Charges,VarChar,"N) No
Y) Yes",1,,N,,
ACRD,OtrCtlAcct,Other Receivable/Payable,nVarChar,,15,OACT,,,
ACRD,AliasName,Alias Name,Text,,16,,,,
ACRD,Building,Bill-to Building/Floor/Room,Text,,16,,,,
ACRD,MailBuildi,Ship to Building/Floor/Room,Text,,16,,,,
ACRD,BoEPrsnt,Customer BoE Presentation,nVarChar,,15,OACT,,,
ACRD,BoEDiscnt,Customer BoE Discounted,nVarChar,,15,OACT,,,
ACRD,BoEOnClct,Bill of Exchange on Collection,nVarChar,,15,OACT,,,
ACRD,UnpaidBoE,Unpaid Bill of Exchange,nVarChar,,15,OACT,,,
ACRD,ITWTCode,Income Tax WTax Code,nVarChar,,4,OWHT,,,
ACRD,DunTerm,Dunning Term,nVarChar,,25,ODUT,,,
ACRD,ChannlBP,Channel BP,nVarChar,,15,OCRD,,,
ACRD,DfTcnician,Default Technician,Int,,11,OHEM,,,
ACRD,Territory,Territory,Int,,11,OTER,,,
ACRD,BillToDef,Bill-to Default,nVarChar,,50,,,,
ACRD,DpmClear,Payment Advances,nVarChar,,15,OACT,,,
ACRD,IntrntSite,Web Site,nVarChar,,100,,,,
ACRD,LangCode,Language Code,Int,,11,OLNG,,,
ACRD,HousActKey,House Bank Account Key,Int,,11,DSC1,,,
ACRD,Profession,Profession,nVarChar,,50,,,,
ACRD,CDPNum,Closing Date Procedure No.,Int,,6,OCDP,,,
ACRD,DflBankKey,Default Bank ID,Int,,11,ODSC,,,
ACRD,BCACode,Bank Charges Allocation Codes,nVarChar,,3,OBCA,,,
ACRD,UseShpdGd,Use Shipped Goods Account,VarChar,"Y) Yes
N) No",1,,Y,,
ACRD,RegNum,Company Reg. No. (CRN),nVarChar,,32,,,,
ACRD,VerifNum,Verification No.,nVarChar,,32,,,,
ACRD,BankCtlKey,Default Bank Internal ID,nVarChar,,2,,,,
ACRD,HousCtlKey,House Bank Control Number,nVarChar,,2,,,,
ACRD,AddrType,Bill-to Address Type,nVarChar,,100,,,,
ACRD,InsurOp347,347 Insurance Operation,VarChar,"N) No
Y) Yes",1,,N,,
ACRD,MailAddrTy,Ship-to Address Type,nVarChar,,100,,,,
ACRD,StreetNo,Bill-to Street No.,nVarChar,,100,,,,
ACRD,MailStrNo,Ship-to Street No.,nVarChar,,100,,,,
ACRD,TaxRndRule,Tax Rounding Rule,VarChar,"D) Company Default
R) Round Off
C) Round Up
F) Round Down",1,,D,,
ACRD,VendTID,Vender Type ID,Int,,11,OVTP,,,
ACRD,ThreshOver,Threshold Overlook,VarChar,"Y) Yes
N) No",1,,N,,
ACRD,SurOver,Surcharge Overlook,VarChar,"Y) Yes
N) No",1,,N,,
ACRD,VendorOcup,Vendor Occupation,nVarChar,,15,,,,
ACRD,OpCode347,347 Operation Code,VarChar,"A) Goods or Services Acquisitions
D) Public Entities Acquisitions
G) Travel Agent Purchases
B) Sales or Services Revenues
E) Public Subsidies
F) Travel Agent Sales",1,,A,,
ACRD,DpmIntAct,DPM Interim Account,nVarChar,,15,OACT,,,
ACRD,ResidenNum,Residence Number,VarChar,"1) Spanish Fiscal ID
2) VAT Registration Number
3) Passport
4) Fiscal ID Issued by the Country of Residence
5) Certificate of Fiscal Residence
6) Other Document",1,,1,,
ACRD,UserSign2,Updating User,Int,,6,OUSR,,,
ACRD,PlngGroup,Planning Group,nVarChar,,10,,,,
ACRD,VatIDNum,VAT ID Number,nVarChar,,32,,,,
ACRD,Affiliate,Affiliate,VarChar,"Y) Yes
N) No",1,,N,,
ACRD,MivzExpSts,Mivzak Export Status,VarChar,"B) Not Exported
U) Exported
D) Deleted",1,,B,,
ACRD,HierchDdct,Hierarchical Deduction,VarChar,"Y) Yes
N) No",1,,Y,,
ACRD,CertWHT,Withholding Tax Certified,VarChar,"Y) Yes
N) No",1,,N,,
ACRD,CertBKeep,Bookkeeping Certified,VarChar,"Y) Yes
N) No",1,,N,,
ACRD,WHShaamGrp,Withholding Shaam Group,VarChar,"1) Services and Asset
2) Agricultural Products
3) Insurance Commissions
4) Withholding Tax Instructions
5) Interest Exchange Rate Differences",1,,1,,
ACRD,IndustryC,Industry,Int,,11,OOND,,,
ACRD,DatevAcct,DATEV Account,Int,,11,,,,
ACRD,DatevFirst,First Data Entry,VarChar,"Y) Yes
N) No",1,,Y,,
ACRD,GTSRegNum,GTS Registration Number,nVarChar,,20,,,,
ACRD,GTSBankAct,GTS Bank Account,nVarChar,,80,,,,
ACRD,GTSBilAddr,GTS Billing Address,nVarChar,,80,,,,
ACRD,HsBnkSwift,House Bank BIC/SWIFT Code,nVarChar,,50,,,,
ACRD,HsBnkIBAN,House Bank IBAN,nVarChar,,50,,,,
ACRD,DflSwift,Default Bank BIC/SWIFT Code,nVarChar,,50,,,,
ACRD,AutoPost,Automatic Posting,VarChar,,1,,N,,
ACRD,IntrAcc,Interest Account,nVarChar,,15,,,,
ACRD,FeeAcc,Fee Account,nVarChar,,15,,,,
ACRD,CpnNo,Campaign No.,Int,,11,OCPN,,,
ACRD,NTSWebSite,E-Tax Web Site,Int,,6,OTWS,,,
ACRD,DflIBAN,Default Bank IBAN,nVarChar,,50,,,,
ACRD,Series,Series,Int,,6,NNM1,,,
ACRD,Number,Number,Int,,11,,,,
ACRD,EDocExpFrm,Electronic Doc. Export Format,Int,,11,,,,
ACRD,TaxIdIdent,Tax ID Category,VarChar,"1) Self-Employed
2) Company
3) Registered Business
5) International Company",1,,3,,
ACRD,Attachment,Attachment,Text,,16,,,,
ACRD,AtcEntry,Attachment Entry,Int,,11,,,,
ACRD,DiscRel,Disc. Relations,VarChar,"L) Lowest Discount
H) Highest Discount
A) Average
S) Total
M) Discount Multiples",1,,L,,
ACRD,NoDiscount,No Discounts,VarChar,"Y) Yes
N) No",1,,N,,
ACRD,SCAdjust,SC Adjustment,VarChar,"Y) Yes
N) No",1,,N,,
ACRD,DflAgrmnt,Default Blanket Agreement No.,Int,,11,OOAT,,,
ACRD,GlblLocNum,Global Location Number,nVarChar,,50,,,,
ACRD,SenderID,EDI Message Sender ID,nVarChar,,50,,,,
ACRD,RcpntID,EDI Message Recipient ID,nVarChar,,50,,,,
ACRD,MainUsage,Main Usage,Int,,11,,,,
ACRD,SefazCheck,Check BP Status on SEFAZ,VarChar,"Y) Yes
N) No",1,,N,,
ACRD,free312,Reply from SEFAZ,VarChar,,1,,,,
ACRD,free313,Date of Update from SEFAZ,VarChar,,1,,,,
ACRD,DateFrom,Relationship Initial Date,Date,,8,,,,
ACRD,DateTill,Relationship Final Date,Date,,8,,,,
ACRD,RelCode,Relationship Code,nVarChar,,2,,,,
ACRD,OKATO,OKATO,nVarChar,,11,,,,
ACRD,OKTMO,OKTMO,nVarChar,,12,,,,
ACRD,KBKCode,KBK Budget Classification Code,nVarChar,,20,,,,
ACRD,TypeOfOp,Type of Operation,VarChar,"P) Professional Services
R) Renting Assets
O) Others",1,,,,
ACRD,OwnerCode,Document Owner,Int,,11,OHEM,,,
ACRD,MandateID,Mandate ID,nVarChar,,35,,,,
ACRD,SignDate,Date of Signature,Date,,8,,,,
ACRD,Remark1,Remark 1,Int,,11,ORMK,,,
ACRD,ConCerti,Concessional Certificate,nVarChar,,20,,,,
ACRD,TpCusPres,Type of End-User Presence,Int,,11,OBNI,9,,
ACRD,RoleTypCod,Role Type Code,nVarChar,,2,,,,
ACRD,BlockComm,Block Sending Marketing,VarChar,"N) No
Y) Yes",1,,N,,
ACRD,EmplymntCt,Employment Category,nVarChar,,2,,,,
ACRD,ExcptnlEvt,Exceptional Event,VarChar,,1,,,,
ACRD,ExpnPrfFnd,Professional Funds Expenses,Num,,20,,,,
