SAP_Table,Field,Description,Type,Constraints,Size,Related,Default,Primary_key,Unique
ACS1,Code,Code,nVarChar,,20,OACS,,UNIQUE,Yes
ACS1,LineNum,Line Number,Int,,11,,,,
ACS1,DprAreaID,Depreciation Area ID,nVarChar,,15,ODPA,,,
ACS1,Active,Active,VarChar,"Y) Yes
N) No",1,,Y,,
ACS1,AcctDtn,Account Determination,nVarChar,,15,OADT,,,
ACS1,DprTypID,Depreciation Type ID,nVarChar,,15,ODTP,,,
ACS1,UseLife,Useful Life,Int,,11,,,,
ACS1,LogInstanc,Log Instance,Int,,11,,0,,
ACS1,SnapshotId,Snapshot ID,Int,,11,,0,,
