SAP_Table,Field,Description,Type,Constraints,Size,Related,Default,Primary_key,Unique
ADG1,AbsEntry,Unique Entry,Int,,11,OEDG,,PRIMARY,Yes
ADG1,ObjType,Object Type,nVarChar,"52) Item Groups
8) Item Properties
43) Manufacturer
4) Items",20,,,,
ADG1,ObjKey,Object Key,nVarChar,,20,,,,
ADG1,DiscType,Discount Type,VarChar,"D) Discount
P) Pay for/Get for Free",1,,D,,
ADG1,Discount,Discount,Num,,20,,,,
ADG1,PayFor,Paid Qty,Num,,20,,,,
ADG1,ForFree,Free Qty,Num,,20,,,,
ADG1,UpTo,Max. Free Qty,Num,,20,,,,
ADG1,LogInstanc,Log Instance,Int,,11,,0,,
