SAP_Table,Field,Description,Type,Constraints,Size,Related,Default,Primary_key,Unique
ADM2,Code,Code,Int,,11,,,PRIMARY,Yes
ADM2,TaxAuCod,Tax Authority Code,nVarChar,,5,,,,
ADM2,KeyEcoAct,Key Economic Activity,nVarChar,,10,,,,
ADM2,TaxPayType,Tax Payer Type,VarChar,"P) §94
I) §96
S) §95a",1,,P,,
ADM2,TaxLegForm,Tax Payer Legal Form,VarChar,"F) Sole Proprietorship
P) Company",1,,P,,
ADM2,RegName,Registered Name,nVarChar,,127,,,,
ADM2,RegNameExt,Registered Name Extension,nVarChar,,11,,,,
ADM2,SoleFName,Sole Proprietor First Name,nVarChar,,20,,,,
ADM2,SoleSName,Sole Proprietor Surname,nVarChar,,36,,,,
ADM2,SoleTitle,Sole Proprietor Title,nVarChar,,10,,,,
ADM2,CityTown,City/Town/Village,nVarChar,,48,,,,
ADM2,ZipCode,Zip Code,nVarChar,,10,,,,
ADM2,Telephone,Telephone,nVarChar,,14,,,,
ADM2,Street,Street,nVarChar,,38,,,,
ADM2,StreetNum,Street Number,nVarChar,,4,,,,
ADM2,BuildinNum,Building Number,Int,,11,,,,
ADM2,Email,E-Mail,nVarChar,,127,,,,
ADM2,State,State,nVarChar,,20,,,,
ADM2,RepType,Representative Type,VarChar,,1,,P,,
ADM2,RepCode,Representative Code,nVarChar,"1) Legal Representative
2) Authorized Representative
3) Common Representative, Contractual Representative
4a) General Appointee - Sole Proprietorship or Company
4b) Tax Advisor or Attorney
4c) Tax Advisor",2,,,,
ADM2,RepFName,Representative First Name,nVarChar,,20,,,,
ADM2,RepSName,Representative Surname,nVarChar,,36,,,,
ADM2,CompName,Company Name,nVarChar,,36,,,,
ADM2,BirthDate,Birth Date,Date,,8,,,,
ADM2,TaxACNum,Tax Advisor Certificate Number,nVarChar,,36,,,,
ADM2,LegEntitID,Legal Entity ID,nVarChar,,10,,,,
ADM2,AuthFName,Authorized Person First Name,nVarChar,,20,,,,
ADM2,AuthLName,Authorized Person Last Name,nVarChar,,36,,,,
ADM2,AuthRelat,Authorized Person Relation,nVarChar,,40,,,,
ADM2,AuthType,Type of Authorized Person,VarChar,,1,,,,
ADM2,TaxPayAttr,Taxpayer Attribute,VarChar,,1,,,,
ADM2,Classifier,Territorial/Adm. Classifier,nVarChar,,11,,,,
ADM2,DeprMethod,Depreciation Method,VarChar,,1,,,,
ADM2,SubmitPlac,Place of Submission,nVarChar,,3,,,,
ADM2,BgtClass,Budget Classification Code,nVarChar,,20,,,,
ADM2,SubjOfRuF,Subject of Russian Federation,nVarChar,,20,,,,
ADM2,AuthFathrN,Father Name,nVarChar,,127,,,,
ADM2,BgtCleVAT,Budget Classification Code (E-VAT),nVarChar,,20,,,,
ADM2,RepTitle,Representative Title,nVarChar,,10,,,,
ADM2,TaxRegime,Tax Regime,nVarChar,"RF01) Ordinary
RF02) Minimum taxpayers (Art. 1, section 96-117, Italian Law 244/07)
RF03) New production initiatives (Art. 13, Italian Law 388/00)
RF04) Agriculture and connected activities, and fishing (Arts. 34 and 34-bis, Italian Presidential Decree 633/72)
RF05) Sale of salts and tobaccos (Art. 74, section 1, Italian Presidential Decree 633/72)
RF06) Match sales (Art. 74, section 1, Italian Presidential Decree 633/72)
RF07) Publishing (Art. 74, section 1, Italian Presidential Decree 633/72)
RF08) Management of public telephone services (Art. 74, section 1, Italian Presidential Decree 633/72)
RF09) Resale of public transport and parking documents (Art. 74, section 1, Italian Presidential Decree 633/72)
RF10) Entertainment, gaming and other activities referred to by the tariff attached to Italian Presidential Decree 640/72 (Art. 74, section 6, Italian Presidential Decree 633/1972)
RF11) Travel and tourism agencies (Art. 74-ter, Italian Presidential Decree 633/72)
RF12) Farmhouse accommodation/restaurants (Art. 5, section 2, Italian Law 413/91)
RF13) Door-to-door sales (Art. 25-bis, section 6, Italian Presidential Decree 600/73)
RF14) Resale of used goods, artworks, antiques or collector's items (Art. 36, Italian Decree Law 41/95)
RF15) Artwork, antiques or collector's items auction agencies (Art. 40-bis, Italian Decree Law 41/95)
RF16) VAT paid in cash by P.A. (Art. 6, section 5, Italian Presidential Decree 633/72)
RF17) VAT paid in cash by subjects with business turnover below Euro 200,000 (Art. 7, Italian Decree Law 185/2008)
RF18) Other",5,,RF01,,
ADM2,SoleBDate,Sole Proprietor Date of Birth,Date,,8,,,,
ADM2,SoleGender,Sole Proprietor Gender,VarChar,"F) Female
M) Male",1,,M,,
ADM2,SoleCity,Sole Proprietor City of Birth,nVarChar,,40,,,,
ADM2,SoleDistri,Sole Proprietor State of Birth,nVarChar,,3,,,,
ADM2,RepFisCode,Representative Fiscal Code,nVarChar,,16,,,,
ADM2,RepPosCode,Representative Position Code,nVarChar,,2,,,,
ADM2,RepGender,Representative Gender,VarChar,"F) Female
M) Male",1,,M,,
ADM2,RepCity,Representative City of Birth,nVarChar,,40,,,,
ADM2,RepDistri,Representative State of Birth,nVarChar,,3,,,,
ADM2,RepDate1,Representative Start Date of Procedure,Date,,8,,,,
ADM2,RepDate2,Representative End Date of Procedure,Date,,8,,,,
ADM2,RepPhone,Representative Telephone,nVarChar,,14,,,,
ADM2,RepEmail,Representative E-Mail,nVarChar,,127,,,,
ADM2,Country,Country,nVarChar,,3,OCRY,,,
ADM2,District,District,nVarChar,,3,OCST,,,
ADM2,RegDistri,Register District,nVarChar,,3,,,,
ADM2,RegSCAmnt,Share Capital Amount,Num,,20,,,,
ADM2,RegSHolder,Shareholder,nVarChar,"SU) Sole Shareholder
SM) Several Shareholders",2,,SU,,
ADM2,RegLiquida,Liquidation,nVarChar,"LS) In Liquidation
LN) Not in Liquidation",2,,LN,,
ADM2,RepAddID,Representative Additional ID,nVarChar,,28,,,,
ADM2,ActCode,Activity Code,nVarChar,,6,,,,
ADM2,PosCode347,Position Code for Report 347,nVarChar,,2,,,,
