SAP_Table,Field,Description,Type,Constraints,Size,Related,Default,Primary_key,Unique
ADMC,DmcId,Determination ID,Int,,6,,,PRIMARY,Yes
ADMC,DmcAlias,Determination Alias,nVarChar,,100,,,,
ADMC,Active,Determination Status,VarChar,"Y) Yes
N) No",1,,N,,
ADMC,Priority,Determination Priority,Int,,6,,,,
ADMC,LogInstanc,Log Instance,Int,,11,,,,
ADMC,UpdateDate,Date of Update,Date,,8,,,,
ADMC,UserSign,User Signature,Int,,6,OUSR,,,
ADMC,UserSign2,Updating User,Int,,6,OUSR,,,
ADMC,AdvRulCol,Advanced Rules Column,Int,,6,,,,
