SAP_Table,Field,Description,Type,Constraints,Size,Related,Default,Primary_key,Unique
ADO16,AbsEntry,Document Number,Int,,11,ADOC,,PRIMARY,Yes
ADO16,LineNum,Row Number,Int,,11,,,,
ADO16,SnBIndex,SnB Index,Int,,11,,,,
ADO16,ItemCode,Item Code,nVarChar,,20,OITM,,,
ADO16,WhsCode,Warehouse Code,nVarChar,,8,OWHS,,,
ADO16,ObjId,Object ID,Int,,11,,,,
ADO16,ObjAbs,SnB Object No.,Int,,11,,,,
ADO16,DrfWObjAbs,SnBW Draft Object No.,Int,,11,,-1,,
ADO16,Quantity,Qtty,Num,,20,,,,
ADO16,SubLineNum,Subrow Number,Int,,11,,-1,,
ADO16,ObjType,Object Type,nVarChar,,20,,,,
ADO16,LogInstanc,Log Instance,Int,,11,,,,
