SAP_Table,Field,Description,Type,Constraints,Size,Related,Default,Primary_key,Unique
ADO17,DocEntry,Document Internal ID,Int,,11,ADOC,,PRIMARY,Yes
ADO17,LineNum,Row Number,Int,,11,,,,
ADO17,LogInstanc,Log Instance,Int,,11,,0,,
ADO17,ObjectType,Object Type,nVarChar,,20,ADP1,,,
ADO17,ImpDocType,Importation Document Type,VarChar,,1,OBSI,,,
ADO17,ImpDocNum,Importation Document Number,nVarChar,,10,,,,
ADO17,DateOfReg,Date of Registry DI/DSI/DA,Date,,8,,,,
ADO17,CustClrDat,Date of Customs Clearance,Date,,8,,,,
ADO17,ConcActNum,Drawback Concession Acct No.,nVarChar,,30,,,,
ADO17,AdditNum,Additional Number,nVarChar,,30,,,,
ADO17,AddItmDV,Additional Item Discount Value,Num,,20,,,,
ADO17,tpVTransp,Overland Transport Route,Int,"1) Maritime
2) Waterway
3) Lakeside
4) Air
5) Post
6) Train
7) Road
8) Network Transmission
9) Own Means
10) Input/Output Fictitious",6,,,,
