SAP_Table,Field,Description,Type,Constraints,Size,Related,Default,Primary_key,Unique
ADO19,DocEntry,Internal Number,Int,,11,ADOC,,PRIMARY,Yes
ADO19,BinAllocSe,Bin Allocation Sequence,Int,,11,,,,
ADO19,LineNum,Line Number,Int,,11,,,,
ADO19,SubLineNum,Subline Number,Int,,11,,-1,,
ADO19,SnBType,SnB Type,Int,,11,,-1,,
ADO19,SnBMDAbs,SnB Master Data Internal No.,Int,,11,,-1,,
ADO19,BinAbs,Bin Internal Number,Int,,11,OBIN,,,
ADO19,Quantity,Quantity,Num,,20,,,,
ADO19,ItemCode,Item Code,nVarChar,,20,OITM,,,
ADO19,WhsCode,Warehouse Code,nVarChar,,8,OWHS,,,
ADO19,ObjType,Object Type,nVarChar,,20,ADP1,,,
ADO19,LogInstanc,Log Instance,Int,,11,,0,,
ADO19,AllowNeg,Allow Negative Entry [Y/N],VarChar,"Y) Yes
N) No",1,,N,,
ADO19,BinActTyp,Bin Action Type,Int,"1) Transaction In
2) Transaction Out
4) SnB Complete
8) Bin First Then SnB",6,,,,
