SAP_Table,Field,Description,Type,Constraints,Size,Related,Default,Primary_key,Unique
ADO14,DocEntry,Document Internal ID,Int,,11,ADOC,,PRIMARY,Yes
ADO14,LineNum,Row Number,Int,,11,,-1,,
ADO14,ChildNum,Child Number,Int,,11,,-1,,
ADO14,ItemCode,Item no.,nVarChar,,20,OITM,,,
ADO14,WhsCode,Warehouse Code,nVarChar,,8,OWHS,,,
ADO14,Quantity,Quantity,Num,,20,,,,
ADO14,TotalQty,Total Quantity,Num,,20,,,,
ADO14,OpenQty,Remaining Open Quantity,Num,,20,,,,
ADO14,ObjectType,object type,nVarChar,,20,ADP1,,,
ADO14,LogInstanc,Log Instance,Int,,11,,0,,
ADO14,BaseChildN,Base Child Number,Int,,11,,-1,,
