SAP_Table,Field,Description,Type,Constraints,Size,Related,Default,Primary_key,Unique
ADO12,DocEntry,Document Internal ID,Int,,11,ADOC,,PRIMARY,Yes
ADO12,TaxId0,Tax ID 0,nVarChar,,100,,,,
ADO12,TaxId1,Tax ID 1,nVarChar,,100,,,,
ADO12,TaxId2,Tax ID 2,nVarChar,,100,,,,
ADO12,TaxId3,Tax ID 3,nVarChar,,100,,,,
ADO12,TaxId4,Tax ID 4,nVarChar,,100,,,,
ADO12,TaxId5,Tax ID 5,nVarChar,,100,,,,
ADO12,TaxId6,Tax ID 6,nVarChar,,100,,,,
ADO12,TaxId7,Tax ID 7,nVarChar,,100,,,,
ADO12,TaxId8,Tax ID 8,nVarChar,,100,,,,
ADO12,TaxId9,Tax ID 9,nVarChar,,100,,,,
ADO12,State,State Code,nVarChar,,3,,,,
ADO12,County,County Code,nVarChar,,7,,,,
ADO12,Incoterms,Incoterms,nVarChar,,3,,,,
ADO12,Vehicle,Vehicle ID,nVarChar,,10,,,,
ADO12,VidState,Vehicle ID (State),nVarChar,,3,,,,
ADO12,NfRef,NF Reference,nVarChar,,127,,,,
ADO12,Carrier,Carrier Code,nVarChar,,15,,,,
ADO12,QoP,Quantity of Packs,Int,,11,,,,
ADO12,PackDesc,Pack Description,nVarChar,,10,,,,
ADO12,Brand,Brand,nVarChar,,20,,,,
ADO12,NoSU,Number of Shipping Unit,Int,,11,,,,
ADO12,NetWeight,Net Weight,Num,,20,,,,
ADO12,GrsWeight,Gross Weight,Num,,20,,,,
ADO12,LogInstanc,Log Instance,Int,,11,,0,,
ADO12,ObjectType,Object Type,nVarChar,,20,ADP1,,,
ADO12,TaxId10,Assessee Type,nVarChar,,100,,,,
ADO12,TransCat,Transaction Category,nVarChar,,100,,,,
ADO12,FormNo,Form No.,nVarChar,,100,,,,
ADO12,TaxId11,Tax ID 11,nVarChar,,100,,,,
ADO12,StreetS,Street,nVarChar,,100,,,,
ADO12,BlockS,Block,nVarChar,,100,,,,
ADO12,BuildingS,Building/Floor/Room,Text,,16,,,,
ADO12,CityS,City,nVarChar,,100,,,,
ADO12,ZipCodeS,Zip Code,nVarChar,,20,,,,
ADO12,CountyS,County,nVarChar,,100,,,,
ADO12,StateS,State,nVarChar,,3,OCST,,,
ADO12,CountryS,Country,nVarChar,,3,OCRY,,,
ADO12,AddrTypeS,Address Type,nVarChar,,100,,,,
ADO12,StreetNoS,Street No.,nVarChar,,100,,,,
ADO12,StreetB,Street,nVarChar,,100,,,,
ADO12,BlockB,Block,nVarChar,,100,,,,
ADO12,BuildingB,Building/Floor/Room,Text,,16,,,,
ADO12,CityB,City,nVarChar,,100,,,,
ADO12,ZipCodeB,Zip Code,nVarChar,,20,,,,
ADO12,CountyB,County,nVarChar,,100,,,,
ADO12,StateB,State,nVarChar,,3,OCST,,,
ADO12,CountryB,Country,nVarChar,,3,OCRY,,,
ADO12,AddrTypeB,Address Type,nVarChar,,100,,,,
ADO12,StreetNoB,Street No.,nVarChar,,100,,,,
ADO12,ImpORExp,Import or Export,VarChar,"N)
Y)",1,,,,
ADO12,Vat,VAT,VarChar,"N)
Y)",1,,N,,
ADO12,AltCrdNamB,Alternative BP Name,nVarChar,,100,,,,
ADO12,AltTaxIdB,Alternative Tax ID,nVarChar,,32,,,,
ADO12,Address2S,Address Name 2,nVarChar,,50,,,,
ADO12,Address3S,Address Name 3,nVarChar,,50,,,,
ADO12,Address2B,Address Name 2,nVarChar,,50,,,,
ADO12,Address3B,Address Name 3,nVarChar,,50,,,,
ADO12,MainUsage,Main Usage Code of Document,Int,,11,OUSG,,,
ADO12,GlbLocNumS,Global Location Number,nVarChar,,50,,,,
ADO12,GlbLocNumB,Global Location Number,nVarChar,,50,,,,
ADO12,CollectDT,Date and Time of Collection,nVarChar,,20,,,,
ADO12,TransprtDT,Transport Starting Date,Date,,8,,,,
ADO12,TransprtRS,Transport Reason,nVarChar,,100,,,,
ADO12,TaxId12,Tax ID 12,nVarChar,,50,,,,
ADO12,TaxId13,Deductee Ref. No. in India,nVarChar,,100,,,,
