SAP_Table,Field,Description,Type,Constraints,Size,Related,Default,Primary_key,Unique
ADO18,DocEntry,Document Internal ID,Int,,11,ADOC,,PRIMARY,Yes
ADO18,LineNum,Row Number,Int,,11,,,,
ADO18,LogInstanc,Log Instance,Int,,11,,0,,
ADO18,ObjectType,Object Type,nVarChar,,20,ADP1,166,,
ADO18,ExpDocType,Type of Exportation Document,Int,,11,OBNI,-1,,
ADO18,ExpDeclNum,Exportation Declaration Number,Int,,11,,,,
ADO18,ExpDeclDat,Exportation Declaration Date,Date,,8,,,,
ADO18,ExpNature,Nature of Exportation,Int,,11,OBNI,-1,,
ADO18,ExpRegNum,Number of Exportation Registry,Int,,11,,,,
ADO18,ExpRegDate,Date of Exportation Registry,Date,,8,,,,
ADO18,LadBillNum,Bill of Lading Number,nVarChar,,19,,,,
ADO18,LadBillDat,Date of Bill of Lading,Date,,8,,,,
ADO18,MerchLeftD,Date Merchandise Left Customs,Date,,8,,,,
ADO18,LadBillTyp,Type of Bill of Lading,Int,,11,OBNI,-1,,
