SAP_Table,Field,Description,Type,Constraints,Size,Related,Default,Primary_key,Unique
ADO3,DocEntry,Document Internal ID,Int,,11,ADOC,,DOCUMENT,No
ADO3,ExpnsCode,Expense Code,Int,,11,OEXD,,,
ADO3,LineTotal,Total,Num,,20,,,,
ADO3,TotalFrgn,Total (FC),Num,,20,,,,
ADO3,TotalSumSy,Total (SC),Num,,20,,,,
ADO3,PaidToDate,Paid to Date,Num,,20,,,,
ADO3,PaidFC,Paid (FC),Num,,20,,,,
ADO3,PaidSys,Paid (SC),Num,,20,,,,
ADO3,Comments,Remarks,nVarChar,,100,,,,
ADO3,ObjType,Object Type,nVarChar,,20,ADP1,,,
ADO3,LogInstanc,Log Instance,Int,,11,,0,,
ADO3,DistrbMthd,Distribution Method,VarChar,"N) None
Q) Quantity
V) Volume
W) Weight
E) Equally
T) Row Total",1,,,,
ADO3,TaxStatus,Tax Liable,VarChar,"Y) Yes
N) No",1,,Y,,
ADO3,VatGroup,Tax Group,nVarChar,,8,OVTG,,,
ADO3,VatPrcnt,Row Tax %,Num,,20,,,,
ADO3,VatSum,Tax Amount,Num,,20,,,,
ADO3,VatSumFrgn,Tax Amount (FC),Num,,20,,,,
ADO3,VatSumSy,Tax Amount (SC),Num,,20,,,,
ADO3,DedVatSum,Deductible Tax Amount,Num,,20,,,,
ADO3,DedVatSumF,Deductible Tax Amount (FC),Num,,20,,,,
ADO3,DedVatSumS,Deductible Tax Amount (SC),Num,,20,,,,
ADO3,IsAcquistn,Aquisition Tax,VarChar,"Y) Yes
N) No",1,,N,,
ADO3,TaxCode,Tax Code,nVarChar,,8,OSTC,,,
ADO3,TaxType,Tax Type,VarChar,"Y) Regular Tax
N) No Tax
U) Use Tax",1,,Y,,
ADO3,WTLiable,WT Liable,VarChar,"Y) Yes
N) No",1,,,,
ADO3,VatApplied,Vat Applied,Num,,20,,,,
ADO3,VatAppldFC,Applied Tax (FC),Num,,20,,,,
ADO3,VatAppldSC,Applied Tax (SC),Num,,20,,,,
ADO3,EquVatPer,Equalization Tax %,Num,,20,,,,
ADO3,EquVatSum,Total Equalization Tax,Num,,20,,,,
ADO3,EquVatSumF,Total Equalization Tax (FC),Num,,20,,,,
ADO3,EquVatSumS,Total Equalization Tax (SC),Num,,20,,,,
ADO3,LineVat,Net Tax Amount,Num,,20,,,,
ADO3,LineVatF,Net Tax Amount (FC),Num,,20,,,,
ADO3,LineVatS,Net Tax Amount (SC),Num,,20,,,,
ADO3,BaseMethod,Base Method,VarChar,"N) None
Q) Quantity
V) Volume
W) Weight
T) Total
A) All",1,,,,
ADO3,Stock,Stock,VarChar,"Y) Yes
N) No",1,,,,
ADO3,LstPchPrce,Last Purchase Price,VarChar,"Y) Yes
N) No",1,,,,
ADO3,AnalysRpt,Analysis Report,VarChar,"Y) Yes
N) No",1,,N,,
ADO3,BaseAbsEnt,Base Abs Entry,Int,,11,,-1,,
ADO3,BaseType,Base Document Type,Int,"-1)
0
13) Invoices
15) Delivery notes
16) Revert Delivery Notes
17) Orders
18) Purchases
20) Purchase Delivery Notes
21) Revert Purchase Delivery Notes
22) Purchase orders
23) Quotations",11,,-1,,
ADO3,BaseRef,Base Document Reference,Int,,11,,,,
ADO3,BaseLnNum,Base Document Line No.,Int,,11,,,,
ADO3,LineNum,line num,Int,,11,,-1,,
ADO3,Status,Status,VarChar,"O) Open
C) Closed",1,,O,,
ADO3,TrgType,Target Type,Int,,11,,,,
ADO3,TrgAbsEnt,Target Abs. Entry,Int,,11,,-1,,
ADO3,StDstr,Stock Distributed Sum,Num,,20,,,,
ADO3,StDstrSC,Stock Distributed Sum (SC),Num,,20,,,,
ADO3,StDstrFC,Stock Distributed Sum (FC),Num,,20,,,,
ADO3,FixCurr,Fixation Currency,nVarChar,,3,OCRN,,,
ADO3,VatDscntPr,Tax Discount %,Num,,20,,,,
ADO3,OcrCode,Distribution Rule,nVarChar,,8,OOCR,,,
ADO3,TaxDistMtd,Tax Distribution Method,VarChar,"N) None
Q) Quantity
V) Volume
W) Weight
E) Equally
T) Row Total",1,,,,
ADO3,OcrCode2,Distribution Rule2,nVarChar,,8,OOCR,,,
ADO3,OcrCode3,Distribution Rule3,nVarChar,,8,OOCR,,,
ADO3,OcrCode4,Distribution Rule4,nVarChar,,8,OOCR,,,
ADO3,OcrCode5,Distribution Rule5,nVarChar,,8,OOCR,,,
ADO3,Project,Project Code,nVarChar,,20,OPRJ,,,
ADO3,VatGrpSrc,VAT Group Source,VarChar,"N) Not Defined
M) Manually Entered
D) Determined",1,,N,,
ADO3,DrawnTotal,Drawn Total,Num,,20,,,,
ADO3,DrawnFC,Drawn Total (FC),Num,,20,,,,
ADO3,DrawnSC,Drawn Total (SC),Num,,20,,,,
