SAP_Table,Field,Description,Type,Constraints,Size,Related,Default,Primary_key,Unique
ADO4,DocEntry,Document Internal ID,Int,,11,ADOC,,SCONDARY,No
ADO4,LineNum,Row Number,Int,,11,,-1,,
ADO4,GroupNum,Group No.,Int,,11,,-1,,
ADO4,ExpnsCode,Expense Code,Int,,11,OEXD,-1,,
ADO4,RelateType,Relation Type,Int,"1) Row
2) Row Freight Charges
3) Document Expenses
13) Distributed Freights",11,,1,,
ADO4,StcCode,Tax Code,nVarChar,,8,OSTC,,,
ADO4,StaCode,Tax Code,nVarChar,,8,OSTA,,,
ADO4,staType,Authority Type,Int,,11,OSTT,,,
ADO4,TaxRate,Authority Type,Num,,20,OSTT,,,
ADO4,TaxAcct,Authority Code,nVarChar,,15,,,,
ADO4,TaxSum,Tax %,Num,,20,OACT,,,
ADO4,TaxSumFrgn,Tax Account,Num,,20,,,,
ADO4,TaxSumSys,Tax Amount,Num,,20,,,,
ADO4,BaseSum,Tax Amount (FC),Num,,20,,,,
ADO4,BaseSumFrg,Base Amount,Num,,20,,,,
ADO4,BaseSumSys,Base Amount (FC),Num,,20,,,,
ADO4,ObjectType,Base Amount (SC),nVarChar,,20,,,,
ADO4,LogInstanc,Tax Amount (SC),Int,,11,ADP1,0,,
ADO4,TaxStatus,Base Amount,VarChar,"Y) Regular Tax
N) No Tax
U) Use Tax",1,,Y,,
ADO4,VatApplied,VAT Applied,Num,,20,,,,
ADO4,VatAppldFC,Applied Tax (FC),Num,,20,,,,
ADO4,VatAppldSC,Applied Tax (SC),Num,,20,,,,
ADO4,LineSeq,Line Sequence,Int,,11,,,,
ADO4,DeferrAcct,Deferred Tax Account,nVarChar,,15,OACT,,,
ADO4,BaseType,Base Document Type,Int,,11,,-1,,
ADO4,BaseAbs,Base Doc Abs Entry,Int,,11,,-1,,
ADO4,BaseSeq,Base Doc. Line Sequence,Int,,11,,,,
ADO4,DeductTax,Deductible Tax Amount,Num,,20,,,,
ADO4,DdctTaxFrg,Deductible Tax Amount (FC),Num,,20,,,,
ADO4,DdctTaxSys,Deductible Tax Amount (SC),Num,,20,,,,
ADO4,BaseAppld,Applied Base Amount,Num,,20,,,,
ADO4,BaseApldFC,Applied Base Amount (FC),Num,,20,,,,
ADO4,BaseApldSC,Applied Base Amount (SC),Num,,20,,,,
ADO4,NonDdctPrc,Non Deductible %,Num,,20,,,,
ADO4,NonDdctAct,Non Deductible Account,nVarChar,,15,OACT,,,
ADO4,TaxInPrice,Tax Included in Price?,VarChar,"Y) Yes
N) No",1,,N,,
ADO4,Exempt,Exempt?,VarChar,"Y) Yes
N) No",1,,N,,
ADO4,TaxExpAct,Expense Account for Tax,nVarChar,,15,OACT,,,
ADO4,OnHoldTax,On Hold Tax Amount,Num,,20,,,,
ADO4,OnHoldTaxF,On Hold Tax Amount (FC),Num,,20,,,,
ADO4,OnHoldTaxS,On Hold Tax Amount (SC),Num,,20,,,,
ADO4,InGrossRev,Included in Gross Revenue,VarChar,"Y) Yes
N) No",1,,N,,
ADO4,TaxSumOrg,Tax Amount Original,Num,,20,,,,
ADO4,TaxSumOrgF,Tax Amount Original (FC),Num,,20,,,,
ADO4,TaxSumOrgS,Tax Amount Original (SC),Num,,20,,,,
ADO4,OpenTax,Open Service Tax,Num,,20,,,,
ADO4,OpenTaxFC,Open Service Tax (FC),Num,,20,,,,
ADO4,OpenTaxSC,Open Service Tax (SC),Num,,20,,,,
ADO4,Unencumbrd,Unencumbered,VarChar,"Y) Yes
N) No",1,,N,,
