SAP_Table,Field,Description,Type,Constraints,Size,Related,Default,Primary_key,Unique
ADO5,AbsEntry,Numerator,Int,,11,ADOC,,PRIMARY,Yes
ADO5,WTCode,WTax Code,nVarChar,,4,OWHT,,,
ADO5,Rate,Rate,Num,,20,,,,
ADO5,TaxbleAmnt,Taxable Amount,Num,,20,,,,
ADO5,TxblAmntSC,Taxable Amount (SC),Num,,20,,,,
ADO5,TxblAmntFC,Taxable Amount (FC),Num,,20,,,,
ADO5,WTAmnt,WTax Amount,Num,,20,,,,
ADO5,WTAmntSC,WTax Amount (SC),Num,,20,,,,
ADO5,WTAmntFC,WTax Amount (FC),Num,,20,,,,
ADO5,ApplAmnt,Applied WTax Amount,Num,,20,,,,
ADO5,ApplAmntSC,Applied WTax Amount (SC),Num,,20,,,,
ADO5,ApplAmntFC,Applied WTax Amount (FC),Num,,20,,,,
ADO5,Category,Category,VarChar,"P) Payment
I) Invoice",1,,,,
ADO5,Criteria,WTax Criteria,VarChar,"Y) Accrual
N) Cash",1,,,,
ADO5,Account,G/L Account,nVarChar,,15,OACT,,,
ADO5,Type,Withholding Type,VarChar,"V) VAT Withholding
I) Income Tax Withholding",1,,,,
ADO5,RoundType,Rounding Type,VarChar,"T) Truncated
C) Commercial Values
N) No Rounding",1,,,,
ADO5,BaseType,Base Type,VarChar,"G) Gross
N) Net
V) VAT",1,,,,
ADO5,BaseAbsEnt,Base Abs Entry,Int,,11,,-1,,
ADO5,BaseLine,Base Line,Int,,11,,,,
ADO5,BaseNum,Base Document Type,Int,"-1)
0
13) Invoices
15) Delivery notes
16) Revert Delivery Notes
17) Orders
18) Purchases
20) Purchase Delivery Notes
21) Revert Purchase Delivery Notes
22) Purchase orders
23) Quotations",11,,-1,,
ADO5,LineNum,Line Number,Int,,11,,,,
ADO5,BaseRef,Base Document Reference,Int,,11,,,,
ADO5,Status,Status,VarChar,"O) Open
C) Closed",1,,O,,
ADO5,TrgType,Target Document Type,Int,,11,,,,
ADO5,TrgAbsEntr,Target Abs. Entry,Int,,11,,-1,,
ADO5,LogInstanc,Log Instance,Int,,11,,0,,
ADO5,ObjType,Object Type,nVarChar,,20,ADP1,,,
ADO5,Doc1LineNo,DOC1 Line Number,Int,,11,,-1,,
ADO5,WtLineType,WT Line Type,VarChar,"D) Document Level WTax
L) Row Level WTax",1,,D,,
ADO5,TxblCurr,Taxable Currency from Doc Line,nVarChar,,3,,,,
ADO5,DtblCurr,Deductible Currency,nVarChar,,3,,,,
ADO5,DtblRate,Rate for Deductible Amount,Num,,20,,,,
ADO5,txblRate,Rate for Taxable Amount,Num,,20,,,,
ADO5,DtblAmount,Deductible Amount,Num,,20,,,,
ADO5,TdsAcc,TDS Account,nVarChar,,15,OACT,,,
ADO5,SurAcc,Surcharge Account,nVarChar,,15,OACT,,,
ADO5,CessAcc,Cess Account,nVarChar,,15,OACT,,,
ADO5,HscAcc,HSC Account,nVarChar,,15,OACT,,,
ADO5,TdsRate,TDS Rate,Num,,20,,,,
ADO5,SurRate,Surcharge Rate,Num,,20,,,,
ADO5,CessRate,Cess Rate,Num,,20,,,,
ADO5,HscRate,HSC Rate,Num,,20,,,,
ADO5,TdsBAmt,TDS Base Amount,Num,,20,,,,
ADO5,TdsBAmtSC,TDS Base Amount (SC),Num,,20,,,,
ADO5,TdsBAmtFC,TDS Base Amount (FC),Num,,20,,,,
ADO5,SurBAmt,Surcharge Base Amount,Num,,20,,,,
ADO5,SurBAmtSC,Surcharge Base Amount (SC),Num,,20,,,,
ADO5,SurBAmtFC,Surcharge Base Amount (FC),Num,,20,,,,
ADO5,CessBAmt,Cess Base Amount,Num,,20,,,,
ADO5,CessBAmtSC,Cess Base Amount (SC),Num,,20,,,,
ADO5,CessBAmtFC,Cess Base Amount (FC),Num,,20,,,,
ADO5,HscBAmt,HSC Base Amount,Num,,20,,,,
ADO5,HscBAmtSC,HSC Base Amount (SC),Num,,20,,,,
ADO5,HscBAmtFC,HSC Base Amount (FC),Num,,20,,,,
ADO5,TdsAmnt,TDS Tax Amount,Num,,20,,,,
ADO5,TdsAmntSC,TDS Tax Amount (SC),Num,,20,,,,
ADO5,TdsAmntFC,TDS Tax Amount (FC),Num,,20,,,,
ADO5,SurAmnt,Surcharge Tax Amount,Num,,20,,,,
ADO5,SurAmntSC,Surcharge Tax Amount (SC),Num,,20,,,,
ADO5,SurAmntFC,Surcharge Tax Amount (FC),Num,,20,,,,
ADO5,CessAmnt,Cess Tax Amount,Num,,20,,,,
ADO5,CessAmntSC,Cess Tax Amount (SC),Num,,20,,,,
ADO5,CessAmntFC,Cess Tax Amount (FC),Num,,20,,,,
ADO5,HscAmnt,HSC Tax Amount,Num,,20,,,,
ADO5,HscAmntSC,HSC Tax Amount (SC),Num,,20,,,,
ADO5,HscAmntFC,HSC Tax Amount (FC),Num,,20,,,,
ADO5,TdsAppl,Applied TDS Amount,Num,,20,,,,
ADO5,TdsApplSC,Applied TDS Amount (SC),Num,,20,,,,
ADO5,TdsApplFC,Applied TDS Amount (FC),Num,,20,,,,
ADO5,SurAppl,Applied Surcharge Amount,Num,,20,,,,
ADO5,SurApplSC,Applied Surcharge Amount (SC),Num,,20,,,,
ADO5,SurApplFC,Applied Surcharge Amount (FC),Num,,20,,,,
ADO5,CessAppl,Applied Cess Amount,Num,,20,,,,
ADO5,CessApplSC,Applied Cess Amount (SC),Num,,20,,,,
ADO5,CessApplFC,Applied Cess Amount (FC),Num,,20,,,,
ADO5,HscAppl,Applied HSC Amount,Num,,20,,,,
ADO5,HscApplSC,Applied HSC Amount (SC),Num,,20,,,,
ADO5,HscApplFC,Applied HSC Amount (FC),Num,,20,,,,
ADO5,BatchNum,Journal Voucher No.,Int,,11,,,,
ADO5,InCSTCode,CST Code Incoming,nVarChar,,2,,,,
ADO5,OutCSTCode,CST Code Outgoing,nVarChar,,2,,,,
ADO5,DpmWTApl,DPM WT Applied Amount,Num,,20,,,,
ADO5,DpmWTAplSC,DPM WT Applied Amount (SC),Num,,20,,,,
ADO5,DpmWTAplFC,DPM WT Applied Amount (FC),Num,,20,,,,
