SAP_Table,Field,Description,Type,Constraints,Size,Related,Default,Primary_key,Unique
ADOC,DocEntry,Numerator,Int,,11,,,DOC_ABSREF,No
ADOC,DocNum,Document Number,Int,,11,,,NUM,No
ADOC,DocType,Document Type,VarChar,"I) Item
S) Service",1,,I,,
ADOC,CANCELED,Canceled,VarChar,"Y) Yes
N) No
C) Cancellation",1,,N,,
ADOC,Handwrtten,Manual Numbering,VarChar,"Y) Yes
N) No",1,,N,,
ADOC,Printed,Printed,VarChar,"Y) Copy
N) Original
A) Amended",1,,N,,
ADOC,DocStatus,Document Status,VarChar,"O) Open
C) Closed",1,,O,DOC_STATUS,No
ADOC,InvntSttus,Inventory Status,VarChar,"O) Open
C) Closed",1,,O,,
ADOC,Transfered,Year Transferred,VarChar,"Y) Yes
N) No",1,,N,,
ADOC,ObjType,Object Type,nVarChar,,20,ADP1,,,
ADOC,DocDate,Posting Date,Date,,8,,,,
ADOC,DocDueDate,Value Date,Date,,8,,,,
ADOC,CardCode,BP Code,nVarChar,,15,OCRD,,CUSTOMER,No
ADOC,CardName,BP Name,nVarChar,,100,,,,
ADOC,Address,Bill to,nVarChar,,127,,,,
ADOC,NumAtCard,Customer/Vendor Ref. No.,nVarChar,,100,,,AT_CARD,No
ADOC,VatPercent,Tax %,Num,,20,,,,
ADOC,VatSum,Total Tax,Num,,20,,,,
ADOC,VatSumFC,Tax Amount (FC),Num,,20,,,,
ADOC,DiscPrcnt,Discount % for Document,Num,,20,,,,
ADOC,DiscSum,Total Discount,Num,,20,,,,
ADOC,DiscSumFC,Total Discount (FC),Num,,20,,,,
ADOC,DocCur,Document Currency,nVarChar,,3,OCRN,,,
ADOC,DocRate,Document Rate,Num,,20,,,,
ADOC,DocTotal,Total Document,Num,,20,,,,
ADOC,DocTotalFC,Total Document (FC),Num,,20,,,,
ADOC,PaidToDate,Paid to Date,Num,,20,,,,
ADOC,PaidFC,Paid (FC),Num,,20,,,,
ADOC,GrosProfit,Gross Profit,Num,,20,,,,
ADOC,GrosProfFC,Gross Profit (FC),Num,,20,,,,
ADOC,Ref1,Ref. 1,nVarChar,,11,,,,
ADOC,Ref2,Ref. 3,nVarChar,,11,,,,
ADOC,Comments,Remarks,nVarChar,,127,,,,
ADOC,JrnlMemo,Journal Remark,nVarChar,,50,,,,
ADOC,TransId,Transaction Number,Int,,11,OJDT,,,
ADOC,ReceiptNum,Incoming Payment No.,Int,,11,,,,
ADOC,GroupNum,Payment Terms Code,Int,,6,OCTG,,,
ADOC,DocTime,Creation Time,Int,,6,,,,
ADOC,SlpCode,Sales Employee,Int,,11,OSLP,-1,,
ADOC,TrnspCode,Shipping Type,Int,,6,OSHP,-1,,
ADOC,PartSupply,Partial Delivery,VarChar,"Y) Yes
N) No",1,,Y,,
ADOC,Confirmed,Confirmed,VarChar,"Y) Yes
N) No",1,,Y,,
ADOC,GrossBase,Price List for Gross Profit,Int,,6,,0,,
ADOC,ImportEnt,Order No.,Int,,11,OIPF,,,
ADOC,CreateTran,Create Journal Entry,VarChar,"Y) Yes
N) No",1,,N,,
ADOC,SummryType,Consolidation Method,VarChar,"N) No Summary
I) By Items
D) By Documents",1,,N,,
ADOC,UpdInvnt,Stock Update,VarChar,"N) No
O) Orders from Vendors
C) Customer Orders
G) Consignment
I) Stock",1,,N,,
ADOC,UpdCardBal,Update Balances,VarChar,"N) No
O) Orders
D) Delivery Notes
B) Bookkeeping",1,,N,,
ADOC,Instance,Instance,Int,,6,,0,,
ADOC,Flags,Flags,Int,,11,,0,,
ADOC,InvntDirec,Stock Direction,VarChar,"X) Release
E) Receipt",1,,X,,
ADOC,CntctCode,Contact Person,Int,,11,OCPR,,,
ADOC,ShowSCN,Display BP Catalog Number,VarChar,"Y) Yes
N) No",1,,N,,
ADOC,FatherCard,BP Consolidation,nVarChar,,15,OCRD,,FTHR_CARD,No
ADOC,SysRate,Price (SC),Num,,20,,,,
ADOC,CurSource,Base Currency,VarChar,"L) Local Currency
S) System Currency
C) BP Currency",1,,C,,
ADOC,VatSumSy,Tax Amount (SC),Num,,20,,,,
ADOC,DiscSumSy,Total Discount (SC),Num,,20,,,,
ADOC,DocTotalSy,Total Document (SC),Num,,20,,,,
ADOC,PaidSys,Paid (SC),Num,,20,,,,
ADOC,FatherType,Parent Consolidation Type,VarChar,"P) Payment Consolidation
D) Delivery Consolidation",1,,P,,
ADOC,GrosProfSy,Gross Profit (SC),Num,,20,,,,
ADOC,UpdateDate,Update Date,Date,,8,,,,
ADOC,IsICT,A/R Invoice + Payment,VarChar,"Y) Yes
N) No",1,,N,,
ADOC,CreateDate,Creation Date,Date,,8,,,,
ADOC,Volume,Volume,Num,,20,,,,
ADOC,VolUnit,Volume UoM,Int,,6,,,,
ADOC,Weight,Weight,Num,,20,,,,
ADOC,WeightUnit,Weight Unit,Int,,6,,,,
ADOC,Series,Series,Int,,6,NNM1,,SERIES,No
ADOC,TaxDate,Document Date,Date,,8,,,,
ADOC,Filler,Filter,nVarChar,,8,OWHS,,,
ADOC,DataSource,Data Source,VarChar,"N) Unknown
I) Interface
U) Upgrade
M) Import
O) DI API
A) Auto Summary
D) Restore Wizard
P) Partner Implementation
T) Year Transfer",1,,N,,
ADOC,StampNum,Stamp No.,nVarChar,,16,,,,
ADOC,isCrin,Correction Invoice,VarChar,"Y) Yes
N) No",1,,N,,
ADOC,FinncPriod,Posting Period,Int,,11,OFPR,,,
ADOC,UserSign,User Signature,Int,,6,OUSR,,,
ADOC,selfInv,Auto. Invoice,VarChar,"N) No
Y) Yes",1,,N,,
ADOC,VatPaid,Tax Paid to Date,Num,,20,,,,
ADOC,VatPaidFC,Tax Paid (FC),Num,,20,,,,
ADOC,VatPaidSys,Tax Paid (SC),Num,,20,,,,
ADOC,UserSign2,Updating User,Int,,6,OUSR,,,
ADOC,WddStatus,Authorization Status,VarChar,"-) Without
W) Pending
Y) Approved
N) Rejected
P) Generated
A) Generated by Authorizer
C) Canceled",1,,,,
ADOC,draftKey,Document Draft Internal ID,Int,,11,ODRF,-1,,
ADOC,TotalExpns,Total Expenses,Num,,20,,,,
ADOC,TotalExpFC,Total Expenses (FC),Num,,20,,,,
ADOC,TotalExpSC,Total Expenses (SC),Num,,20,,,,
ADOC,DunnLevel,Dunning Level,Int,,11,ODUN,,,
ADOC,Address2,Ship To,nVarChar,,127,,,,
ADOC,LogInstanc,Log Instance,Int,,11,,0,,
ADOC,Exported,Exported,VarChar,"Y) Yes
N) No",1,,N,,
ADOC,StationID,Workstation ID,Int,,11,CSTN,,,
ADOC,Indicator,Indicator,nVarChar,,2,OIDC,,,
ADOC,NetProc,Net Procedure,VarChar,"Y) Yes
N) No",1,,N,,
ADOC,AqcsTax,Acquisition Tax,Num,,20,,,,
ADOC,AqcsTaxFC,Acquisition Tax (FC),Num,,20,,,,
ADOC,AqcsTaxSC,Acquisition Tax (SC),Num,,20,,,,
ADOC,CashDiscPr,Cash Discount %,Num,,20,,,,
ADOC,CashDiscnt,Cash Discount,Num,,20,,,,
ADOC,CashDiscFC,Cash Discount (FC),Num,,20,,,,
ADOC,CashDiscSC,Cash Discount (SC),Num,,20,,,,
ADOC,ShipToCode,Ship-to Code,nVarChar,,50,,,,
ADOC,LicTradNum,L.T. No.,nVarChar,,32,,,,
ADOC,PaymentRef,Payment Reference No.,nVarChar,,27,,,,
ADOC,WTSum,Withholding Tax Amount,Num,,20,,,,
ADOC,WTSumFC,WTax Amount (FC),Num,,20,,,,
ADOC,WTSumSC,WTax Amount (SC),Num,,20,,,,
ADOC,RoundDif,Rounding Diff. Amount,Num,,20,,,,
ADOC,RoundDifFC,Rounding Diff. Amount (FC),Num,,20,,,,
ADOC,RoundDifSy,Rounding Diff. Amount (SC),Num,,20,,,,
ADOC,CheckDigit,Control Digit,VarChar,,1,,,,
ADOC,Form1099,1099 Form,Int,,11,OTNN,,,
ADOC,Box1099,1099 Box,nVarChar,,20,,,,
ADOC,submitted,Submitted,VarChar,"Y) Yes
N) No",1,,N,,
ADOC,PoPrss,PO Process,VarChar,"Y) Yes
N) No",1,,N,,
ADOC,Rounding,Rounding,VarChar,"Y) Yes
N) No",1,,N,,
ADOC,RevisionPo,Split PO,VarChar,"Y) Yes
N) No",1,,N,,
ADOC,Segment,Segment,Int,,6,,0,,
ADOC,ReqDate,Required Date,Date,,8,,,,
ADOC,CancelDate,Cancelation Date,Date,,8,,,,
ADOC,PickStatus,Pick Status,VarChar,"Y) Yes
N) No",1,,N,,
ADOC,Pick,Pick,VarChar,"Y) Yes
N) No",1,,N,,
ADOC,BlockDunn,Block Dunning,VarChar,"Y) Yes
N) No",1,,N,,
ADOC,PeyMethod,Payment Method,nVarChar,,15,OPYM,,,
ADOC,PayBlock,Payment Block,VarChar,"Y) Yes
N) No",1,,N,,
ADOC,PayBlckRef,Payment Block Abs Entry,Int,,11,OPYB,,,
ADOC,MaxDscn,Max. Discount,VarChar,"Y) Yes
N) No",1,,N,,
ADOC,Reserve,Reserved,VarChar,"Y) Yes
N) No",1,,N,,
ADOC,Max1099,Max. 1099 Amount,Num,,20,,,,
ADOC,CntrlBnk,Central Bank Indicator,nVarChar,,15,OCBI,,,
ADOC,PickRmrk,Pick Remarks,nVarChar,,127,,,,
ADOC,ISRCodLine,ISR Coding Line,nVarChar,,53,,,,
ADOC,ExpAppl,Exp applied,Num,,20,,,,
ADOC,ExpApplFC,Exp applied FC,Num,,20,,,,
ADOC,ExpApplSC,Exp applied DC,Num,,20,,,,
ADOC,Project,Project Code,nVarChar,,20,OPRJ,,,
ADOC,DeferrTax,Deferred Tax,VarChar,"Y) Yes
N) No",1,,,,
ADOC,LetterNum,Tax Exemption Letter No.,nVarChar,,20,,,,
ADOC,FromDate,Exemption Validity Date From,Date,,8,,,,
ADOC,ToDate,To,Date,,8,,,,
ADOC,WTApplied,Applied Withholding Tax,Num,,20,,,,
ADOC,WTAppliedF,Applied WTax (FC),Num,,20,,,,
ADOC,BoeReserev,Bill of Exchange Reserved,VarChar,"Y) Yes
N) No",1,,N,,
ADOC,AgentCode,Agent Code,nVarChar,,32,OAGP,,,
ADOC,WTAppliedS,Applied WTax (SC),Num,,20,,,,
ADOC,EquVatSum,Total Equalization Tax,Num,,20,,,,
ADOC,EquVatSumF,Total Equalization Tax (FC),Num,,20,,,,
ADOC,EquVatSumS,Total Equalization Tax (SC),Num,,20,,,,
ADOC,Installmnt,No. of Installments,Int,,6,,1,,
ADOC,VATFirst,Apply Tax on 1st Installment,VarChar,"Y) Yes
N) No",1,,,,
ADOC,NnSbAmnt,WT Non-Subject Amount,Num,,20,,,,
ADOC,NnSbAmntSC,WT Non Subject Amount (SC),Num,,20,,,,
ADOC,NbSbAmntFC,WT Non Subject Amount (FC),Num,,20,,,,
ADOC,ExepAmnt,WT Exempted Amount,Num,,20,,,,
ADOC,ExepAmntSC,WTax Exempt Amount (FC),Num,,20,,,,
ADOC,ExepAmntFC,WTax Exempt Amount (FC),Num,,20,,,,
ADOC,VatDate,VAT Date,Date,,8,,,,
ADOC,CorrExt,External Corrected Document No.,nVarChar,,25,,,,
ADOC,CorrInv,Internal Corrected Document No.,Int,,11,,,,
ADOC,NCorrInv,Next Correcting Document,Int,,11,,,,
ADOC,CEECFlag,Block Creation of Target Corr. Inv.,VarChar,"N) No
Y) Yes",1,,N,,
ADOC,BaseAmnt,Base Amount,Num,,20,,,,
ADOC,BaseAmntSC,Base Amount (SC),Num,,20,,,,
ADOC,BaseAmntFC,Base Amount (FC),Num,,20,,,,
ADOC,CtlAccount,Control Account,nVarChar,,15,OACT,,,
ADOC,BPLId,Branch,Int,,11,OBPL,,,
ADOC,BPLName,Branch Name,nVarChar,,100,,,,
ADOC,VATRegNum,VAT Reg Number,nVarChar,,32,,,,
ADOC,TxInvRptNo,Tax Invoice Rpt Number,nVarChar,,10,,,,
ADOC,TxInvRptDt,Tax Invoice Rpt Date,Date,,8,,,,
ADOC,KVVATCode,VAT Code for Tax Invoice Rpt,Text,,16,,,,
ADOC,WTDetails,WT Details,nVarChar,,100,,,,
ADOC,SumAbsId,Summary VAT Abstract ID,Int,,11,,-1,,
ADOC,SumRptDate,Summary VAT Report Date,Date,,8,,,,
ADOC,PIndicator,Period Indicator,nVarChar,,10,OPID,' ',,
ADOC,ManualNum,Manual Number,nVarChar,,20,,,,
ADOC,UseShpdGd,Use Shipped Goods Account,VarChar,"N) No
Y) Yes",1,,N,,
ADOC,BaseVtAt,BPL ID Assigned to Invoice,Num,,20,,,,
ADOC,BaseVtAtSC,BPL Name,Num,,20,,,,
ADOC,BaseVtAtFC,Tax Reg. Number,Num,,20,,,,
ADOC,NnSbVAt,Tax Invoice Rpt Number,Num,,20,,,,
ADOC,NnSbVAtSC,Tax Invoice Rpt Date,Num,,20,,,,
ADOC,NbSbVAtFC,WT Non Subject Vat Amount (FC),Num,,20,,,,
ADOC,ExptVAt,WTax Exempted VAT Amount,Num,,20,,,,
ADOC,ExptVAtSC,WTax Exempted VAT Amount (SC),Num,,20,,,,
ADOC,ExptVAtFC,Withholding Tax Details,Num,,20,,,,
ADOC,LYPmtAt,Last Year's Payments,Num,,20,,,,
ADOC,LYPmtAtSC,Last Years Payments (SC),Num,,20,,,,
ADOC,LYPmtAtFC,Summary Tax Report Date,Num,,20,,,,
ADOC,ExpAnSum,Period Indicator,Num,,20,,,,
ADOC,ExpAnSys,Manual Number,Num,,20,,,,
ADOC,ExpAnFrgn,Use Shipped Goods Account,Num,,20,,,,
ADOC,DocSubType,VAT Code for Tax Invoice Rpt,nVarChar,--),2,,--,,
ADOC,DpmStatus,Summary VAT Abstract ID,VarChar,"O) Open
C) Closed",1,,O,,
ADOC,DpmAmnt,Down Payment Amount LC,Num,,20,,,,
ADOC,DpmAmntSC,Down Payment Amount SC,Num,,20,,,,
ADOC,DpmAmntFC,Down Payment Amount FC,Num,,20,,,,
ADOC,DpmDrawn,Drawn to Down Payment,VarChar,"N) No
Y) Yes",1,,N,,
ADOC,DpmPrcnt,Down Payment Percent,Num,,20,,,,
ADOC,PaidSum,Total Paid Sum,Num,,20,,,,
ADOC,PaidSumFc,Total Paid Sum (FC),Num,,20,,,,
ADOC,PaidSumSc,Total Paid Sum (SC),Num,,20,,,,
ADOC,FolioPref,Folio Prefix String,nVarChar,,4,,,,
ADOC,FolioNum,Folio Number,Int,,11,,,,
ADOC,DpmAppl,Down Payment Applied LC,Num,,20,,,,
ADOC,DpmApplFc,Down Payment Applied FC,Num,,20,,,,
ADOC,DpmApplSc,Down Payment Applied SC,Num,,20,,,,
ADOC,LPgFolioN,Folio No. for Last Page in Doc.,Int,,11,,,,
ADOC,Header,Header,Text,,16,,,,
ADOC,Footer,Footer,Text,,16,,,,
ADOC,Posted,Dpm Was Posted,VarChar,"Y) Yes
N) No",1,,Y,,
ADOC,OwnerCode,Document Owner,Int,,11,OHEM,,,
ADOC,BPChCode,BP Channel Code,nVarChar,,15,OCRD,,,
ADOC,BPChCntc,BP Channel Contact Person,Int,,11,OCPR,,,
ADOC,PayToCode,Pay to,nVarChar,,50,,,,
ADOC,IsPaytoBnk,Is Pay to Bank,VarChar,"N) No
Y) Yes",1,,,,
ADOC,BnkCntry,Pay to Bank Country,nVarChar,,3,OCRY,,,
ADOC,BankCode,Pay to Bank Code,nVarChar,,30,,,,
ADOC,BnkAccount,Pay to Bank Account No.,nVarChar,,50,,,,
ADOC,BnkBranch,Pay to Bank Branch,nVarChar,,50,,,,
ADOC,isIns,Reserve Invoice,VarChar,"Y) Yes
N) No",1,,N,,
ADOC,TrackNo,Tracking Number,nVarChar,,30,,,,
ADOC,VersionNum,Version Number,nVarChar,,11,,,,
ADOC,LangCode,Language Code,Int,,11,OLNG,,,
ADOC,BPNameOW,BP_NAME_OVERWRITTEN,VarChar,"Y) Yes
N) No",1,,N,,
ADOC,BillToOW,BILL_TO_OVERWRITTEN,VarChar,"Y) Yes
N) No",1,,N,,
ADOC,ShipToOW,SHIP_TO_OVERWRITTEN,VarChar,"Y) Yes
N) No",1,,N,,
ADOC,RetInvoice,Returning Invoice,VarChar,"Y) Yes
N) No",1,,N,,
ADOC,ClsDate,Document Closing Date,Date,,8,,,,
ADOC,MInvNum,Monthly Invoice No.,Int,,11,,,,
ADOC,MInvDate,Monthly Invoice Date,Date,,8,,,,
ADOC,SeqCode,Sequence Code,Int,,6,,,,
ADOC,Serial,Serial Number,Int,,11,,,,
ADOC,SeriesStr,Series String,nVarChar,,3,,,,
ADOC,SubStr,Subseries String,nVarChar,,3,,,,
ADOC,Model,Nota Fiscal Model,nVarChar,,6,ONFM,0,,
ADOC,TaxOnExp,Tax On Expenses Sum,Num,,20,,,,
ADOC,TaxOnExpFc,Tax On Expenses Sum (FC),Num,,20,,,,
ADOC,TaxOnExpSc,Tax On Expenses Sum (SC),Num,,20,,,,
ADOC,TaxOnExAp,Tax On Expenses Applied,Num,,20,,,,
ADOC,TaxOnExApF,Tax On Expenses Applied(FC),Num,,20,,,,
ADOC,TaxOnExApS,Tax On Expenses Applied(SC),Num,,20,,,,
ADOC,LastPmnTyp,Last Payment Type,VarChar,"R) Receipt
V) Vendor Payment",1,,,,
ADOC,LndCstNum,Landed Cost Number,Int,,11,,,,
ADOC,UseCorrVat,Use Correction VAT Group,VarChar,"N) No
Y) Yes",1,,N,,
ADOC,BlkCredMmo,Block Creating Credit Memo Tgt,VarChar,"N) No
Y) Yes",1,,N,,
ADOC,OpenForLaC,Open For Landed Costs,VarChar,"Y) Open for Landed Costs
N) Closed for Landed Costs",1,,Y,,
ADOC,Excised,Excised,VarChar,"O) Open
C) Close",1,,O,,
ADOC,ExcRefDate,Excise Ref. Date,Date,,8,,,,
ADOC,ExcRmvTime,Excise Removal Time,nVarChar,,8,,,,
ADOC,SrvGpPrcnt,Gross Profit Prcnt of Service,Num,,20,,,,
ADOC,DepositNum,Deposit Number,Int,,11,,,,
ADOC,CertNum,Certificate Number,nVarChar,,31,,,,
ADOC,DutyStatus,Duty Status,VarChar,"Y) With Payment of Duty
N) Without Payment of Duty",1,,Y,,
ADOC,AutoCrtFlw,Auto Create Follow-up Document,VarChar,"N) No
Y) Yes",1,,N,,
ADOC,FlwRefDate,Follow-up Document Ref. Date,Date,,8,,,,
ADOC,FlwRefNum,Follow-up Document Ref. Number,nVarChar,,100,,,,
ADOC,VatJENum,VAT Journal Entry Number,Int,,11,,-1,,
ADOC,DpmVat,Down Payment Tax LC,Num,,20,,,,
ADOC,DpmVatFc,Down Payment Tax FC,Num,,20,,,,
ADOC,DpmVatSc,Down Payment Tax SC,Num,,20,,,,
ADOC,DpmAppVat,Down Payment Applied Tax LC,Num,,20,,,,
ADOC,DpmAppVatF,Down Payment Applied Tax FC,Num,,20,,,,
ADOC,DpmAppVatS,Down Payment Applied Tax SC,Num,,20,,,,
ADOC,InsurOp347,347 Insurance Operation,VarChar,"N) No
Y) Yes",1,,N,,
ADOC,IgnRelDoc,Ignore Relevant Doc on Archive,VarChar,"N) No
Y) Yes",1,,N,,
ADOC,BuildDesc,Build Descriptor,nVarChar,,50,,,,
ADOC,ResidenNum,Residence Number,VarChar,"1) Spanish Fiscal ID
2) VAT Registration Number
3) Passport
4) Fiscal ID Issued by the Residence Country
5) Certificate of Fiscal Residence
6) Other Document",1,,1,,
ADOC,Checker,Checker,Int,,11,OHEM,,,
ADOC,Payee,Payee,Int,,11,OHEM,,,
ADOC,CopyNumber,Copy Number,Int,,11,,0,,
ADOC,SSIExmpt,SSI Exemption,VarChar,"Y) Yes
N) No",1,,,,
ADOC,PQTGrpSer,Pur Quotation Group Series,Int,,6,,,,
ADOC,PQTGrpNum,Pur Quotation Group Number,Int,,11,,,,
ADOC,PQTGrpHW,Pur Quotation Group Manual,VarChar,"Y) Yes
N) No",1,,N,,
ADOC,ReopOriDoc,Reopen Origin. Order by Return,VarChar,"Y) Yes
N) No",1,,,,
ADOC,ReopManCls,Reop. Man. Closed/Canc. Orders,VarChar,"Y) Yes
N) No",1,,,,
ADOC,DocManClsd,Document Was Closed Manually,VarChar,"Y) Yes
N) No
U) Unknown",1,,N,,
ADOC,ClosingOpt,Closing Option,Int,,6,,1,,
ADOC,SpecDate,Posting Date Specified by User,Date,,8,,,,
ADOC,Ordered,Payment Ordered,VarChar,"Y) Yes
N) No",1,,N,,
ADOC,NTSApprov,NTS Approved,VarChar,"N) No
Y) Yes",1,,N,,
ADOC,NTSWebSite,E-Tax Web Site,Int,,6,OTWS,,,
ADOC,NTSeTaxNo,E-Tax Number,nVarChar,,50,,,,
ADOC,NTSApprNo,NTS Approval Number,nVarChar,,50,,,,
ADOC,PayDuMonth,Start From,VarChar,"E) Month End
H) Half Month
Y) Month Start
N)",1,,,,
ADOC,ExtraMonth,Number of Additional Months,Int,,6,,,,
ADOC,ExtraDays,Number of Additional Days,Int,,6,,,,
ADOC,CdcOffset,Cash Discount Offset,Int,,6,,0,,
ADOC,SignMsg,Signature Input Message,Text,,16,,,,
ADOC,SignDigest,Signature Digest,Text,,16,,,,
ADOC,CertifNum,Certification Number,nVarChar,,50,,,,
ADOC,KeyVersion,Private Key Version,Int,,11,,,,
ADOC,EDocGenTyp,Electr. Doc. Generation Type,VarChar,"G) Generate
L) Generate - Later
S) Send
R) Send - Later
N) Not Relevant",1,,N,,
ADOC,ESeries,Electronic Series,Int,,6,NNM4,,,
ADOC,EDocNum,Electronic Document Number,nVarChar,,50,,,,
ADOC,EDocExpFrm,Electronic Doc. Export Format,Int,,11,,,,
ADOC,OnlineQuo,Create Online Quotation,VarChar,"Y) Yes
N) No",1,,N,,
ADOC,POSEqNum,POS Equipment Number,nVarChar,,20,,,,
ADOC,POSManufSN,POS Manufacturer Serial Number,nVarChar,,20,,,,
ADOC,POSCashN,POS Cashier Number,Int,,11,,,,
ADOC,EDocStatus,Electronic Document Status,VarChar,"N) New
P) Pending
S) Sent
E) Error
C) OK",1,,C,,
ADOC,EDocCntnt,Electronic Document Content,Text,,16,,,,
ADOC,EDocProces,Electronic Document Process,VarChar,"C) CFD
I) CFDI",1,,C,,
ADOC,EDocErrCod,Electronic Document Error Code,nVarChar,,50,,,,
ADOC,EDocErrMsg,Electronic Document Error Msg,Text,,16,,,,
ADOC,EDocCancel,Electronic Document - Canceled,VarChar,"N) No
Y) Yes",1,,N,,
ADOC,EDocTest,Electronic Document - Testing,VarChar,"N) No
Y) Yes",1,,N,,
ADOC,EDocPrefix,Electronic Document - Prefix,nVarChar,,10,,,,
ADOC,CUP,Unique Code of Project,Int,,11,OCUP,,,
ADOC,CIG,Contract Code Identification,Int,,11,OCIG,,,
ADOC,DpmAsDscnt,Discount Document with Dpm,VarChar,"N) No
Y) Yes",1,,N,,
ADOC,Attachment,Attachment,Text,,16,,,,
ADOC,AtcEntry,Attachment Entry,Int,,11,,,,
ADOC,SupplCode,Supplementary Code,nVarChar,,127,,,,
ADOC,GTSRlvnt,Relevant To GTS,VarChar,"N) No
Y) Yes",1,,N,,
ADOC,BaseDisc,Base Discount LC,Num,,20,,,,
ADOC,BaseDiscSc,Base Discount SC,Num,,20,,,,
ADOC,BaseDiscFc,Base Discount FC,Num,,20,,,,
ADOC,BaseDiscPr,Base Discount Percentage,Num,,20,,,,
ADOC,CreateTS,Creatn Time - Incl. Secs,Int,,11,,,,
ADOC,UpdateTS,Update Full Time,Int,,11,,,,
ADOC,SrvTaxRule,Apply Service Tax Rule,VarChar,"Y) Yes
N) No",1,,N,,
ADOC,AnnInvDecR,Annual Inv. Declaration Ref.,Int,,11,,,,
ADOC,Supplier,Supplier,nVarChar,,15,OCRD,,,
ADOC,Releaser,Goods Distribution Approver,Int,,11,OHEM,,,
ADOC,Receiver,Goods Release Approver,Int,,11,OHEM,,,
ADOC,ToWhsCode,To Warehouse Code,nVarChar,,8,OWHS,,,
ADOC,AssetDate,Fixed Asset Value Date,Date,,8,,,,
ADOC,Requester,User Requesting Goods,nVarChar,,8,,,,
ADOC,ReqName,User Name,nVarChar,,127,,,,
ADOC,Branch,Branch,Int,,6,OUBR,,,
ADOC,Department,Department,Int,,6,OUDP,,,
ADOC,Email,E-Mail,nVarChar,,100,,,,
ADOC,Notify,Send Notification Needed,VarChar,"Y) Yes
N) No",1,,,,
ADOC,ReqType,Requester Type User/Employee,Int,"12) User
171) Employee",11,,12,,
ADOC,OriginType,Document Origin,VarChar,"M) Manual
R) MRP
S) Sales Order
D) Document Generation Wizard",1,,M,,
ADOC,IsReuseNum,Is Reusing Document Number,VarChar,"Y) Yes
N) No",1,,N,,
ADOC,IsReuseNFN,Is Reusing Nota Fiscal Number,VarChar,"Y) Yes
N) No",1,,N,,
ADOC,DocDlvry,Document Delivery,VarChar,"0
1) Create Online Document
2) Post to Ariba Network",1,,,,
ADOC,PaidDpm,Paid by Down Payment,Num,,20,,,,
ADOC,PaidDpmF,Paid by Down Payment (FC),Num,,20,,,,
ADOC,PaidDpmS,Paid by Down Payment (SC),Num,,20,,,,
ADOC,EnvTypeNFe,Environment Type NF-e,Int,,11,OBNI,-1,,
ADOC,AgrNo,Agreement No.,Int,,11,,,,
ADOC,IsAlt,Is Alteration,VarChar,"Y) Yes
N) No",1,,N,,
ADOC,AltBaseTyp,Alteration Base Type,Int,"-1)
13)
18)
163)
165)",11,,-1,,
ADOC,AltBaseEnt,Alteration Base Entry,Int,,11,,,,
ADOC,AuthCode,Authorization Code,nVarChar,,127,,,,
ADOC,StDlvDate,Start Delivery Date,Date,,8,,,,
ADOC,StDlvTime,Start Delivery Time,Int,,11,,,,
ADOC,EndDlvDate,End Delivery Date,Date,,8,,,,
ADOC,EndDlvTime,End Delivery Time,Int,,11,,,,
ADOC,VclPlate,Vehicle Plate,nVarChar,,20,,,,
ADOC,ElCoStatus,Elec. Comm. Status,nVarChar,"0
1) Pending Approval
2) Rejected",10,,,,
ADOC,AtDocType,AT Document Type,nVarChar,"GT) GT
GA) GA
GD) GD
GR) GR
GC) GC
FT) FT
FS) FS
NC) NC
ND) ND
FR) FR",2,,,,
ADOC,ElCoMsg,Elec. Comm. Message,nVarChar,,127,,,,
ADOC,PrintSEPA,Print SEPA Direct Debit Prenotification,VarChar,"Y) Yes
N) No",1,,N,,
ADOC,FreeChrg,Free of Charge BP,Num,,20,,,,
ADOC,FreeChrgFC,Free of Charge BP FC,Num,,20,,,,
ADOC,FreeChrgSC,Free of Charge BP SC,Num,,20,,,,
ADOC,NfeValue,NF-e Value,Num,,20,,,,
ADOC,FiscDocNum,Fiscal Document Number,nVarChar,,100,,,,
ADOC,RelatedTyp,Related Type,Int,-1),11,,-1,,
ADOC,RelatedEnt,Related Entry,Int,,11,,,,
ADOC,CCDEntry,CCD Abs. Entry,Int,,11,,,,
ADOC,NfePrntFo,NF-e Printing Format,Int,"0
1) Portrait
2) Landscape
3) Simplified
4) DANFE NFC-e
5) Mail",11,,0,,
ADOC,ZrdAbs,POS Daily Summary Number,Int,,11,OZRD,,,
ADOC,POSRcptNo,POS Receipt Number,Int,,11,,,,
ADOC,FoCTax,Free of Charge BP Tax,Num,,20,,,,
ADOC,FoCTaxFC,Free of Charge BP Tax FC,Num,,20,,,,
ADOC,FoCTaxSC,Free of Charge BP Tax SC,Num,,20,,,,
ADOC,TpCusPres,Type of End-User Presence,Int,,11,OBNI,,,
ADOC,ExcDocDate,Excise Doc. Date,Date,,8,,,,
ADOC,FoCFrght,Free of Charge Freight,Num,,20,,,,
ADOC,FoCFrghtFC,Free of Charge Freight FC,Num,,20,,,,
ADOC,FoCFrghtSC,Free of Charge Freight SC,Num,,20,,,,
ADOC,InterimTyp,Interim Type,Int,0,6,,0,,
ADOC,PTICode,POI Code,nVarChar,,5,OPTI,,,
ADOC,Letter,Letter,VarChar,,1,,,,
ADOC,FolNumFrom,Folio Number From,Int,,11,,,,
ADOC,FolNumTo,Folio Number To,Int,,11,,,,
ADOC,FolSeries,Folio Series,Int,,11,OFNS,,,
ADOC,SplitTax,Split Payment Tax,Num,,20,,,,
ADOC,SplitTaxFC,Split Payment Tax FC,Num,,20,,,,
ADOC,SplitTaxSC,Split Payment Tax SC,Num,,20,,,,
