SAP_Table,Field,Description,Type,Constraints,Size,Related,Default,Primary_key,Unique
ADPA,Code,Code,nVarChar,,15,,,PRIMARY,Yes
ADPA,Descr,Description,nVarChar,,100,,,,
ADPA,DirectDpr,Direct Depreciation,VarChar,"D) Direct Posting
I) Indirect Posting",1,,D,,
ADPA,RetMeth,Retirement Method,VarChar,"G) Gross
N) Net",1,,G,,
ADPA,AreaType,Area Type,VarChar,"L) Posting to G/L
O) Additional Area
D) Derived Area",1,,O,,
ADPA,DrvdArea,Derived Area,nVarChar,,15,ODPA,,,
ADPA,DataSource,Data Source,VarChar,,1,,N,,
ADPA,UserSign,User Signature,Int,,6,OUSR,,,
ADPA,LogInstanc,Log Instance,Int,,11,,0,,
ADPA,CreateDate,Creation Date,Date,,8,,,,
ADPA,UserSign2,Updating User,Int,,6,,,,
ADPA,UpdateDate,Date of Update,Date,,8,,,,
ADPA,MainArea,Main Booking Area,VarChar,"Y) Yes
N) No",1,,N,,
ADPA,CreditCtrl,Tax Credit Control,VarChar,"Y) Yes
N) No",1,,N,,
ADPA,TaxType,Tax Type,Int,,11,OSTT,,,
ADPA,DirRevPost,Direct Revenue Posting,VarChar,"Y) Yes
N) No",1,,N,,
ADPA,SnapshotId,Snapshot ID,Int,,11,,0,,
ADPA,BpTaxCorr,BP for Tax Correction,nVarChar,,15,OCRD,,,
ADPA,ItmTaxCorr,Item for Tax Correction,nVarChar,,20,OITM,,,
ADPA,UsgTaxCorr,Usage for Tax Correction,Int,,11,OUSG,,,
