SAP_Table,Field,Description,Type,Constraints,Size,Related,Default,Primary_key,Unique
ADS1,BankCode,Bank Code,nVarChar,,30,,,,
ADS1,Account,Acct No.,nVarChar,,50,,,,
ADS1,Branch,Branch,nVarChar,,50,,,,
ADS1,NextCheck,Next Check No.,Int,,11,,,,
ADS1,GLAccount,G/L Account,nVarChar,,15,OACT,,,
ADS1,Free,Free,VarChar,,1,,,,
ADS1,Street,Street,nVarChar,,100,,,,
ADS1,Block,Block,nVarChar,,100,,,,
ADS1,ZipCode,Zip Code,nVarChar,,20,,,,
ADS1,City,City,nVarChar,,100,,,,
ADS1,County,County,nVarChar,,100,,,,
ADS1,Country,Country,nVarChar,,3,OCRY,,,
ADS1,State,State,nVarChar,,3,OCST,,,
ADS1,BISR,BISR,VarChar,"Y) Yes
N) No",1,,N,,
ADS1,ControlKey,Control Key,nVarChar,,2,,,,
ADS1,UsrNumber1,User No. 1,nVarChar,,25,,,,
ADS1,UsrNumber2,User No. 2,nVarChar,,25,,,,
ADS1,UsrNumber3,User No. 3,nVarChar,,25,,,,
ADS1,UsrNumber4,User No. 4,nVarChar,,25,,,,
ADS1,IBAN,IBAN,nVarChar,,50,,,,
ADS1,DscountBOE,Debt of Discounted BoE,nVarChar,,15,OACT,,,
ADS1,TolrnceDay,Tolerance Days,Int,,11,,,,
ADS1,MinAmntBOE,Min. Amount of Bill of Exchange,Num,,20,,,,
ADS1,MaxAmntBOE,Max. Amount of Bill of Exchange,Num,,20,,,,
ADS1,DscntLimit,Discount Limit,Num,,20,,,,
ADS1,DaysInAdva,Days in Advance,Int,,11,,,,
ADS1,BankCollec,Bank on Collection,nVarChar,,15,OACT,,,
ADS1,BankDiscou,Bank on Discounted,nVarChar,,15,OACT,,,
ADS1,BranchName,Branch Name,nVarChar,,50,,,,
ADS1,AliasName,Alias Name,nVarChar,,50,,,,
ADS1,CompanyCod,Company Code,nVarChar,,10,,,,
ADS1,AcctType,Account Type,VarChar,,1,,,,
ADS1,Building,Building/Floor/Room,Text,,16,,,,
ADS1,BIK,BIK,nVarChar,,15,,,,
ADS1,AcctName,Bank Account Name,nVarChar,,127,,,,
ADS1,CorresAcct,Correspondent Account,nVarChar,,30,,,,
ADS1,Phone,Telephone No.,nVarChar,,25,,,,
ADS1,Fax,Fax,nVarChar,,25,,,,
ADS1,GLIntriAct,G/L Interim Account,nVarChar,,15,OACT,,,
ADS1,ChkPaper,Paper Type,VarChar,"B) Blank Paper
S) Overflow Prenumbered Check Stock
P) Overflow Blank Paper
D) Default",1,,D,,
ADS1,MaxChkLine,Maximum Lines,Int,,6,,,,
ADS1,TmpltName,Template Name,nVarChar,,8,,,,
ADS1,AbsEntry,Internal Number,Int,,11,,,PRIMARY,Yes
ADS1,BankKey,Bank ID,Int,,11,ODSC,,,
ADS1,LockChk,Lock Checks Printing,VarChar,"Y) Yes
N) No",1,,N,,
ADS1,OurNum,Our Number in Next Boleto,Int,,11,,,,
ADS1,AgreeNum,Agreement Number,nVarChar,,10,,,,
ADS1,AccountChk,Account Check Digit,VarChar,,1,,,,
ADS1,ISRType,ISR Type,Int,"1) ISR
2) BISR
3) ISR+
4) BISR+",6,,2,,
ADS1,ISRBillerI,ISR Biller ID,nVarChar,,9,,,,
ADS1,CustIdNum,Customer ID Number,nVarChar,,6,,0,,
ADS1,InSeri,Incoming Payment Series,Int,,6,NNM1,-1,,
ADS1,OutSeri,Outgoing Payment Series,Int,,6,NNM1,-1,,
ADS1,JDTSeri,Journal Entry Series,Int,,6,NNM1,-1,,
ADS1,FilePlug,Import File Name,nVarChar,,50,,,,
ADS1,ImpStmt,Imported Bank Statement,VarChar,"Y) Create New - From File
N) Create New - Manually",1,,N,,
ADS1,PreNumber,Prenumbered Check,VarChar,"Y) Yes
N) No",1,,Y,,
ADS1,AddrType,Address Type,nVarChar,,100,,,,
ADS1,StreetNo,Street No.,nVarChar,,100,,,,
ADS1,LogInstanc,Log Instance,Int,,11,,0,,
ADS1,UpdateDate,Date of Update,Date,,8,,,,
ADS1,UsrLogSign,User Signature,Int,,6,OUSR,,,
ADS1,UserSign2,Updating User,Int,,6,OUSR,,,
ADS1,SwiftNum,BIC/SWIFT Code,nVarChar,,50,,,,
ADS1,FineAcct,Fine Account,nVarChar,,15,OACT,,,
ADS1,IntrstAcct,Interest Account,nVarChar,,15,OACT,,,
ADS1,DscntAcct,Discount Account,nVarChar,,15,OACT,,,
ADS1,SvcFeeAcct,Service Fee Account,nVarChar,,15,OACT,,,
ADS1,BranchChk,Branch Check Digit,nVarChar,,5,,,,
ADS1,RetFile,Retorno File Format,nVarChar,,50,,,,
ADS1,IOFTaxAcct,IOF Tax Account,nVarChar,,15,,,,
ADS1,OthExpAcct,Other Expenses Account,nVarChar,,15,OACT,,,
ADS1,OthIncAcct,Other Incomes Account,nVarChar,,15,OACT,,,
ADS1,CollCode,Collection Code,nVarChar,,50,,,,
ADS1,FileSeqNNo,File Sequence Next Number,Int,,11,,,,
