SAP_Table,Field,Description,Type,Constraints,Size,Related,Default,Primary_key,Unique
ADTP,Code,Code,nVarChar,,15,,,PRIMARY,Yes
ADTP,Descr,Description,nVarChar,,100,,,,
ADTP,DprMeth,Depreciation Method,nVarChar,"NO) No Depreciation
SL) Straight Line
SP) Straight Line Period Control
DB) Declining Balance
ML) Multilevel
WO) Immediate Write-Off
SD) Special Depreciation
MD) Manual Depreciation
CF) Accelerated",2,,NO,,
ADTP,DprTo,Minimum Depreciated Value,Num,,20,,,,
ADTP,Rounding,Round Year End Book Value,VarChar,"Y) Yes
N) No",1,,Y,,
ADTP,InclSalv,Include Salvage Value in Depr.,VarChar,"Y) Yes
N) No",1,,N,,
ADTP,SalvPerc,Percentage for Salvage Value,Num,,20,,,,
ADTP,PerAcq,Period Control for Acquisition,nVarChar,"PR) Pro Rata Temporis
HY) First Year Convention
6M) Half Year
FY) Full Year",2,,PR,,
ADTP,PerSubAcq,Period Control Subacquisition,nVarChar,"PR) Pro Rata Temporis
YR) Half Year Convention
FY) Full Year",2,,PR,,
ADTP,PerRet,Period Control for Retirement,nVarChar,"PR) Pro Rata Temporis
YR) Half Year Convention
EL) After End of Useful Life",2,,PR,,
ADTP,AcqPRTyp,Type of PRT for Acquisition,nVarChar,"EDB) Exact Daily Base
FCP) First Day of Current Period
FNP) First Day of Next Period",3,,EDB,,
ADTP,SubPRTyp,Type of PR for Subacquisition,nVarChar,"EDB) Exact Daily Base
FCP) First Day of Current Period
FNP) First Day of Next Period",3,,EDB,,
ADTP,RetPRTyp,Type of PR for Retirement,nVarChar,"EDB) Exact Daily Base
LPP) Last Day of Prior Period
LCP) Last Day of Current Period",3,,EDB,,
ADTP,PerDpRev,Depreciation to Be Reversed %,Num,,20,,,,
ADTP,ValidFrom,Valid From,Date,,8,,19000101,,
ADTP,ValidTo,Valid To,Date,,8,,20991231,,
ADTP,sCalcMeth,Calc. Method for Straight Line,nVarChar,"APC) Acquisition Value/Total Useful Life
PRC) Percentage of Acquisition Value
NBV) Net Book Value/Remaining Life",3,,APC,,
ADTP,sPercent,Percentage for Straight Line,Num,,20,,,,
ADTP,dBase,Base for Declining Balance,nVarChar,NBV) Net Book Value,3,,NBV,,
ADTP,dPercent,Percentage for Decl. Balance,Num,,20,,,,
ADTP,dFactor,Factor for Declining Balance,Num,,20,,1,,
ADTP,dAltDprTyp,Auto. Change Depreciation Type,nVarChar,,15,ODTP,,,
ADTP,maDecBase,Reduce Depreciation Base,VarChar,"Y) Yes
N) No",1,,Y,,
ADTP,spMeth,Calc. Method for Special Depr.,VarChar,"D) Additional
A) Alternative",1,,D,,
ADTP,spConcPer,Concession Period in Years,Int,,11,,,,
ADTP,spMaxPerc,Maximum Percentage,Num,,20,,,,
ADTP,spAdDpr,Normal Depreciation,nVarChar,,15,ODTP,,,
ADTP,spAlDpr,Alternative Depreciation,nVarChar,,15,ODTP,,,
ADTP,PoolID,Depreciation Type Pool ID,nVarChar,,2,ODPP,,,
ADTP,DataSource,Data Source,VarChar,"N) Unknown
I) Interface
U) Update
M) Import
O) DI API
A) Doc. Generation Wizard
D) Restore Wizard
P) Partner Implementation
T) Year Transfer",1,,N,,
ADTP,UserSign,User Signature,Int,,6,OUSR,,,
ADTP,LogInstanc,Log Instance,Int,,11,,0,,
ADTP,CreateDate,Create Date,Date,,8,,,,
ADTP,UserSign2,Updating User,Int,,6,OUSR,,,
ADTP,UpdateDate,Date of Update,Date,,8,,,,
ADTP,DprPer,Depreciation Periods,VarChar,"S) Standard
I) Individual",1,,S,,
ADTP,PerFactor,Period Factor,Num,,20,,1,,
ADTP,spMaxAmnt,Maximum Amount,Num,,20,,,,
ADTP,spMaxFlag,Max. [Percentage\Amount],VarChar,"P) Percentage
A) Amount",1,,P,,
ADTP,CalcBase,Calculation Base,VarChar,"Y) Yearly
M) Monthly",1,,Y,,
ADTP,DeprEndLFY,Depr. End at Last Full Year,VarChar,"Y) Yes
N) No",1,,N,,
ADTP,AccuPriorP,Accu. Depr. of Prior Periods,VarChar,"Y) Yes
N) No",1,,N,,
ADTP,DeltaCoeff,Delta Coefficient,Int,,11,,0,,
ADTP,MaxDepr,Maximum Depreciable Value,Num,,20,,,,
ADTP,FactorFFY,Factor Only Relevant to FFY,VarChar,"Y) Yes
N) No",1,,N,,
ADTP,SnapshotId,Snapshot ID,Int,,11,,0,,
ADTP,PerTranSou,Period Control Transfer Source,nVarChar,"PR) Pro Rata Temporis
YR) Half Year Convention
FY) Full Year",2,,PR,,
ADTP,PerTranTar,Period Control Transfer Target,nVarChar,"PR) Pro Rata Temporis
YR) Half Year Convention
EL) After End of Useful Life",2,,PR,,
ADTP,TranSPRTyp,Type of PR for Transfer Source,nVarChar,"EDB) Exact Daily Base
LPP) Last Day of Prior Period
LCP) Last Day of Current Period",3,,EDB,,
ADTP,TranTPRTyp,Type of PR for Transfer Target,nVarChar,"EDB) Exact Daily Base
FCP) First Day of Current Period
FNP) First Day of Next Period",3,,EDB,,
