SAP_Table,Field,Description,Type,Constraints,Size,Related,Default,Primary_key,Unique
AEC1,Code,Code,VarChar,,1,OECM,,PRIMARY,Yes
AEC1,LineNum,Row Number,Int,,11,,,,
AEC1,StrIndex,String Index,Int,,6,,,,
AEC1,BPLId,Branch ID,Int,,11,OBPL,-1,,
AEC1,ParamType,Parameter Type,nVarChar,"TX) General Text
TT) Title
EM) E-Mail
UR) URI Address
SA) Server Address
PT) Path
FN) File Name
LG) Logic Value - Yes/No
NI) Number - Integer
NR) Number - Real
PW) Password
OT) Other",2,,TX,,
AEC1,ParamVisib,Parameter is Visible,VarChar,"Y) Yes
N) No",1,,Y,,
AEC1,ParamName,Parameter Name,nVarChar,,100,,,,
AEC1,ParamValue,Parameter Value,Text,,16,,,,
AEC1,UserSign,User Signature,Int,,6,OUSR,,,
AEC1,CreateDate,Creation Date,Date,,8,,,,
AEC1,UserSign2,Updating User,Int,,6,OUSR,,,
AEC1,UpdateDate,Update Date,Date,,8,,,,
AEC1,LogInstanc,Log Instance,Int,,6,,,,
