SAP_Table,Field,Description,Type,Constraints,Size,Related,Default,Primary_key,Unique
AEC3,AbsEntry,Internal ID,Int,,11,ECM2,,PRIMARY,Yes
AEC3,LogNum,Log Number,Int,,11,,,,
AEC3,LogMessage,Log Message,Text,,16,,,,
AEC3,UserSign,User Signature,Int,,6,OUSR,,,
AEC3,CreateDate,Creation Date,Date,,8,,,,
AEC3,UserSign2,Updating User,Int,,6,OUSR,,,
AEC3,UpdateDate,Update Date,Date,,8,,,,
AEC3,LogInstanc,Log Instance,Int,,6,,,,
AEC3,CreateTS,Create Time - Incl. Secs,Int,,11,,,,
AEC3,UpdateTS,Update Full Time,Int,,11,,,,
