SAP_Table,Field,Description,Type,Constraints,Size,Related,Default,Primary_key,Unique
AEDG,AbsEntry,Unique Entry,Int,,11,,,PRIMARY,Yes
AEDG,Type,Type,VarChar,"A) All BPs
C) Customer Group
V) Vendor Group
S) Specific BP",1,,,,
AEDG,ObjType,Object Type,nVarChar,"-1)
10) Card Payment Groups
2) Cards",20,,-1,,
AEDG,ObjCode,Object Code,nVarChar,,15,,,,
AEDG,DiscRel,Disc. Relations,VarChar,"L) Lowest Discount
H) Highest Discount
A) Average
S) Total
M) Discount Multiples",1,,L,,
AEDG,ValidFor,Active,VarChar,"Y) Yes
N) No",1,,Y,,
AEDG,ValidForm,Active From,Date,,8,,,,
AEDG,ValidTo,Active To,Date,,8,,,,
AEDG,DataSource,Data Source,VarChar,"N) Unknown
I) Interface
U) Update
M) Import
O) DI API
A) Doc. Generation Wizard
D) Restore Wizard
P) Partner Implementation
T) Year Transfer",1,,N,,
AEDG,UserSign,User Form,Int,,6,OUSR,,,
AEDG,LogInstanc,Log Instance,Int,,11,,0,,
AEDG,UserSign2,Updating User,Int,,6,OUSR,,,
AEDG,CreateDate,Creation Date,Date,,8,,,,
AEDG,UpdateDate,Update Date,Date,,8,,,,
