SAP_Table,Field,Description,Type,Constraints,Size,Related,Default,Primary_key,Unique
AEXD,ExpnsCode,Internal Number,Int,,11,,,PRIMARY,Yes
AEXD,ExpnsName,Name,nVarChar,,20,,,,
AEXD,RevAcct,Revenue Account,nVarChar,,15,OACT,,,
AEXD,ExpnsAcct,Expense Account,nVarChar,,15,OACT,,,
AEXD,TaxLiable,Tax Liable,VarChar,"Y) Yes
N) No",1,,N,,
AEXD,RevFixSum,Fixed Amount - Revenues,Num,,20,,,,
AEXD,ExpFixSum,Fixed Amount - Expenses,Num,,20,,,,
AEXD,DataSource,Data Source,VarChar,"N) Unknown
I) Interface
U) Upgrade
M) Import
O) DI API
A) Auto Incr.
D) Restore Wizard
P) Partner Implementation
T) Year Transfer",1,,N,,
AEXD,UserSign,User Signature,Int,,6,OUSR,,,
AEXD,VatGroupI,Output Tax Group,nVarChar,,8,OVTG,,,
AEXD,VatGroupO,Input Tax Group,nVarChar,,8,OVTG,,,
AEXD,DistrbMthd,Distribution Method,VarChar,"N) None
Q) Quantity
V) Volume
W) Weight
E) Equally
T) Row Total",1,,N,,
AEXD,In1099,Include in 1099,VarChar,"Y) Yes
N) No",1,,N,,
AEXD,ExpOfstAct,Freight Clearing Account,nVarChar,,15,OACT,,,
AEXD,WTLiable,WTax Liable,VarChar,"Y) Yes
N) No",1,,N,,
AEXD,BaseMethod,Drawing Method,VarChar,"N) None
Q) Quantity
T) Total
A) All",1,,T,,
AEXD,Stock,Stock,VarChar,"Y) Yes
N) No",1,,N,,
AEXD,LstPchPrce,Last Purchase Price,VarChar,"Y) Yes
N) No",1,,N,,
AEXD,SalseRpt,Sales Analysis Report,VarChar,"Y) Yes
N) No",1,,N,,
AEXD,PchRpt,Purchase Analysis Report,VarChar,"Y) Yes
N) No",1,,N,,
AEXD,RevExmAcct,Revenues Exempted Account,nVarChar,,15,OACT,,,
AEXD,ExpnsExAct,Expense Exempted Account,nVarChar,,15,OACT,,,
AEXD,RevRetAct,Revenue Returns Account,nVarChar,,15,,,,
AEXD,ExpnsType,Freight Type,VarChar,"1) Shipping
2) Insurance
3) Other",1,,,,
AEXD,OcrCode,Distribution Rule,nVarChar,,8,OOCR,,,
AEXD,TaxDisMthd,Tax Distribution Method,VarChar,"N) None
Q) Quantity
V) Volume
W) Weight
E) Equally
T) Row Total",1,,N,,
AEXD,OcrCode2,Distribution Rule 2,nVarChar,,8,OOCR,,,
AEXD,OcrCode3,Distribution Rule 3,nVarChar,,8,OOCR,,,
AEXD,OcrCode4,Distribution Rule 4,nVarChar,,8,OOCR,,,
AEXD,OcrCode5,Distribution Rule 5,nVarChar,,8,OOCR,,,
AEXD,OcrCodeX,Distribution Rule X,nVarChar,,100,OOCR,,,
AEXD,LogInstanc,Log Instance,Int,,11,,0,,
AEXD,UpdateDate,Date of Update,Date,,8,,,,
AEXD,UserSign2,Updating User,Int,,6,OUSR,,,
AEXD,Project,Project,nVarChar,,20,OPRJ,,,
AEXD,Intrastat,Intrastat Relevant,VarChar,"Y) Yes
N) No",1,,N,,
