SAP_Table,Field,Description,Type,Constraints,Size,Related,Default,Primary_key,Unique
AFA2,DocEntry,Document Internal ID,Int,,11,AFAD,,PRIMARY,Yes
AFA2,LineNum,Row Number,Int,,11,,,,
AFA2,DprArea,Depreciation Area,nVarChar,,15,ODPA,,,
AFA2,JrnlMemo,Journal Remarks,nVarChar,,50,,,,
AFA2,ObjType,Object Type,nVarChar,,20,,,,
AFA2,LogInstanc,Log Instance,Int,,11,,0,,
AFA2,TransNum,Transaction Number,Int,,11,OJDT,,,
AFA2,JrnlMemo1,Cancellation Journal Remarks,nVarChar,,50,,,,
AFA2,TransNum1,Cancellation Transaction No.,Int,,11,OJDT,,,
