SAP_Table,Field,Description,Type,Constraints,Size,Related,Default,Primary_key,Unique
AFAD,DocEntry,Internal Number,Int,,11,,,PRIMARY,Yes
AFAD,DocNum,Document Number,Int,,11,,,INDEX,Yes
AFAD,Series,Series,Int,,6,NNM1,,,
AFAD,PeriodCat,Period Category,nVarChar,,10,,,,
AFAD,FinncPriod,Posting Period,Int,,11,OFPR,,,
AFAD,PostDate,Posting Date,Date,,8,,,,
AFAD,DocDate,Document Date,Date,,8,,,,
AFAD,DocStatus,Document Status,VarChar,"P) Posted
D) Draft
C) Canceled",1,,P,,
AFAD,TransId,Transaction Number,Int,,11,OJDT,,,
AFAD,Comments,Remarks,nVarChar,,127,,,,
AFAD,Reference,Reference,nVarChar,,32,,,,
AFAD,ObjType,Object Type,nVarChar,,20,,,,
AFAD,Currency,Currency,nVarChar,,3,OCRN,,,
AFAD,DocRate,Document Rate,Num,,20,,,,
AFAD,SysRate,System Rate,Num,,20,,,,
AFAD,PIndicator,Period Indicator,nVarChar,,10,OPID,,,
AFAD,DocTotal,Document Total,Num,,20,,,,
AFAD,DocTotalFC,Document Total (FC),Num,,20,,,,
AFAD,DocTotalSy,Document Total (SC),Num,,20,,,,
AFAD,DataSource,Data Source,VarChar,"N) Unknown
I) Interface
U) Update
M) Import
O) DI API
A) Doc. Generation Wizard
D) Restore Wizard
P) Partner Implementation
T) Year Transfer",1,,N,,
AFAD,UserSign,User Signature,Int,,6,OUSR,,,
AFAD,LogInstanc,Log Instance,Int,,11,,0,,
AFAD,CreateDate,Create Date,Date,,8,,,,
AFAD,UserSign2,Updating User,Int,,6,OUSR,,,
AFAD,UpdateDate,Date of Update,Date,,8,,,,
AFAD,TransType,Original Document,nVarChar,"13) A/R Invoice
19) A/P Credit Memo
18) A/P Invoice
46) Outgoing Payment
163) A/P Correction Invoice
1470000049) Capitalization
1470000060) Fixed Assets Credit Memo
-1) All Transactions
1470000075) Manual Depreciation
1470000090) Fixed Assets Transfer
1470000094) Retirement",20,,-1,,
AFAD,CreatedBy,Original,Int,,11,,,,
AFAD,JrnlMemo,Journal Remarks,nVarChar,,50,,,,
AFAD,AssetDate,Asset Value Date,Date,,8,,,,
AFAD,CurSource,Base Currency,VarChar,"L) Local Currency
S) System Currency
F) Foreign Currency",1,,L,,
AFAD,DocType,Document Type,nVarChar,"PL) Ordinary Depreciation
UP) Unplanned Depreciation
SD) Special Depreciation
AP) Appreciation
TR) Asset Transfer
NC) Sales
SC) Scrapping
TC) Asset Class Transfer",15,,PL,,
AFAD,PrjSmarz,Summarize by Project,VarChar,"Y) Yes
N) No",1,,N,,
AFAD,DstRlSmarz,Summarize by Distribution Rule,VarChar,"Y) Yes
N) No",1,,N,,
AFAD,ManDprType,Manual Depreciation Type,nVarChar,,15,ODTP,,,
AFAD,Handwrtten,Manual Numbering,VarChar,"Y) Yes
N) No",1,,N,,
AFAD,CancelDate,Cancelation Date,Date,,8,,,,
AFAD,DprArea,Depreciation Area,nVarChar,,15,ODPA,,,
AFAD,BPLId,Branch,Int,,11,OBPL,,,
AFAD,BaseRef,Base Reference,nVarChar,,11,,,,
AFAD,LVARetire,Low Value Asset Retirement,VarChar,"Y) Yes
N) No",1,,N,,
AFAD,CancelOpt,Cancelation Option,Int,,6,,1,,
AFAD,BPLName,Branch Name,nVarChar,,100,,,,
AFAD,VatRegNum,VAT Reg. Number,nVarChar,,32,,,,
AFAD,GdsMovType,Goods Movement Type,nVarChar,,2,,,,
