SAP_Table,Field,Description,Type,Constraints,Size,Related,Default,Primary_key,Unique
AFM1,FmlId,Formula ID,Int,,11,OFML,,PRIMARY,Yes
AFM1,DispOrder,Display Order,Int,,11,,,,
AFM1,VarName,Variable Name,nVarChar,,64,,,,
AFM1,Category,Category,VarChar,"1) Input
2) Output
3) In Out",1,,1,,
AFM1,Parameter,Parameter,Text,,16,,,,
AFM1,DataType,Data Type,VarChar,"T) Tax Amounts
S) Amounts
P) Prices
Q) Quantities
%) Percents
I) Integer
A) String
B) Boolean
M) Measures",1,,S,,
AFM1,LogInstanc,Log Instance,Int,,11,,0,,
