SAP_Table,Field,Description,Type,Constraints,Size,Related,Default,Primary_key,Unique
AFML,AbsId,Internal Number,Int,,11,,,PRIMARY,Yes
AFML,Code,Code,nVarChar,,20,,,,
AFML,Descr,Description,nVarChar,,100,,,,
AFML,SttId,Tax Type ID,Int,,11,OSTT,,,
AFML,FmlLang,Formula Language Free Text,Text,,16,,,,
AFML,LogInstanc,Log Instance,Int,,11,,0,,
AFML,UserSign2,Updating User,Int,,6,OUSR,,,
AFML,UpdateDate,Update Date,Date,,8,,,,
AFML,FmlType,Formula Type,VarChar,"T) Tax
W) WTax",1,,T,CODE,Yes
AFML,IsOrigFml,Original/Edited Formula,VarChar,"Y) Yes
N) No",1,,Y,,
