SAP_Table,Field,Description,Type,Constraints,Size,Related,Default,Primary_key,Unique
AFPR,AbsEntry,System Number,Int,,11,,,PRIMARY,Yes
AFPR,Code,Period Code,nVarChar,,20,,,,
AFPR,Name,Period Name,nVarChar,,20,,,,
AFPR,F_RefDate,Posting Date From,Date,,8,,,,
AFPR,T_RefDate,Posting Date To,Date,,8,,,,
AFPR,F_DueDate,Due Date From,Date,,8,,,,
AFPR,T_DueDate,Due Date To,Date,,8,,,,
AFPR,F_TaxDate,Document Date From,Date,,8,,,,
AFPR,T_TaxDate,Document Date To,Date,,8,,,,
AFPR,Free2,Active for Feed,VarChar,"Y) Yes
N) No",1,,Y,,
AFPR,Free3,Locked,VarChar,"N) Unlocked
S) Unlocked Except Sales
C) Closing Period
Y) Locked",1,,N,,
AFPR,DataSource,Data Source,VarChar,"N) Unknown
I) Interface
U) Update
M) Import
O) DI API
A) Doc. Generation Wizard
D) Restore Wizard
P) Partner Implementation
T) Year Transfer",1,,N,,
AFPR,UserSign,User Signature,Int,,6,OUSR,,,
AFPR,SubNum,No. of Sub-Period,Int,,11,,,,
AFPR,Free,Free,VarChar,,1,,,,
AFPR,Free1,Free1,VarChar,,1,,,,
AFPR,Addition,Additional Sub-Periods,VarChar,"Y) Yes
N) No",1,,N,,
AFPR,AddNum,No. of Additional,Int,,11,,,,
AFPR,Category,Category,nVarChar,,10,OACP,,,
AFPR,Indicator,Period Indicator,nVarChar,,10,OPID,,,
AFPR,LogInstanc,Log Instance,Int,,11,,0,,
AFPR,UpdateDate,Date of Update,Date,,8,,,,
AFPR,WasStatChd,Status Was Checked,VarChar,"N) No
Y) Yes",1,,N,,
AFPR,PeriodStat,Period Status,VarChar,"N) Unlocked
S) Unlocked Except Sales
C) Closing Period
Y) Locked
A) Archived",1,,N,,
AFPR,UserSign2,Updating User,Int,,6,OUSR,,,
