SAP_Table,Field,Description,Type,Constraints,Size,Related,Default,Primary_key,Unique
AGAR,AbsEntry,Internal Number,Int,,11,,,PRIMARY,Yes
AGAR,PeriodCat,Period Category,nVarChar,,10,,,,
AGAR,FinancYear,Beginning of Financial Year,Date,,8,,,,
AGAR,Year,Financial Year,Int,,6,,,,
AGAR,PeriodName,Period Name,nVarChar,,20,,,,
AGAR,SubType,Sub-Period Type,VarChar,"Y) Year
Q) Quarters
M) Months
D) Days",1,,Y,,
AGAR,PeriodNum,Number of Periods,Int,,11,,,,
AGAR,F_RefDate,Posting Date From,Date,,8,,,,
AGAR,T_RefDate,Posting Date To,Date,,8,,,,
AGAR,F_DueDate,Due Date From,Date,,8,,,,
AGAR,T_DueDate,Due Date To,Date,,8,,,,
AGAR,F_TaxDate,Document Date From,Date,,8,,,,
AGAR,T_TaxDate,Document Date To,Date,,8,,,,
AGAR,LogInstanc,Log Instance,Int,,11,,,,
AGAR,UpdateDate,Date of Update,Date,,8,,,,
AGAR,UserSign,User Signature,Int,,6,OUSR,,,
AGAR,UserSign2,Updating User,Int,,6,OUSR,,,
AGAR,ItemCode,Item No.,nVarChar,,20,OITM,,,
AGAR,ItmsGrpCod,Item Group,Int,,6,OITB,,,
AGAR,WhsCode,Warehouse Code,nVarChar,,8,OWHS,,,
AGAR,BPGrpCod,BP Group,Int,,6,OCRG,,,
AGAR,LicTradNum,Federal Tax ID,nVarChar,"!^|) All
!^|E) Empty
!^|F) Filled
Enter Tax ID) Enter Tax ID",32,,!^|,,
AGAR,ShipCountr,Ship-to Country,nVarChar,,3,OCRY,,,
AGAR,ShipState,Ship-To State,nVarChar,,3,OCST,,,
AGAR,Comments,Remarks,nVarChar,,127,,,,
AGAR,CreateDate,Creation Date,Date,,8,,,,
AGAR,RuleCode,Advanced Rule Code,nVarChar,,20,,,,
AGAR,GLMethod,Get G/L Account By,VarChar,"A) General
W) Warehouse
C) Item Group",1,,A,,
AGAR,Transfered,Year Transfer [Y/N],VarChar,"Y) Yes
N) No",1,,N,,
AGAR,FromDate,From Date,Date,,8,,,,
AGAR,ToDate,To Date,Date,,8,,,,
AGAR,DfltExpn,Expense Account,nVarChar,,15,OACT,,,
AGAR,DfltIncom,Revenue Account,nVarChar,,15,OACT,,,
AGAR,ExmptIncom,Tax Exempt Revenue Account,nVarChar,,15,OACT,,,
AGAR,StockAct,Inventory Account,nVarChar,,15,OACT,,,
AGAR,COGM_Act,Cost of Goods Sold Account,nVarChar,,15,OACT,,,
AGAR,AlocCstAct,Allocation Account,nVarChar,,15,OACT,,,
AGAR,VariancAct,Variance Account,nVarChar,,15,OACT,,,
AGAR,PricDifAct,Price Difference Account,nVarChar,,15,OACT,,,
AGAR,NegStckAct,Negative Inventory Adj. Acct,nVarChar,,15,OACT,,,
AGAR,DfltLoss,Inventory Offset - Decr. Acct,nVarChar,,15,OACT,,,
AGAR,DfltProfit,Inventory Offset - Incr. Acct,nVarChar,,15,OACT,,,
AGAR,RturnngAct,Sales Returns Account,nVarChar,,15,OACT,,,
AGAR,ECIncome,Revenue Account - EU,nVarChar,,15,OACT,,,
AGAR,ECExepnses,Expense Account - EU,nVarChar,,15,OACT,,,
AGAR,ForgnIncm,Revenue Account - Foreign,nVarChar,,15,OACT,,,
AGAR,ForgnExpn,Expense Account - Foreign,nVarChar,,15,OACT,,,
AGAR,PurchseAct,Purchase Account,nVarChar,,15,OACT,,,
AGAR,PaReturnAc,Purchase Return Account,nVarChar,,15,OACT,,,
AGAR,PaOffsetAc,Purchase Offset Account,nVarChar,,15,OACT,,,
AGAR,ExDiffAct,Exchange Rate Differences Acct,nVarChar,,15,OACT,,,
AGAR,BalanceAct,Goods Clearing Account,nVarChar,,15,OACT,,,
AGAR,DecresGlAc,G/L Decrease Account,nVarChar,,15,OACT,,,
AGAR,IncresGlAc,G/L Increase Account,nVarChar,,15,OACT,,,
AGAR,WipAcct,WIP Inventory Account,nVarChar,,15,OACT,,,
AGAR,WipVarAcct,WIP Inventory Variance Account,nVarChar,,15,OACT,,,
AGAR,WipOffset,WIP Offset P&L Account,nVarChar,,15,OACT,,,
AGAR,StockOffst,Inventory Offset P&L Account,nVarChar,,15,OACT,,,
AGAR,StockRvAct,Inventory Revaluation Account,nVarChar,,15,OACT,,,
AGAR,StkRvOfAct,Inventory Reval. Offset Acct,nVarChar,,15,OACT,,,
AGAR,CostRevAct,COGS Revaluation Acct,nVarChar,,15,OACT,,,
AGAR,CostOffAct,COGS Revaluation Offset Acct,nVarChar,,15,OACT,,,
AGAR,ExpClrAct,Expense Clearing Account,nVarChar,,15,OACT,,,
AGAR,ExpOfstAct,Expense Offset Account,nVarChar,,15,OACT,,,
AGAR,StkInTnAct,Stock In Transit Account,nVarChar,,15,OACT,,,
AGAR,ShpdGdsAct,Shipped Goods Account,nVarChar,,15,OACT,,,
AGAR,VatRevAct,VAT in Revenue Account,nVarChar,,15,OACT,,,
AGAR,ARCMAct,Sales Credit Account,nVarChar,,15,OACT,,,
AGAR,APCMAct,Purchase Credit Account,nVarChar,,15,OACT,,,
AGAR,ARCMExpAct,Tax Exempt Credit Account,nVarChar,,15,OACT,,,
AGAR,ARCMFrnAct,Sales Credit Account - Foreign,nVarChar,,15,OACT,,,
AGAR,APCMFrnAct,Purchase Credit Acct - Foreign,nVarChar,,15,OACT,,,
AGAR,ARCMEUAct,Sales Credit Account - EU,nVarChar,,15,OACT,,,
AGAR,APCMEUAct,Purchase Credit Account - EU,nVarChar,,15,OACT,,,
AGAR,PurBalAct,Purchase Balance Account,nVarChar,,15,OACT,,,
AGAR,WhICenAct,Incoming CENVAT Account (WH),nVarChar,,15,OACT,,,
AGAR,WhOCenAct,Outgoing CENVAT Account (WH),nVarChar,,15,OACT,,,
AGAR,Active,Is Rule Active,VarChar,"Y) Yes
N) No",1,,Y,,
AGAR,CmpPrivate,Company/Private/Government,VarChar,"A) All
C) Company
I) Private
G) Government",1,,A,,
AGAR,VatGroup,Tax Definition,nVarChar,,8,OVTG,,,
AGAR,CardCode,Customer/Vendor Code,nVarChar,,15,OCRD,,,
AGAR,Usage,Usage Code for Document,Int,,11,OUSG,,,
AGAR,FreeChrgSA,Free of Charge Sales Account,nVarChar,,15,OACT,,,
AGAR,FreeChrgPU,Free of Charge Purchase Account,nVarChar,,15,OACT,,,
