SAP_Table,Field,Description,Type,Constraints,Size,Related,Default,Primary_key,Unique
AHE7,empID,Employee No.,Int,,11,OHEM,,PRIMARY,Yes
AHE7,line,Row,Int,,6,,,,
AHE7,ConName,Contract Name,nVarChar,,50,,,,
AHE7,PmntNotes,Payment Details,nVarChar,,50,,,,
AHE7,AN,Employee,Num,,20,,,,
AHE7,AG,Employer,Num,,20,,,,
AHE7,BankName,Bank Name,nVarChar,,50,,,,
AHE7,BankCode,Bank Code,nVarChar,,20,,,,
AHE7,BankAcct,Bank Account,nVarChar,,20,,,,
AHE7,LogInstanc,Log Instance,Int,,11,,0,,
AHE7,ANCurrency,Employee Currency,nVarChar,,3,,,,
AHE7,AGCurrency,Employer Currency,nVarChar,,3,,,,
AHE7,Sequence,Frequency,VarChar,"B)
M) Monthly
Q) Quarterly
S) Semi-annually
Y) Yearly",1,,M,,
