SAP_Table,Field,Description,Type,Constraints,Size,Related,Default,Primary_key,Unique
AHEM,empID,Employee No.,Int,,11,,,PRIMARY,Yes
AHEM,lastName,Last Name,nVarChar,,50,,,,
AHEM,firstName,First Name,nVarChar,,50,,,,
AHEM,middleName,Middle Name,nVarChar,,50,,,,
AHEM,sex,Gender,VarChar,"F) Female
M) Male",1,,M,,
AHEM,jobTitle,Job Title,nVarChar,,20,,,,
AHEM,type,Employee Type,Int,,11,OHTY,,,
AHEM,dept,Department,Int,,6,OUDP,,,
AHEM,branch,Branch,Int,,6,OUBR,,,
AHEM,workStreet,Work Street,nVarChar,,100,,,,
AHEM,workBlock,Work Block,nVarChar,,100,,,,
AHEM,workZip,Work Zip Code,nVarChar,,20,,,,
AHEM,workCity,Work City,nVarChar,,100,,,,
AHEM,workCounty,Work County,nVarChar,,100,,,,
AHEM,workCountr,Work Country,nVarChar,,3,OCRY,,,
AHEM,workState,Work State,nVarChar,,3,,,,
AHEM,manager,Manager,Int,,11,OHEM,,,
AHEM,userId,User ID,Int,,11,OUSR,,,
AHEM,salesPrson,Sales Employee,Int,,11,OSLP,,,
AHEM,officeTel,Office Phone,nVarChar,,20,,,,
AHEM,officeExt,Office Ext.,nVarChar,,20,,,,
AHEM,mobile,Mobile Phone,nVarChar,,20,,,,
AHEM,pager,Pager,nVarChar,,20,,,,
AHEM,homeTel,Home Phone,nVarChar,,20,,,,
AHEM,fax,Fax,nVarChar,,20,,,,
AHEM,email,E-Mail,nVarChar,,100,,,,
AHEM,startDate,Start Date,Date,,8,,,,
AHEM,status,Status,Int,,11,OHST,,,
AHEM,salary,Salary,Num,,20,,,,
AHEM,salaryUnit,Salary Unit,VarChar,"H) Hour
D) Day
W) Week
M) Month
Y) Year
S) Semimonthly
B) Biweekly",1,,M,,
AHEM,emplCost,Employee Costs,Num,,20,,,,
AHEM,empCostUnt,Employee Cost Unit,VarChar,"H) Hour
D) Day
W) Week
M) Month
Y) Year",1,,M,,
AHEM,termDate,Termination Date,Date,,8,,,,
AHEM,termReason,Termination Reason,Int,,11,OHTR,,,
AHEM,bankCode,Bank Code,nVarChar,,30,ODSC,,,
AHEM,bankBranch,Bank Branch,nVarChar,,100,,,,
AHEM,bankBranNo,Bank Branch No.,nVarChar,,30,,,,
AHEM,bankAcount,Bank Account,nVarChar,,100,,,,
AHEM,homeStreet,Home Street,nVarChar,,100,,,,
AHEM,homeBlock,Home Block,nVarChar,,100,,,,
AHEM,homeZip,Home Zip Code,nVarChar,,20,,,,
AHEM,homeCity,Home City,nVarChar,,100,,,,
AHEM,homeCounty,Home County,nVarChar,,100,,,,
AHEM,homeCountr,Home Country,nVarChar,,3,OCRY,,,
AHEM,homeState,Home State,nVarChar,,3,,,,
AHEM,birthDate,Date of Birth,Date,,8,,,,
AHEM,brthCountr,Country of Birth,nVarChar,,3,OCRY,,,
AHEM,martStatus,Marital Status,VarChar,"S) Single
M) Married
D) Divorced
W) Widowed",1,,S,,
AHEM,nChildren,No. of Children,Int,,6,,,,
AHEM,govID,ID Issued by Authorities,nVarChar,,64,,,,
AHEM,citizenshp,Citizenship,nVarChar,,3,OCRY,,,
AHEM,passportNo,Passport No.,nVarChar,,64,,,,
AHEM,passportEx,Passport Expiration Date,Date,,8,,,,
AHEM,picture,Picture,nVarChar,,127,,,,
AHEM,remark,Remarks,Text,,16,,,,
AHEM,attachment,Attachments,Text,,16,,,,
AHEM,salaryCurr,Salary Currency,nVarChar,,3,,,,
AHEM,empCostCur,Employee Costs Currency,nVarChar,,3,,,,
AHEM,WorkBuild,Work Building/Floor/Room,Text,,16,,,,
AHEM,HomeBuild,Home Building/Floor/Room,Text,,16,,,,
AHEM,position,Position,Int,,11,OHPS,,,
AHEM,AtcEntry,Attachment Entry,Int,,11,,,,
AHEM,AddrTypeW,Work Address Type,nVarChar,,100,,,,
AHEM,AddrTypeH,Home Address Type,nVarChar,,100,,,,
AHEM,StreetNoW,Work Street No.,nVarChar,,100,,,,
AHEM,StreetNoH,Home Street No.,nVarChar,,100,,,,
AHEM,DispMidNam,Display Middle Name,VarChar,"N) No
Y) Yes",1,,N,,
AHEM,NamePos,Name Positioning Set,VarChar,"1) Last Name, First Name
2) First Name, Last Name",1,,1,,
AHEM,DispComma,Display Comma,VarChar,"N) No
Y) Yes",1,,N,,
AHEM,CostCenter,Cost Center,nVarChar,,8,OPRC,,,
AHEM,CompanyNum,Company Number,nVarChar,,20,,,,
AHEM,VacPreYear,Vacation: Previous Year,Int,,11,,,,
AHEM,VacCurYear,Vacation: Current Year,Int,,11,,,,
AHEM,MunKey,Municipality Key,nVarChar,,20,,,,
AHEM,TaxClass,Tax Class,nVarChar,"0
1) Tax Class I
2) Tax Class II
3) Tax Class III
4) Tax Class IV
5) Tax Class V
6) Tax Class VI",2,,0,,
AHEM,InTaxLiabi,Income Tax Liability,nVarChar,"0
1) On Tax Card
2) Flat-Rate Tax
3) Cross-Border Employee
4) Not Liable",2,,0,,
AHEM,EmTaxCCode,Religion,nVarChar,"0
--) No Church Tax Liability
AK) (AK) Old Catholic
EV) (EV) Protestant
FA) (FA) Non-Denomination Alzey
FB) (FB) Non-Denominational Regional Congregation Baden
FG) (FG) Non-Denominational Regional Congregation Palatinate
FM) (FM) Non-Denominational Congregation Mainz
FR) (FR) French-Reformed
FS) (FS) Non-Denominational Congregation Offenbach/Mainz
IB) (IB) Israelite Religious Community Baden
IL) (IL) Israelite Rural
IS) (IS) Israelite
IW) (IW) Israelite Religious Community Wuerttemberg
JD) (JD) Jewish Religion Tax
JH) (JH) Jewish Religion Tax
JS) (JS) Jewish Religion Tax
LT) (LT) Lutheran
RF) (RF) Reformed
RK) (RK) Roman Catholic",9,,0,,
AHEM,RelPartner,Religion of Partner,nVarChar,"0
--) No Church Tax Liability
AK) (AK) Old Catholic
EV) (EV) Protestant
FA) (FA) Non-Denomination Alzey
FB) (FB) Non-Denominational Regional Congregation Baden
FG) (FG) Non-Denominational Regional Congregation Palatinate
FM) (FM) Non-Denominational Congregation Mainz
FR) (FR) French-Reformed
FS) (FS) Non-Denominational Congregation Offenbach/Mainz
IB) (IB) Israelite Religious Community Baden
IL) (IL) Israelite Rural
IS) (IS) Israelite
IW) (IW) Israelite Religious Community Wuerttemberg
JD) (JD) Jewish Religion Tax
JH) (JH) Jewish Religion Tax
JS) (JS) Jewish Religion Tax
LT) (LT) Lutheran
RF) (RF) Reformed
RK) (RK) Roman Catholic",9,,0,,
AHEM,ExemptAmnt,Exemption Amount,Num,,20,,,,
AHEM,ExemptUnit,Exemption Amount Period,nVarChar,"0
1) Yearly
2) Monthly
3) Weekly
4) Daily",20,,0,,
AHEM,AddiAmnt,Additional Amount,Num,,20,,,,
AHEM,AddiUnit,Additional Amount Period,nVarChar,"0
1) Yearly
2) Monthly
3) Weekly
4) Daily",20,,0,,
AHEM,TaxOName,Tax Office Name,nVarChar,,50,,,,
AHEM,TaxONum,Tax Office Number,nVarChar,,20,,,,
AHEM,HeaInsName,Health Insurance Company Name,nVarChar,,50,,,,
AHEM,HeaInsCode,Health Insurance Code,nVarChar,,50,,,,
AHEM,HeaInsType,Type of Health Insurance,nVarChar,"' ')
AOK) (AOK)
IKK) (IKK)
EKK) (EKK)
BKK) (BKK)
BKS) (BKS)
LKK) (LKK)",20,,' ',,
AHEM,SInsurNum,Social Insurance Number,nVarChar,,20,,,,
AHEM,StatusOfP,Professional Status,nVarChar,"-1)
0
1) Worker
2) Skilled Worker
3) Supervisor/Foreman
4) Office Worker
5) Youth Help/Sheltered Workshop
6) On Career Advancement Training
7) Homeworker
8) Part Time <18 hrs
9) Part Time > 18 Hrs",2,,-1,,
AHEM,StatusOfE,Educational Status,nVarChar,"0
1) W/o Professional Qualification
2) W. Professional Qualification
3) High School w/o Prof. Qualif.
4) High School w. Prof. Qualific.
5) Vocational Qualification
6) University
7) Not Possible to Specify",2,,0,,
AHEM,BCodeDateV,Bank Code for DATEV,nVarChar,,20,,,,
AHEM,DevBAOwner,Deviating Bank Account Owner,VarChar,"Y) Yes
N) No",1,,N,,
AHEM,FNameSP,First Name of Spouse,nVarChar,,50,,,,
AHEM,SurnameSP,Last Name of Spouse,nVarChar,,50,,,,
AHEM,LogInstanc,Log Instance,Int,,11,,0,,
AHEM,UserSign,User Signature,Int,,6,OUSR,,,
AHEM,UserSign2,Updating User,Int,,6,OUSR,,,
AHEM,UpdateDate,Update Date,Date,,8,,,,
AHEM,PersGroup,Person Group,nVarChar,"-1)
101) Subject to Social Insurance
102) Apprentice
104) Home Worker
105) Trainee
106) Student
108) Early Retirement
109) Part-Time Employee
110) Short-Term Employee
112) Family Member: Agriculture
113) Addnl Income: Agriculture
114) Addnl Income: Seasonal Agriculture
116) Receiving Compensation Pay
118) Irregularly Employed
119) Pensioner
997) Not Specified",5,,-1,,
AHEM,JTCode,Job Title Code,nVarChar,,5,,,,
AHEM,ExtEmpNo,Ext. Employee No.,nVarChar,,20,,,,
AHEM,BirthPlace,Place of Birth,nVarChar,,100,,,,
AHEM,PymMeth,Payment Method,nVarChar,"-1)
05) Bank Transfer",2,,05,,
AHEM,ExemptCurr,Exemption Amount Currency,nVarChar,,3,,,,
AHEM,AddiCurr,Additional Amount Currency,nVarChar,,3,,,,
AHEM,STDCode,STD Code,Int,,11,,,,
AHEM,FatherName,Father's Name,nVarChar,,127,,,,
AHEM,CPF,Personal Fiscal ID,nVarChar,,100,,,,
AHEM,CRC,CRC Number,nVarChar,,20,,,,
AHEM,ContResp,Accountant Responsible,VarChar,"Y) Yes
N) No",1,,N,,
AHEM,RepLegal,Legal Representative,VarChar,"Y) Yes
N) No",1,,N,,
AHEM,DirfDeclar,DIRF Responsible,VarChar,"Y) Yes
N) No",1,,N,,
AHEM,UF_CRC,CRC State,nVarChar,,3,,,,
AHEM,IDType,ID Type,nVarChar,,30,OIDT,,,
AHEM,Active,Employee Status,VarChar,"Y) Active
N) Inactive",1,,Y,,
AHEM,BPLId,Branch,Int,,11,OBPL,,,
AHEM,ManualNUM,Manual EMP No.,nVarChar,,60,,,,
AHEM,PassIssue,Passport Issue Date,Date,,8,,,,
AHEM,PassIssuer,Passport Issuer,nVarChar,,127,,,,
AHEM,QualCode,Qualification Code,nVarChar,"000) n/a
203) Diretor
204) Conselheiro de Administração
205) Administrador
206) Administrador do Grupo
207) Administrador de Sociedade Filiada
220) Administrador Judicial - Pessoa Fisica
222) Administrador Judicial - Pessoa Juridica - profissional responsável
223) Administrador Judicial / Gestor
226) Gestor Judicial
309) Procurador
312) Inventariante
313) Liquidante
315) Interventor
801) Empresário
900) Contador
999) Outros",3,,000,,
AHEM,PRWebAccss,Enable Access to PR from Web,VarChar,"Y) Yes
N) No",1,,N,,
AHEM,PrePRWeb,Previous Stats of PR Web Access,VarChar,"Y) Yes
N) No",1,,N,,
