SAP_Table,Field,Description,Type,Constraints,Size,Related,Default,Primary_key,Unique
AIGW,AbsEntry,Internal Number,Int,,11,,,PRIMARY,Yes
AIGW,ItmsGrpCod,Item Group Code,Int,,6,OITB,,,
AIGW,WhsCode,Warehouse Code,nVarChar,,8,OWHS,,,
AIGW,DftBinAbs,Default Bin Internal Number,Int,,11,OBIN,,,
AIGW,DftBinEnfd,Default Bin Enforced [Y/N],VarChar,"Y) Yes
N) No",1,,N,,
AIGW,DataSource,Data Source,VarChar,,1,,N,,
AIGW,UserSign,User Signature,Int,,6,OUSR,,,
AIGW,LogInstanc,Log Instance,Int,,11,,0,,
AIGW,CreateDate,Create Date,Date,,8,,,,
AIGW,UserSign2,Updating User,Int,,6,OUSR,,,
AIGW,UpdateDate,Date of Update,Date,,8,,,,
