SAP_Table,Field,Description,Type,Constraints,Size,Related,Default,Primary_key,Unique
AIN1,DocEntry,Internal Number,Int,,11,OINC,,PRIMARY,Yes
AIN1,LineNum,Row Number,Int,,11,,,,
AIN1,ItemCode,Item Code,nVarChar,,20,OITM,,,
AIN1,ItemDesc,Item Description,nVarChar,,100,,,,
AIN1,Freeze,Item Freeze Status,VarChar,"Y) Yes
N) No",1,,N,,
AIN1,WhsCode,Warehouse Code,nVarChar,,8,OWHS,,,
AIN1,InWhsQty,In-Whse Qty on Count Date,Num,,20,,,,
AIN1,Counted,Counted,VarChar,"Y) Yes
N) No",1,,N,,
AIN1,CountQty,Counted Quantity,Num,,20,,,,
AIN1,CountQtyT1,Counter 1 - Counted Quantity,Num,,20,,,,
AIN1,CountQtyT2,,Num,,20,,,,
AIN1,Remark,Remarks,nVarChar,,127,,,,
AIN1,BarCode,Bar Code,nVarChar,,127,,,,
AIN1,InvUoM,Inventory UoM,VarChar,"Y) Yes
N) No",1,,Y,,
AIN1,Difference,Difference,Num,,20,,,,
AIN1,DiffPercen,Difference %,Num,,20,,,,
AIN1,CountDate,Count Date,Date,,8,,,,
AIN1,CountTime,Count Time,Int,,11,,,,
AIN1,TargetRef,Target Document Reference,nVarChar,,16,,,,
AIN1,TargetType,Target Document Type,Int,"-1)
0
10000071) Inventory Posting",11,,-1,,
AIN1,TargetEntr,Target Document Internal ID,Int,,11,,,,
AIN1,TargetLine,Target Document Row,Int,,11,,,,
AIN1,ProjCode,Project Code,nVarChar,,20,OPRJ,,,
AIN1,OcrCode,Distribution Rule Code,nVarChar,,8,OOCR,,,
AIN1,LineStatus,Row Status,VarChar,"O) Open
C) Closed",1,,O,,
AIN1,BinEntry,Bin Location Entry,Int,,11,OBIN,,,
AIN1,VisOrder,Visual Order,Int,,11,,,,
AIN1,OcrCode2,Distribution Rule 2,nVarChar,,8,OOCR,,,
AIN1,OcrCode3,Distribution Rule 3,nVarChar,,8,OOCR,,,
AIN1,OcrCode4,Distribution Rule 4,nVarChar,,8,OOCR,,,
AIN1,OcrCode5,Distribution Rule 5,nVarChar,,8,OOCR,,,
AIN1,FirmCode,Manufacturer,Int,,6,OMRC,,,
AIN1,SuppCatNum,Mfr Catalog No.,nVarChar,,17,,,,
AIN1,PrefVendor,Preferred Vendor,nVarChar,,15,OCRD,,,
AIN1,LogIns,Log Instance - History,Int,,11,,,,
AIN1,UgpEntry,UoM Group Entry,Int,,11,OUGP,,,
AIN1,IUomEntry,Inventory UoM Entry,nVarChar,,20,OUOM,,,
AIN1,CountDiff,Counters' Diff.,Num,,20,,,,
AIN1,CountDiffP,Counters' Diff. (%),Num,,20,,,,
AIN1,UomCode,UoM Code for DI,nVarChar,,20,,,,
AIN1,UomQty,UoM Counted Qty for DI,Num,,20,,,,
