SAP_Table,Field,Description,Type,Constraints,Size,Related,Default,Primary_key,Unique
AIN2,DocEntry,Internal Number,Int,,11,OINC,,BUSINESS,Yes
AIN2,LineNum,Row Number,Int,,11,,,,
AIN2,ChildNum,Child Number,Int,,11,,,,
AIN2,BarCode,Bar Code,nVarChar,,127,,,,
AIN2,UomCode,UoM Code,nVarChar,,20,OUOM,,,
AIN2,UomQty,UoM Counted Qty,Num,,20,,,,
AIN2,CountQty,Counted Qty of Inventory UoM,Num,,20,,,,
AIN2,Tk1UomQty,Counter 1 UoM Counted Qty,Num,,20,,,,
AIN2,Tk2UomQty,,Num,,20,,,,
AIN2,Tk1CntQty,Counter 1 Counted Qty of Inv.,Num,,20,,,,
AIN2,Tk2CntQty,,Num,,20,,,,
AIN2,ItmsPerUnt,Items per Unit,Num,,20,,,,
AIN2,LogIns,Log Instance - History,Int,,11,,,,
AIN2,UgpEntry,UoM Group Abs. Entry,Int,,11,OUGP,,,
AIN2,TeamUomQty,Team UoM Counted Qty,Num,,20,,,,
AIN2,TeamCntQty,Team Counted Qty,Num,,20,,,,
AIN2,IUomEntry,Inventory UoM Entry,nVarChar,,20,OUOM,,,
