SAP_Table,Field,Description,Type,Constraints,Size,Related,Default,Primary_key,Unique
AIN3,DocEntry,Internal Number,Int,,11,OINC,,PRIMARY,Yes
AIN3,LineNum,Row Number,Int,,11,,,,
AIN3,SnbIndex,SnB Index,Int,,11,,,,
AIN3,ItemCode,Item Code,nVarChar,,20,OITM,,,
AIN3,WhsCode,Warehouse,nVarChar,,8,OWHS,,,
AIN3,ObjId,Object ID,Int,,11,,,,
AIN3,ObjAbs,Object Abs.,Int,,11,,,,
AIN3,DrfWObjAbs,Draft Whse Obj. Abs.,Int,,11,,-1,,
AIN3,Quantity,Quantity,Num,,20,,,,
AIN3,SubLineNum,Subrow Number,Int,,11,,-1,,
AIN3,ObjType,Object Type,nVarChar,,20,,,,
AIN3,LogInstanc,Log Instance - History,Int,,11,,,,
AIN3,TakerType,Counter Type,Int,"0
1) Two Counters - Counter 1
2) Two Counters - Counter 2",11,,,,
