SAP_Table,Field,Description,Type,Constraints,Size,Related,Default,Primary_key,Unique
AINC,DocEntry,Internal Number,Int,,11,,,PRIMARY,Yes
AINC,DocNum,Document Number,Int,,11,,,,
AINC,Series,Series,Int,,6,NNM1,,SERIES,Yes
AINC,CountDate,Date of Counting,Date,,8,,,,
AINC,Time,Time of Counting,Int,,11,,,,
AINC,CountType,Counting Type,VarChar,"1) Single Counter
2) Multiple Counters",1,,1,,
AINC,Taker1Type,Type of Counter,Int,"12) User
171) Employee",11,,12,,
AINC,Taker1Id,Counter ID,Int,,11,,,,
AINC,Taker2Type,,Int,,11,,12,,
AINC,Taker2Id,,Int,,11,,,,
AINC,Status,Status,VarChar,"O) Open
C) Closed",1,,O,,
AINC,Ref2,Reference 2,nVarChar,,11,,,,
AINC,Remarks,Remarks,Text,,16,,,,
AINC,LogIns,Log Instance - History,Int,,11,,,,
AINC,UserSign,User Creating - History,Int,,6,OUSR,,,
AINC,UserSign2,Updating User - History,Int,,6,OUSR,,,
AINC,UpdateDate,Date of Update - History,Date,,8,,,,
AINC,CreateDate,Create Date - History,Date,,8,,,,
AINC,ObjType,Object Type,nVarChar,,20,,1470000065,,
AINC,WddStatus,Authorization Status,VarChar,"-) Without
W) Pending
Y) Approved
N) Rejected
P) Approved
A) Generated by Authorizer
C) Canceled",1,,,,
AINC,DraftKey,Draft Document Internal ID,Int,,11,OICD,-1,,
AINC,Printed,Printed,VarChar,"Y) Yes
N) No",1,,N,,
AINC,BPLId,Branch,Int,,11,OBPL,,,
AINC,BPLName,Branch Name,nVarChar,,100,,,,
AINC,TeamCount,Count of Team Counters,Int,,11,,0,,
AINC,IndvCount,Count of Individual Counters,Int,,11,,0,,
AINC,DiffQty,Total Difference,Num,,20,,,,
AINC,DiffPercen,Total Difference (%),Num,,20,,,,
AINC,UpdateTS,Update Full Time,Int,,11,,,,
AINC,CreateTime,Generation Time,Int,,6,,,,
AINC,PIndicator,Period Indicator,nVarChar,,10,,' ',,
AINC,FinncPriod,Posting Period,Int,,11,,,,
AINC,PostDate,Posting Date,Date,,8,,,,
AINC,VersionNum,Version Number,nVarChar,,11,,,,
AINC,DataSource,Data Source,VarChar,"N) Unknown
I) Interface
U) Upgrade
M) Import
O) DI API
A) Auto Summary
D) Restore Wizard
P) Partner Implementation
T) Year Transfer",1,,N,,
