SAP_Table,Field,Description,Type,Constraints,Size,Related,Default,Primary_key,Unique
AINS,insID,Equipment Card Number,Int,,11,,,PRIMARY,Yes
AINS,customer,Customer Code,nVarChar,,15,OCRD,,,
AINS,custmrName,Customer Name,nVarChar,,100,,,,
AINS,contactCod,Contact Person Code,Int,,11,OCPR,,,
AINS,directCsmr,Direct Customer,nVarChar,,15,,,,
AINS,drctCsmNam,Direct Customer Name,nVarChar,,100,,,,
AINS,manufSN,Mfr. Serial No.,nVarChar,,36,,,,
AINS,internalSN,Serial Number,nVarChar,,36,,,,
AINS,warranty,Warranty Flag,VarChar,"Y) Yes
N) No",1,,N,,
AINS,wrrntyStrt,Warranty Start Date,Date,,8,,,,
AINS,wrrntyEnd,Warranty End Date,Date,,8,,,,
AINS,responsVal,Time Required for Response,Int,,6,,,,
AINS,responsUnt,Unit for the previous field,VarChar,"H) Hour(s)
D) Day(s)",1,,D,,
AINS,itemCode,Foreign Key To Item,nVarChar,,20,OITM,,,
AINS,itemName,Item Description,nVarChar,,100,,,,
AINS,itemGroup,Item Group,Int,,6,OITB,,,
AINS,manufDate,Manufacture Date,Date,,8,,,,
AINS,delivery,Delivery Key,Int,,11,ODLN,,,
AINS,deliveryNo,Delivery Number,Int,,11,,,,
AINS,invoice,Invoice Key,Int,,11,OINV,,,
AINS,invoiceNum,Invoice Number,Int,,11,,,,
AINS,dlvryDate,Delivery Date,Date,,8,,,,
AINS,cntctPhone,Contact Phone,nVarChar,,20,,,,
AINS,street,Street,nVarChar,,100,,,,
AINS,block,Block,nVarChar,,100,,,,
AINS,zip,Zip Code,nVarChar,,20,,,,
AINS,city,City,nVarChar,,100,,,,
AINS,county,County,nVarChar,,100,,,,
AINS,country,Country,nVarChar,,3,OCRY,,,
AINS,state,State,nVarChar,,3,OCST,,,
AINS,instLction,Installation Location,nVarChar,,127,,,,
AINS,contract,Contract,Int,,11,OCTR,,,
AINS,cntrctStrt,Contract Start Date,Date,,8,,,,
AINS,cntrctEnd,Contract End Date,Date,,8,,,,
AINS,attachment,Attachments,Text,,16,,,,
AINS,objType,Object Type,nVarChar,,20,,176,,
AINS,logInstanc,Log Instance,Int,,11,,,,
AINS,userSign,Creating User,Int,,6,OUSR,,,
AINS,createDate,Creation Date,Date,,8,,,,
AINS,userSign2,Updating User,Int,,6,OUSR,,,
AINS,updateDate,Update Date,Date,,8,,,,
AINS,Building,Building/Floor/Room,Text,,16,,,,
AINS,status,Status,VarChar,"A) Active
R) Returned
T) Terminated
L) Loaned
I) In Repair Lab",1,,A,,
AINS,replcIns,The CEC this replaced,Int,,11,OINS,,,
AINS,repByIns,The CEC this is replaced by,Int,,11,OINS,,,
AINS,technician,Default Technician,Int,,11,OHEM,,,
AINS,territory,Default Territory,Int,,11,OTER,,,
AINS,AtcEntry,Attachment Entry,Int,,11,OATC,,,
AINS,Transfered,Year Transfer,VarChar,,1,,N,,
AINS,AddrType,Address Type,nVarChar,,100,,,,
AINS,Instance,Instance,Int,,6,,0,,
AINS,StreetNo,Street No.,nVarChar,,100,,,,
