SAP_Table,Field,Description,Type,Constraints,Size,Related,Default,Primary_key,Unique
AIQI,DocEntry,Document Internal ID,Int,,11,,,PRIMARY,Yes
AIQI,CreateDate,Creation Date,Date,,8,,,CREATEDATE,No
AIQI,DocTime,Generation Time,Int,,6,,,,
AIQI,IOffIncAcc,Inventory Offset Increase Acct,nVarChar,,15,OACT,,,
AIQI,DOffDecAcc,Inventory Offset Decrease Acct,nVarChar,,15,OACT,,,
AIQI,DocDate,Posting Date,Date,,8,,,DOC_DATE,No
AIQI,Reference,Reference,nVarChar,,11,,,,
AIQI,Comments,Remarks,nVarChar,,127,,,,
AIQI,DocDueDate,Due Date,Date,,8,,,,
AIQI,DataSource,Data Source,VarChar,,1,,N,,
AIQI,UserSign,User Signature,Int,,6,OUSR,,,
AIQI,VersionNum,Version Number,nVarChar,,11,,,,
AIQI,JdtNum,Journal Number,Int,,11,,,,
AIQI,Reference2,Reference 2,nVarChar,,11,,,,
AIQI,ObjType,Object Type,nVarChar,,20,,310000001,,
AIQI,DocNum,Document Number,Int,,11,,,,
AIQI,Series,Series,Int,,6,NNM1,,,
AIQI,PriceSrc,Price Source,VarChar,"1) By Price List
2) Last Evaluated Price
3) Item Cost",1,,3,,
AIQI,PriceList,Price List,Int,,11,,,,
AIQI,JrnlMemo,Journal Remarks,nVarChar,,50,,,,
AIQI,TaxDate,Document Date,Date,,8,,,,
AIQI,Status,Status,VarChar,"O) Open
C) Close",1,,O,,
AIQI,LogIns,Log Instance - History,Int,,11,,,,
AIQI,UserSign2,Update User - History,Int,,6,OUSR,,,
AIQI,UpdateDate,Date of Update - History,Date,,8,,,,
AIQI,WddStatus,Authorization Status,VarChar,"-) Without
W) Pending
Y) Approved
N) Rejected
P) Generated
A) Generated by Authorizer
C) Canceled",1,,,,
AIQI,DraftKey,Draft Document Internal ID,Int,,11,OIOD,-1,,
AIQI,Printed,Printed,VarChar,,1,,N,,
AIQI,DocTotal,Document Total,Num,,20,,,,
AIQI,BPLId,Branch,Int,,11,OBPL,,,
AIQI,BPLName,Branch Name,nVarChar,,100,,,,
AIQI,UpdateTS,Update Full Time,Int,,11,,,,
AIQI,PIndicator,Period Indicator,nVarChar,,10,,' ',,
AIQI,FinncPriod,Posting Period,Int,,11,,,,
