SAP_Table,Field,Description,Type,Constraints,Size,Related,Default,Primary_key,Unique
AIQR,DocEntry,Document Internal ID,Int,,11,,,PRIMARY,Yes
AIQR,CreateDate,Creation Date,Date,,8,,,CREATEDATE,No
AIQR,DocTime,Generation Time,Int,,6,,,,
AIQR,IOffIncAcc,Inventory Offset Increase Acct,nVarChar,,15,OACT,,,
AIQR,DOffDecAcc,Inventory Offset Decrease Acct,nVarChar,,15,OACT,,,
AIQR,DocDate,Posting Date,Date,,8,,,DOC_DATE,No
AIQR,Reference,Reference,nVarChar,,11,,,,
AIQR,Comments,Remarks,nVarChar,,127,,,,
AIQR,DocDueDate,Due Date,Date,,8,,,,
AIQR,DataSource,Data Source,VarChar,,1,,N,,
AIQR,UserSign,User Signature,Int,,6,OUSR,,,
AIQR,VersionNum,Version Number,nVarChar,,11,,,,
AIQR,JdtNum,Journal Number,Int,,11,OJDT,,,
AIQR,Reference2,Reference 2,nVarChar,,11,,,,
AIQR,ObjType,Object Type,nVarChar,,20,,10000071,,
AIQR,DocNum,Document Number,Int,,11,,,,
AIQR,Series,Series,Int,,6,NNM1,,,
AIQR,PriceSrc,Price Source,Int,"1) By Price List
2) Last Evaluated Price
3) Item Cost",11,,3,,
AIQR,PriceList,Price List,Int,,11,,,,
AIQR,JrnlMemo,Journal Remarks,nVarChar,,50,,,,
AIQR,Status,Status,VarChar,"O) Open
C) Close",1,,O,,
AIQR,LogIns,Log Instance - History,Int,,11,,,,
AIQR,UserSign2,Updating User - History,Int,,6,OUSR,,,
AIQR,UpdateDate,Date of Update - History,Date,,8,,,,
AIQR,CountDate,Date of Counting,Date,,8,,,,
AIQR,CountTime,Time of Counting,Int,,11,,,,
AIQR,WddStatus,Authorization Status,VarChar,"-) Without
W) Pending
Y) Approved
N) Rejected
P) Generated
A) Generated by Authorizer
C) Canceled",1,,,,
AIQR,DraftKey,Draft Document Internal ID,Int,,11,OIPD,-1,,
AIQR,Printed,Printed,VarChar,,1,,N,,
AIQR,DocTotal,Document Total,Num,,20,,,,
AIQR,BPLId,Branch,Int,,11,OBPL,,,
AIQR,BPLName,Branch Name,nVarChar,,100,,,,
AIQR,UpdateTS,Update Full Time,Int,,11,,,,
AIQR,CopyOption,DI Copy from Option,VarChar,"0
1) Individual 1
2) Individual 2
3) Individual 3
4) Individual 4
5) Individual 5
6) Team Counted Quantity",1,,0,,
AIQR,BaseEntry,Base Counting Doc. Entry,Int,,11,,,,
AIQR,PIndicator,Period Indicator,nVarChar,,10,,' ',,
AIQR,FinncPriod,Posting Period,Int,,11,,,,
