SAP_Table,Field,Description,Type,Constraints,Size,Related,Default,Primary_key,Unique
AIT13,ItemCode,Item No.,nVarChar,,20,OITM,,PRIMARY,Yes
AIT13,AttriTxt1,Attribute 1,nVarChar,,100,,,,
AIT13,AttriTxt2,Attribute 2,nVarChar,,100,,,,
AIT13,AttriTxt3,Attribute 3,nVarChar,,100,,,,
AIT13,AttriTxt4,Attribute 4,nVarChar,,100,,,,
AIT13,AttriTxt5,Attribute 5,nVarChar,,100,,,,
AIT13,AttriTxt6,Attribute 6,nVarChar,,100,,,,
AIT13,AttriTxt7,Attribute 7,nVarChar,,100,,,,
AIT13,AttriTxt8,Attribute 8,nVarChar,,100,,,,
AIT13,AttriTxt9,Attribute 9,nVarChar,,100,,,,
AIT13,AttriTxt10,Attribute 10,nVarChar,,100,,,,
AIT13,AttriTxt11,Attribute 11,nVarChar,,100,,,,
AIT13,AttriTxt12,Attribute 12,nVarChar,,100,,,,
AIT13,AttriTxt13,Attribute 13,nVarChar,,100,,,,
AIT13,AttriTxt14,Attribute 14,nVarChar,,100,,,,
AIT13,AttriTxt15,Attribute 15,nVarChar,,100,,,,
AIT13,AttriTxt16,Attribute 16,nVarChar,,100,,,,
AIT13,AttriTxt17,Attribute 17,nVarChar,,100,,,,
AIT13,AttriTxt18,Attribute 18,nVarChar,,100,,,,
AIT13,AttriTxt19,Attribute 19,nVarChar,,100,,,,
AIT13,AttriTxt20,Attribute 20,nVarChar,,100,,,,
AIT13,AttriTxt21,Attribute 21,nVarChar,,100,,,,
AIT13,AttriTxt22,Attribute 22,nVarChar,,100,,,,
AIT13,AttriTxt23,Attribute 23,nVarChar,,100,,,,
AIT13,AttriTxt24,Attribute 24,nVarChar,,100,,,,
AIT13,AttriTxt25,Attribute 25,nVarChar,,100,,,,
AIT13,AttriTxt26,Attribute 26,nVarChar,,100,,,,
AIT13,AttriTxt27,Attribute 27,nVarChar,,100,,,,
AIT13,AttriTxt28,Attribute 28,nVarChar,,100,,,,
AIT13,AttriTxt29,Attribute 29,nVarChar,,100,,,,
AIT13,AttriTxt30,Attribute 30,nVarChar,,100,,,,
AIT13,AttriTxt31,Attribute 31,nVarChar,,100,,,,
AIT13,AttriTxt32,Attribute 32,nVarChar,,100,,,,
AIT13,AttriInt33,Attribute 33,Int,,11,,,,
AIT13,AttriInt34,Attribute 34,Int,,11,,,,
AIT13,AttriInt35,Attribute 35,Int,,11,,,,
AIT13,AttriInt36,Attribute 36,Int,,11,,,,
AIT13,AttriInt37,Attribute 37,Int,,11,,,,
AIT13,AttriInt38,Attribute 38,Int,,11,,,,
AIT13,AttriInt39,Attribute 39,Int,,11,,,,
AIT13,AttriInt40,Attribute 40,Int,,11,,,,
AIT13,AttriInt41,Attribute 41,Int,,11,,,,
AIT13,AttriInt42,Attribute 42,Int,,11,,,,
AIT13,AttriDt43,Attribute 43,Date,,8,,,,
AIT13,AttriDt44,Attribute 44,Date,,8,,,,
AIT13,AttriDt45,Attribute 45,Date,,8,,,,
AIT13,AttriDt46,Attribute 46,Date,,8,,,,
AIT13,AttriDt47,Attribute 47,Date,,8,,,,
AIT13,AttriAm48,Attribute 48,Num,,20,,,,
AIT13,AttriAm49,Attribute 49,Num,,20,,,,
AIT13,AttriAm50,Attribute 50,Num,,20,,,,
AIT13,AttriAm51,Attribute 51,Num,,20,,,,
AIT13,AttriAm52,Attribute 52,Num,,20,,,,
AIT13,AttriAm53,Attribute 53,Num,,20,,,,
AIT13,AttriAm54,Attribute 54,Num,,20,,,,
AIT13,AttriPr55,Attribute 55,Num,,20,,,,
AIT13,AttriPr56,Attribute 56,Num,,20,,,,
AIT13,AttriPr57,Attribute 57,Num,,20,,,,
AIT13,AttriPr58,Attribute 58,Num,,20,,,,
AIT13,AttriPr59,Attribute 59,Num,,20,,,,
AIT13,AttriQTY60,Attribute 60,Num,,20,,,,
AIT13,AttriQTY61,Attribute 61,Num,,20,,,,
AIT13,AttriQTY62,Attribute 62,Num,,20,,,,
AIT13,AttriQTY63,Attribute 63,Num,,20,,,,
AIT13,AttriQTY64,Attribute 64,Num,,20,,,,
AIT13,LogInstanc,Log Instance,Int,,6,,0,,
AIT13,ObjType,Object,nVarChar,,20,ADP1,4,,
