SAP_Table,Field,Description,Type,Constraints,Size,Related,Default,Primary_key,Unique
AIT1,ItemCode,Item Number,nVarChar,,20,OITM,,PRIMARY,Yes
AIT1,PriceList,Price List No.,Int,,6,OPLN,,,
AIT1,Price,Price List,Num,,20,,,,
AIT1,Currency,Price List Currency,nVarChar,,3,,,,
AIT1,Ovrwritten,Manual Price Update,VarChar,"Y) Yes
N) No",1,,N,,
AIT1,Factor,Factor,Num,,20,,,,
AIT1,LogInstanc,Log Instance,Int,,11,,0,,
AIT1,ObjType,Object,nVarChar,,20,ADP1,,,
AIT1,AddPrice1,Additional Price (1),Num,,20,,,,
AIT1,Currency1,Currency for Add. Price 1,nVarChar,,3,OCRN,,,
AIT1,AddPrice2,Additional Price (2),Num,,20,,,,
AIT1,Currency2,Currency for Add. Price 2,nVarChar,,3,OCRN,,,
AIT1,Ovrwrite1,Manual Price Entry (1),VarChar,"Y) Yes
N) No",1,,N,,
AIT1,Ovrwrite2,Manual Price Entry (2),VarChar,"Y) Yes
N) No",1,,N,,
AIT1,BasePLNum,Base Price List No.,Int,,6,OPLN,,,
