SAP_Table,Field,Description,Type,Constraints,Size,Related,Default,Primary_key,Unique
AIT6,ItemCode,Item No.,nVarChar,,20,OITM,,PRIMARY,Yes
AIT6,LineNum,Line Number,nVarChar,,11,,,,
AIT6,ValidFrom,Valid From,Date,,8,,,,
AIT6,ValidTo,Valid To,Date,,8,,,,
AIT6,OcrCode,Distribution Rule,nVarChar,,8,OOCR,,,
AIT6,OcrCode2,Costing Code 2,nVarChar,,8,OOCR,,,
AIT6,OcrCode3,Costing Code 3,nVarChar,,8,OOCR,,,
AIT6,OcrCode4,Costing Code 4,nVarChar,,8,OOCR,,,
AIT6,OcrCode5,Costing Code 5,nVarChar,,8,OOCR,,,
AIT6,LogInstanc,Log Instance,Int,,11,,0,,
AIT6,ObjType,Object,nVarChar,,20,ADP1,4,,
