SAP_Table,Field,Description,Type,Constraints,Size,Related,Default,Primary_key,Unique
AIT7,ItemCode,Item No.,nVarChar,,20,OITM,,PRIMARY,Yes
AIT7,PeriodCat,Period Category,nVarChar,,10,,,,
AIT7,DprArea,Depreciation Area,nVarChar,,15,ODPA,,,
AIT7,VisOrder,Visual Order,Int,,11,,,,
AIT7,DprStart,Depreciation Start Date,Date,,8,,,,
AIT7,DprEnd,Depreciation End Date,Date,,8,,,,
AIT7,UsefulLife,Useful Life,Int,,11,,,,
AIT7,RemainLife,Remaining Life,Num,,20,,,,
AIT7,DprType,Depreciation Type,nVarChar,,15,ODTP,,,
AIT7,DprTypeC,Depr. Type Calculation,nVarChar,,15,ODTP,,,
AIT7,UsefulLfeC,Useful Life Calculation,Int,,11,,,,
AIT7,LogInstanc,Log Instance,Int,,11,,0,,
AIT7,ObjType,Object,nVarChar,,20,ADP1,4,,
AIT7,RemainDays,Remaining Life in Days,Num,,20,,,,
