SAP_Table,Field,Description,Type,Constraints,Size,Related,Default,Primary_key,Unique
AIT8,ItemCode,Item No.,nVarChar,,20,OITM,,PRIMARY,Yes
AIT8,PeriodCat,Period Category,nVarChar,,10,,,,
AIT8,DprArea,Depreciation Area,nVarChar,,15,ODPA,,,
AIT8,APC,APC,Num,,20,,,,
AIT8,APCHist,Historical APC,Num,,20,,,,
AIT8,Quantity,Asset Quantity,Num,,20,,,,
AIT8,OrDpAcc,Accumulated Ordinary Depr.,Num,,20,,,,
AIT8,UnDpAcc,Accumulated Unplanned Depr.,Num,,20,,,,
AIT8,SpDpKey1,Special Depreciation 01,nVarChar,,2,ODPP,,,
AIT8,SpDpAcc1,Accumulated Special Depr. 01,Num,,20,,,,
AIT8,SpDpKey2,Special Depreciation 02,nVarChar,,2,ODPP,,,
AIT8,SpDpAcc2,Accumulated Special Depr. 02,Num,,20,,,,
AIT8,SpDpKey3,Special Depreciation 03,nVarChar,,2,ODPP,,,
AIT8,SpDpAcc3,Accumulated Special Depr. 03,Num,,20,,,,
AIT8,LogInstanc,Log Instance,Int,,11,,0,,
AIT8,ObjType,Object,nVarChar,,20,ADP1,4,,
AIT8,SalvageVal,Salvage Value,Num,,20,,,,
AIT8,OrDpAcc1,Ordinary Depr. Accumulation 01,Num,,20,,,,
AIT8,WriteUpAcc,Accumulated Write-Up,Num,,20,,,,
AIT8,IsMaSalVal,Manually Changed Salvage Value,VarChar,"Y) Yes
N) No",1,,N,,
AIT8,AppreAcc,Accumulated Appreciation,Num,,20,,,,
