SAP_Table,Field,Description,Type,Constraints,Size,Related,Default,Primary_key,Unique
AIT9,ItemCode,Item No.,nVarChar,,20,OITM,,PRIMARY,Yes
AIT9,PriceList,Price List No.,Int,,6,OPLN,,,
AIT9,UomEntry,UoM Entry,Int,,11,OUOM,,,
AIT9,Factor,Reduced By %,Num,,20,,,,
AIT9,Price,UoM Price,Num,,20,,,,
AIT9,Currency,Currency for UoM Price,nVarChar,,3,OCRN,,,
AIT9,AutoUpdate,Automatic Update,VarChar,"Y) Yes
N) No",1,,Y,,
AIT9,AddPrice1,Additional Price (1),Num,,20,,,,
AIT9,Currency1,Currency for Add. Price 1,nVarChar,,3,OCRN,,,
AIT9,AddPrice2,Additional Price (2),Num,,20,,,,
AIT9,Currency2,Currency for Add. Price 2,nVarChar,,3,OCRN,,,
AIT9,LogInstanc,Log Instance,Int,,11,,0,,
AIT9,ObjType,Object,nVarChar,,20,ADP1,4,,
AIT9,Factor1,Reduced By %,Num,,20,,,,
AIT9,Factor2,Reduced By %,Num,,20,,,,
AIT9,UpdateDate,Date of Update,Date,,8,,,,
