SAP_Table,Field,Description,Type,Constraints,Size,Related,Default,Primary_key,Unique
AITB,ItmsGrpCod,Number,Int,,6,,,PRIMARY,Yes
AITB,ItmsGrpNam,Group Name,nVarChar,,20,,,GROUP_NAME,Yes
AITB,Locked,Locked,VarChar,"N) Changeable
Y) Locked",1,,N,,
AITB,DataSource,Data Source,VarChar,"N) Unknown
I) Interface
U) Update
M) Import
O) DI API
A) Doc. Generation Wizard
D) Restore Wizard
P) Partner Implementation
T) Year Transfer",1,,N,,
AITB,UserSign,User Signature,Int,,6,OUSR,,,
AITB,BalInvntAc,Inventory Account,nVarChar,,15,OACT,,,
AITB,SaleCostAc,Cost Of Goods Sold,nVarChar,,15,OACT,,,
AITB,TransferAc,Allocation Acct,nVarChar,,15,OACT,,,
AITB,RevenuesAc,Revenue Account,nVarChar,,15,OACT,,,
AITB,VarianceAc,Variance Acct,nVarChar,,15,OACT,,,
AITB,DecreasAc,Inventory Offset - Decrease,nVarChar,,15,OACT,,,
AITB,IncreasAc,Inventory Offset - Increase,nVarChar,,15,OACT,,,
AITB,ReturnAc,Sales Returns,nVarChar,,15,OACT,,,
AITB,ExpensesAc,Expense Account,nVarChar,,15,OACT,,,
AITB,EURevenuAc,Sales Revenue - EU,nVarChar,,15,OACT,,,
AITB,EUExpensAc,EU Expense Acct,nVarChar,,15,OACT,,,
AITB,FrRevenuAc,Sales Revenue - Foreign,nVarChar,,15,OACT,,,
AITB,FrExpensAc,Foreign Expense Acct,nVarChar,,15,OACT,,,
AITB,ExmptIncom,Exempt Revenue Account,nVarChar,,15,OACT,,,
AITB,CycleCode,Cycle Code,Int,,6,OCYC,,,
AITB,Alert,Alert,VarChar,"N) No
Y) Yes",1,,N,,
AITB,PriceDifAc,Price Difference Account,nVarChar,,15,OACT,,,
AITB,ExchangeAc,Exchange Rate Differences Account,nVarChar,,15,OACT,,,
AITB,BalanceAcc,Goods Clearing Acct,nVarChar,,15,OACT,,,
AITB,PurchaseAc,Purchase Acct,nVarChar,,15,OACT,,,
AITB,PAReturnAc,PA Return Acct,nVarChar,,15,OACT,,,
AITB,PurchOfsAc,Purchase Offset Acct,nVarChar,,15,OACT,,,
AITB,ShpdGdsAct,Shipped Goods Account,nVarChar,,15,OACT,,,
AITB,VatRevAct,VAT in Revenue Account,nVarChar,,15,OACT,,,
AITB,DecresGlAc,G/L Decrease Acct,nVarChar,,15,OACT,,,
AITB,IncresGlAc,G/L Increase Acct,nVarChar,,15,OACT,,,
AITB,InvntSys,Inventory System,VarChar,"A) Moving Average
S) Standard
F) FIFO",1,,,,
AITB,PlaningSys,Planning Method,VarChar,"M) MRP
N) None",1,,N,,
AITB,PrcrmntMtd,Procurement Method,VarChar,"B) Buy
M) Make",1,,B,,
AITB,OrdrIntrvl,Order Interval,Int,,6,OCYC,,,
AITB,OrdrMulti,Order Multiple,Num,,20,,,,
AITB,MinOrdrQty,Minimum Order Quantity,Num,,20,,,,
AITB,LeadTime,Lead Time,Int,,11,,,,
AITB,StokRvlAct,Inventory Revaluation Account,nVarChar,,15,OACT,,,
AITB,StkOffsAct,Inventory Revaluation Offset Account,nVarChar,,15,OACT,,,
AITB,WipAcct,WIP Material Account,nVarChar,,15,OACT,,,
AITB,WipVarAcct,WIP Material Variance Account,nVarChar,,15,OACT,,,
AITB,CostRvlAct,Cost of Sale Revaluation Acct,nVarChar,,15,OACT,,,
AITB,CstOffsAct,Cost of Sales Reval. Offs. Acct,nVarChar,,15,OACT,,,
AITB,ExpClrAct,Expenses Clearing Account,nVarChar,,15,OACT,,,
AITB,ExpOfstAct,Expense Offset Account,nVarChar,,15,OACT,,,
AITB,Object,Object Type - History,nVarChar,,20,,52,,
AITB,logInstanc,Log Instance - History,Int,,11,,,,
AITB,createDate,Creation Date - History,Date,,8,,,,
AITB,userSign2,Updating User - History,Int,,6,OUSR,,,
AITB,updateDate,Update Date - History,Date,,8,,,,
AITB,ARCMAct,Sales Credit Acct,nVarChar,,15,OACT,,,
AITB,ARCMFrnAct,Sales Credit Foreign Acct,nVarChar,,15,OACT,,,
AITB,ARCMEUAct,Sales Credit EU Acct,nVarChar,,15,OACT,,,
AITB,ARCMExpAct,Exempted Credits,nVarChar,,15,OACT,,,
AITB,APCMAct,Purchase Credit Acct,nVarChar,,15,OACT,,,
AITB,APCMFrnAct,Foreign Purchase Credit Acct,nVarChar,,15,OACT,,,
AITB,APCMEUAct,EU Purchase Credit Acct,nVarChar,,15,OACT,,,
AITB,RevRetAct,Revenue Returns Account,nVarChar,,15,OACT,,,
AITB,ItemClass,Service or Material,VarChar,"1) Service
2) Material",1,,2,,
AITB,OSvcCode,Outgoing Service Code,Int,,11,OSCD,-1,,
AITB,ISvcCode,Incoming Service Code,Int,,11,OSCD,-1,,
AITB,ServiceGrp,Service Group,Int,,11,OSGP,-1,,
AITB,NCMCode,NCM Code,Int,,11,ONCM,-1,,
AITB,MatType,Material Type,nVarChar,,3,OMTP,1,,
AITB,MatGrp,Material Group,Int,,11,OMGP,-1,,
AITB,ProductSrc,Product Source,nVarChar,,2,OPSC,0,,
AITB,NegStckAct,Negative Inventory Adjustment,nVarChar,,15,OACT,,,
AITB,StkInTnAct,Stock In Transit Acct,nVarChar,,15,OACT,,,
AITB,PurBalAct,Purchase Balance Account,nVarChar,,15,OACT,,,
AITB,WhICenAct,Incoming CENVAT Account (WH),nVarChar,,15,OACT,,,
AITB,WhOCenAct,Outgoing CENVAT Account (WH),nVarChar,,15,OACT,,,
AITB,WipOffset,WIP Offset P&L Account,nVarChar,,15,OACT,,,
AITB,StockOffst,Inventory Offset P&L Account,nVarChar,,15,OACT,,,
AITB,UgpEntry,Default UoM Group Entry,Int,,11,OUGP,,,
AITB,IUoMEntry,Default Inventory UoM,Int,,11,OUOM,,,
AITB,ToleranDay,Tolerance Days,Int,,11,,,,
AITB,RuleCode,Checking Rule Code,nVarChar,,2,ODCR,,,
AITB,CompoWH,Component Warehouse,VarChar,"B) From Bill of Materials Line
P) From Parent Item Document Line",1,,B,,
AITB,FreeChrgSA,Free of Charge Sales Account,nVarChar,,15,,,,
AITB,FreeChrgPU,Free of Charge Purchase Account,nVarChar,,15,,,,
