SAP_Table,Field,Description,Type,Constraints,Size,Related,Default,Primary_key,Unique
AITM,ItemCode,Item Number,nVarChar,,20,,,PRIMARY,Yes
AITM,ItemName,Item Description,nVarChar,,100,,,ITEM_NAME,No
AITM,FrgnName,Description in Foreign Lang.,nVarChar,,100,,,,
AITM,ItmsGrpCod,Item Group,Int,,6,OITB,100,,
AITM,CstGrpCode,Customs Group,Int,,6,OARG,-1,,
AITM,VatGourpSa,Tax Definition,nVarChar,,8,OVTG,,,
AITM,CodeBars,Bar Code,nVarChar,,127,,,,
AITM,VATLiable,Tax Definition,VarChar,"Y) Yes
N) No",1,,Y,,
AITM,PrchseItem,Purchase Item [Yes/No],VarChar,"Y) Yes
N) No",1,,Y,PURCHASE,No
AITM,SellItem,Sales Item [Yes/No],VarChar,"Y) Yes
N) No",1,,Y,SALE,No
AITM,InvntItem,Inventory Item [Yes/No],VarChar,"Y) Yes
N) No",1,,Y,INVENTORY,No
AITM,OnHand,In Stock,Num,,20,,,,
AITM,IsCommited,Qty Ordered by Customers,Num,,20,,,,
AITM,OnOrder,Qty Ordered from Vendors,Num,,20,,,,
AITM,IncomeAcct,Revenue Account,nVarChar,,15,OACT,,,
AITM,ExmptIncom,Exempt Revenue Account,nVarChar,,15,OACT,,,
AITM,MaxLevel,Free1,Num,,20,,,,
AITM,DfltWH,Default Whse,nVarChar,,8,,,,
AITM,CardCode,Preferred Vendor,nVarChar,,15,OCRD,,,
AITM,SuppCatNum,Mfr Catalog No.,nVarChar,,17,,,,
AITM,BuyUnitMsr,Purchasing UoM,nVarChar,,100,,Unit,,
AITM,NumInBuy,No. of Items per Purchase Unit,Num,,20,,,,
AITM,ReorderQty,Required Qty in Purchase Units,Num,,20,,,,
AITM,MinLevel,Minimum Inventory Level,Num,,20,,,,
AITM,LstEvlPric,Last Evaluated Price,Num,,20,,,,
AITM,LstEvlDate,Date of Last Revaluation Price,Date,,8,,,,
AITM,CustomPer,Customs Rate,Num,,20,,,,
AITM,Canceled,Canceled Item [Yes/No],VarChar,"Y) Yes
N) No",1,,N,,
AITM,MnufctTime,Production Date,Int,,11,,,,
AITM,WholSlsTax,Tax Rate for Wholesaler,VarChar,,1,,,,
AITM,RetilrTax,Sales Tax %,VarChar,,1,,,,
AITM,SpcialDisc,Special Discount %,Num,,20,,,,
AITM,DscountCod,Discount Code,Int,,6,,,,
AITM,TrackSales,Follow-Up [Yes/No],VarChar,"Y) Yes
N) No",1,,N,,
AITM,SalUnitMsr,Sales UoM,nVarChar,,100,,Unit,,
AITM,NumInSale,No. of Items per Sales Unit,Num,,20,,,,
AITM,Consig,Consignment Goods Whse,Num,,20,,,,
AITM,QueryGroup,Properties,Int,,11,,0,,
AITM,Counted,Counted Qty,Num,,20,,,,
AITM,OpenBlnc,Opening Stock,Num,,20,,,,
AITM,EvalSystem,Valuation Method,VarChar,"A) Moving Average
S) Standard
F) FIFO
B) Serial/Batch",1,,,,
AITM,UserSign,User Signature,Int,,6,OUSR,,,
AITM,FREE,Free Item [Y/N],VarChar,"Y) Yes
N) No",1,,N,,
AITM,PicturName,Picture,nVarChar,,127,,,,
AITM,Transfered,Year Transferred [Y/N],VarChar,"Y) Yes
N) No",1,,N,,
AITM,BlncTrnsfr,Balances Transferred [Y/N],VarChar,"Y) Yes
N) No",1,,N,,
AITM,UserText,Item Remarks,Text,,16,,,,
AITM,SerialNum,Serial Number,nVarChar,,17,,,,
AITM,CommisPcnt,Commission % for Item,Num,,20,,,,
AITM,CommisSum,Total Commission for Item,Num,,20,,,,
AITM,CommisGrp,Commission Group,Int,,6,OCOG,0,COM_GROUP,No
AITM,TreeType,Bill of Materials Type,VarChar,"N) Not a BOM
A) Assembly
S) Sales
P) Production
T) Template",1,,N,TREE_TYPE,No
AITM,TreeQty,No. of Units,Num,,20,,,,
AITM,LastPurPrc,Last Purchase Price,Num,,20,,,,
AITM,LastPurCur,Last Purchase Currency,nVarChar,,3,,,,
AITM,LastPurDat,Last Purchase Date,Date,,8,,,,
AITM,ExitCur,Release Currency,nVarChar,,3,,,,
AITM,ExitPrice,Release Price,Num,,20,,,,
AITM,ExitWH,Release Warehouse,nVarChar,,8,,,,
AITM,AssetItem,Fixed Assets,VarChar,"Y) Yes
N) No",1,,N,,
AITM,WasCounted,Counted,VarChar,"Y) Yes
N) No",1,,N,,
AITM,ManSerNum,Serial No. Management,VarChar,"Y) Yes
N) No",1,,N,,
AITM,SHeight1,Height 1 - Sales Unit,Num,,20,,,,
AITM,SHght1Unit,Height 1 - UoM for Sales,Int,,6,,,,
AITM,SHeight2,Height 2 - Sales Unit,Num,,20,,,,
AITM,SHght2Unit,Height 2 - UoM for Sales,Int,,6,,,,
AITM,SWidth1,Width 1 - Sales Unit,Num,,20,,,,
AITM,SWdth1Unit,Width 1 - UoM for Sales,Int,,6,,,,
AITM,SWidth2,Width 2 - Sales Unit,Num,,20,,,,
AITM,SWdth2Unit,Width 2 - UoM for Sales,Int,,6,,,,
AITM,SLength1,Length 1 - Sales Unit,Num,,20,,,,
AITM,SLen1Unit,Length 1 - UoM for Sales,Int,,6,,,,
AITM,Slength2,Length 2 - Sales Unit,Num,,20,,,,
AITM,SLen2Unit,Length 2 - UoM for Sales,Int,,6,,,,
AITM,SVolume,Volume - Sales Unit,Num,,20,,,,
AITM,SVolUnit,Volume - UoM for Sales,Int,,6,,,,
AITM,SWeight1,Weight 1 - Sales Unit,Num,,20,,,,
AITM,SWght1Unit,Weight 1 - UoM for Sales,Int,,6,,,,
AITM,SWeight2,Weight 2 - Sales Unit,Num,,20,,,,
AITM,SWght2Unit,Weight 2 - UoM for Sales,Int,,6,,,,
AITM,BHeight1,Height 1 - Purchasing Unit,Num,,20,,,,
AITM,BHght1Unit,Height 1 - UoM for Purchasing,Int,,6,,,,
AITM,BHeight2,Height 2 - Purchasing Unit,Num,,20,,,,
AITM,BHght2Unit,Height 2 - UoM for Purchasing,Int,,6,,,,
AITM,BWidth1,Width 1 - Purchasing Unit,Num,,20,,,,
AITM,BWdth1Unit,Width 1 - UoM for Purchasing,Int,,6,,,,
AITM,BWidth2,Width 2 - Purchasing Unit,Num,,20,,,,
AITM,BWdth2Unit,Width 2 - UoM for Purchasing,Int,,6,,,,
AITM,BLength1,Length 1 - Purchase Unit,Num,,20,,,,
AITM,BLen1Unit,Length 1 - UoM for Purchasing,Int,,6,,,,
AITM,Blength2,Length 2 - Purchase Unit,Num,,20,,,,
AITM,BLen2Unit,Length 2 - UoM for Purchasing,Int,,6,,,,
AITM,BVolume,Quantity - Purchasing Unit,Num,,20,,,,
AITM,BVolUnit,Volume - UoM for Purchasing,Int,,6,,,,
AITM,BWeight1,Weight 1 - Purchasing Unit,Num,,20,,,,
AITM,BWght1Unit,Weight 1 - UoM for Purchasing,Int,,6,,,,
AITM,BWeight2,Weight 2 - Purchasing Unit,Num,,20,,,,
AITM,BWght2Unit,Weight 2 - UoM for Purchasing,Int,,6,,,,
AITM,FixCurrCms,Currency of Fixed Commission,nVarChar,,3,,,,
AITM,FirmCode,Manufacturer,Int,,6,OMRC,-1,,
AITM,LstSalDate,Last Sale Date,Date,,8,,,,
AITM,QryGroup1,Property 1,VarChar,"Y) Yes
N) No",1,,N,,
AITM,QryGroup2,Property 2,VarChar,"Y) Yes
N) No",1,,N,,
AITM,QryGroup3,Property 3,VarChar,"Y) Yes
N) No",1,,N,,
AITM,QryGroup4,Property 4,VarChar,"Y) Yes
N) No",1,,N,,
AITM,QryGroup5,Property 5,VarChar,"Y) Yes
N) No",1,,N,,
AITM,QryGroup6,Property 6,VarChar,"Y) Yes
N) No",1,,N,,
AITM,QryGroup7,Property 7,VarChar,"Y) Yes
N) No",1,,N,,
AITM,QryGroup8,Property 8,VarChar,"Y) Yes
N) No",1,,N,,
AITM,QryGroup9,Property 9,VarChar,"Y) Yes
N) No",1,,N,,
AITM,QryGroup10,Property 10,VarChar,"Y) Yes
N) No",1,,N,,
AITM,QryGroup11,Property 11,VarChar,"Y) Yes
N) No",1,,N,,
AITM,QryGroup12,Property 12,VarChar,"Y) Yes
N) No",1,,N,,
AITM,QryGroup13,Property 13,VarChar,"Y) Yes
N) No",1,,N,,
AITM,QryGroup14,Property 14,VarChar,"Y) Yes
N) No",1,,N,,
AITM,QryGroup15,Property 15,VarChar,"Y) Yes
N) No",1,,N,,
AITM,QryGroup16,Property 16,VarChar,"Y) Yes
N) No",1,,N,,
AITM,QryGroup17,Property 17,VarChar,"Y) Yes
N) No",1,,N,,
AITM,QryGroup18,Property 18,VarChar,"Y) Yes
N) No",1,,N,,
AITM,QryGroup19,Property 19,VarChar,"Y) Yes
N) No",1,,N,,
AITM,QryGroup20,Property 20,VarChar,"Y) Yes
N) No",1,,N,,
AITM,QryGroup21,Property 21,VarChar,"Y) Yes
N) No",1,,N,,
AITM,QryGroup22,Property 22,VarChar,"Y) Yes
N) No",1,,N,,
AITM,QryGroup23,Property 23,VarChar,"Y) Yes
N) No",1,,N,,
AITM,QryGroup24,Property 24,VarChar,"Y) Yes
N) No",1,,N,,
AITM,QryGroup25,Property 25,VarChar,"Y) Yes
N) No",1,,N,,
AITM,QryGroup26,Property 26,VarChar,"Y) Yes
N) No",1,,N,,
AITM,QryGroup27,Property 27,VarChar,"Y) Yes
N) No",1,,N,,
AITM,QryGroup28,Property 28,VarChar,"Y) Yes
N) No",1,,N,,
AITM,QryGroup29,Property 29,VarChar,"Y) Yes
N) No",1,,N,,
AITM,QryGroup30,Property 30,VarChar,"Y) Yes
N) No",1,,N,,
AITM,QryGroup31,Property 31,VarChar,"Y) Yes
N) No",1,,N,,
AITM,QryGroup32,Property 32,VarChar,"Y) Yes
N) No",1,,N,,
AITM,QryGroup33,Property 33,VarChar,"Y) Yes
N) No",1,,N,,
AITM,QryGroup34,Property 34,VarChar,"Y) Yes
N) No",1,,N,,
AITM,QryGroup35,Property 35,VarChar,"Y) Yes
N) No",1,,N,,
AITM,QryGroup36,Property 36,VarChar,"Y) Yes
N) No",1,,N,,
AITM,QryGroup37,Property 37,VarChar,"Y) Yes
N) No",1,,N,,
AITM,QryGroup38,Property 38,VarChar,"Y) Yes
N) No",1,,N,,
AITM,QryGroup39,Property 39,VarChar,"Y) Yes
N) No",1,,N,,
AITM,QryGroup40,Property 40,VarChar,"Y) Yes
N) No",1,,N,,
AITM,QryGroup41,Property 41,VarChar,"Y) Yes
N) No",1,,N,,
AITM,QryGroup42,Property 42,VarChar,"Y) Yes
N) No",1,,N,,
AITM,QryGroup43,Property 43,VarChar,"Y) Yes
N) No",1,,N,,
AITM,QryGroup44,Property 44,VarChar,"Y) Yes
N) No",1,,N,,
AITM,QryGroup45,Property 45,VarChar,"Y) Yes
N) No",1,,N,,
AITM,QryGroup46,Property 46,VarChar,"Y) Yes
N) No",1,,N,,
AITM,QryGroup47,Property 47,VarChar,"Y) Yes
N) No",1,,N,,
AITM,QryGroup48,Property 48,VarChar,"Y) Yes
N) No",1,,N,,
AITM,QryGroup49,Property 49,VarChar,"Y) Yes
N) No",1,,N,,
AITM,QryGroup50,Property 50,VarChar,"Y) Yes
N) No",1,,N,,
AITM,QryGroup51,Property 51,VarChar,"Y) Yes
N) No",1,,N,,
AITM,QryGroup52,Property 52,VarChar,"Y) Yes
N) No",1,,N,,
AITM,QryGroup53,Property 53,VarChar,"Y) Yes
N) No",1,,N,,
AITM,QryGroup54,Property 54,VarChar,"Y) Yes
N) No",1,,N,,
AITM,QryGroup55,Property 55,VarChar,"Y) Yes
N) No",1,,N,,
AITM,QryGroup56,Property 56,VarChar,"Y) Yes
N) No",1,,N,,
AITM,QryGroup57,Property 57,VarChar,"Y) Yes
N) No",1,,N,,
AITM,QryGroup58,Property 58,VarChar,"Y) Yes
N) No",1,,N,,
AITM,QryGroup59,Property 59,VarChar,"Y) Yes
N) No",1,,N,,
AITM,QryGroup60,Property 60,VarChar,"Y) Yes
N) No",1,,N,,
AITM,QryGroup61,Property 61,VarChar,"Y) Yes
N) No",1,,N,,
AITM,QryGroup62,Property 62,VarChar,"Y) Yes
N) No",1,,N,,
AITM,QryGroup63,Property 63,VarChar,"Y) Yes
N) No",1,,N,,
AITM,QryGroup64,Property 64,VarChar,"Y) Yes
N) No",1,,N,,
AITM,CreateDate,Production Date,Date,,8,,,,
AITM,UpdateDate,Date of Update,Date,,8,,,,
AITM,ExportCode,Data Export Code,nVarChar,,20,,,,
AITM,SalFactor1,Sales Factor 1,Num,,20,,,,
AITM,SalFactor2,Sales Factor 2,Num,,20,,,,
AITM,SalFactor3,Sales Factor 3,Num,,20,,,,
AITM,SalFactor4,Sales Factor 4,Num,,20,,,,
AITM,PurFactor1,Purchasing Factor 1,Num,,20,,,,
AITM,PurFactor2,Purchasing Factor 2,Num,,20,,,,
AITM,PurFactor3,Purchasing Factor 3,Num,,20,,,,
AITM,PurFactor4,Purchasing Factor 4,Num,,20,,,,
AITM,SalFormula,Sales Formula,nVarChar,,40,,,,
AITM,PurFormula,Purchasing Formula,nVarChar,,40,,,,
AITM,VatGroupPu,Tax Definition,nVarChar,,8,OVTG,,,
AITM,AvgPrice,Item Cost,Num,,20,,,,
AITM,PurPackMsr,Purchasing Pack,nVarChar,,30,,Box,,
AITM,PurPackUn,Qty per Packaging (Purchasing),Num,,20,,,,
AITM,SalPackMsr,Packaging UoM (Sales),nVarChar,,30,,Box,,
AITM,SalPackUn,Qty per Packaging (Sales),Num,,20,,,,
AITM,SCNCounter,SCN Counter,Int,,6,,,,
AITM,ManBtchNum,Manage Batch No. [Yes/No],VarChar,"Y) Yes
N) No",1,,N,,
AITM,ManOutOnly,Manage SN on Release Only,VarChar,"Y) Yes
N) No",1,,N,,
AITM,DataSource,Data Source,VarChar,"N) Unknown
I) Interface
U) Update
M) Import
O) DI API
A) Doc. Generation Wizard
D) Restore Wizard
P) Partner Implementation
T) Year Transfer
G) Fixed Assets Migration",1,,N,,
AITM,validFor,Active,VarChar,"Y) Yes
N) No",1,,N,,
AITM,validFrom,Active From,Date,,8,,,,
AITM,validTo,Active To,Date,,8,,,,
AITM,frozenFor,Inactive,VarChar,"Y) Yes
N) No",1,,N,,
AITM,frozenFrom,Inactive From,Date,,8,,,,
AITM,frozenTo,Inactive To,Date,,8,,,,
AITM,BlockOut,Force Selection of Serial No. or Batch N,VarChar,"Y) Yes
N) No",1,,Y,,
AITM,ValidComm,Active Remarks,nVarChar,,30,,,,
AITM,FrozenComm,Inactive Remarks,nVarChar,,30,,,,
AITM,LogInstanc,Log Instance,Int,,11,,0,,
AITM,ObjType,Object Type,nVarChar,,20,ADP1,,,
AITM,SWW,Additional Identifier,nVarChar,,16,,,,
AITM,Deleted,Deleted,VarChar,"Y) Yes
N) No",1,,N,,
AITM,DocEntry,Numerator,Int,,11,,,,
AITM,ExpensAcct,Expense Account,nVarChar,,15,OACT,,,
AITM,FrgnInAcct,Revenue Account - Foreign,nVarChar,,15,OACT,,,
AITM,ShipType,Shipping Type,Int,,6,OSHP,,,
AITM,GLMethod,Set G/L Accounts By,VarChar,"W) Warehouse
C) Item Group
L) Item Level",1,,W,,
AITM,ECInAcct,Revenue Account - EU,nVarChar,,15,,,,
AITM,FrgnExpAcc,Expense Account - Foreign,nVarChar,,15,,,,
AITM,ECExpAcc,Expense Account - EU,nVarChar,,15,,,,
AITM,TaxType,Tax Type,VarChar,"Y) Regular Tax
U) Use Tax
N) No Tax",1,,Y,,
AITM,ByWh,Inventory Management by Whse,VarChar,,1,,,,
AITM,WTLiable,Withholding Tax Liable,VarChar,"Y) Yes
N) No",1,,Y,,
AITM,ItemType,Item Type,VarChar,"I) Items
L) Labor
T) Travel
F) Fixed Assets",1,,I,,
AITM,WarrntTmpl,Warranty Template,nVarChar,,20,OCTT,,,
AITM,BaseUnit,Base Unit Name,nVarChar,,20,,,,
AITM,CountryOrg,Country of Origin,nVarChar,,3,,,,
AITM,StockValue,Inventory Value,Num,,20,,,,
AITM,Phantom,Phantom Item,VarChar,"Y) Yes
N) No",1,,N,,
AITM,IssueMthd,Issue Method,VarChar,"B) Backflush
M) Manual",1,,B,,
AITM,FREE1,Yield in %,VarChar,,1,,,,
AITM,PricingPrc,Pricing Percentage,Num,,20,,,,
AITM,MngMethod,Management Method,VarChar,"A) On Every Transaction
R) On Release Only",1,,R,,
AITM,ReorderPnt,Reorder Point,Num,,20,,,,
AITM,InvntryUom,Inventory UoM,nVarChar,,100,,,,
AITM,PlaningSys,Planning Method,VarChar,"M) MRP
N) None",1,,N,,
AITM,PrcrmntMtd,Procurement Method,VarChar,"B) Buy
M) Make",1,,B,,
AITM,OrdrIntrvl,Order Intervals,Int,,6,OCYC,,,
AITM,OrdrMulti,Order Multiple,Num,,20,,,,
AITM,MinOrdrQty,Minimum Order Quantity,Num,,20,,,,
AITM,LeadTime,Lead Time,Int,,11,,,,
AITM,IndirctTax,Indirect Tax,VarChar,"Y) Yes
N) No",1,,N,,
AITM,TaxCodeAR,Sales Tax Code,nVarChar,,8,OSTC,,,
AITM,TaxCodeAP,Purchasing Tax Code,nVarChar,,8,OSTC,,,
AITM,OSvcCode,Outgoing Service Code,Int,,11,OSCD,,,
AITM,ISvcCode,Incoming Service Code,Int,,11,OSCD,,,
AITM,ServiceGrp,Service Group,Int,,11,OSGP,,,
AITM,NCMCode,NCM Code,Int,,11,ONCM,,,
AITM,MatType,Material Type,nVarChar,,3,OMTP,1,,
AITM,MatGrp,Material Group,Int,,11,OMGP,-1,,
AITM,ProductSrc,Product Source,nVarChar,,2,OPSC,0,,
AITM,ServiceCtg,Service Category,Int,-1),11,OSCG,-1,,
AITM,ItemClass,Service or Material,VarChar,"2) Material
1) Service",1,,2,,
AITM,Excisable,Excisable [Yes/No],VarChar,"Y) Yes
N) No",1,,N,,
AITM,ChapterID,Chapter ID,Int,,11,OCHP,-1,,
AITM,NotifyASN,Notification Availed SN.,nVarChar,,40,,,,
AITM,ProAssNum,Provisional Assessment No.,nVarChar,,20,,,,
AITM,AssblValue,Assessable Value,Num,,20,,,,
AITM,DNFEntry,DNF Code Entry,Int,,11,ODNF,-1,,
AITM,UserSign2,Updating User,Int,,6,OUSR,,,
AITM,Spec,Item Specification,nVarChar,,30,,,,
AITM,TaxCtg,Tax Category,nVarChar,,4,,,,
AITM,Series,Series,Int,,6,NNM1,,,
AITM,Number,Number,Int,,11,,,,
AITM,FuelCode,Fuel,Int,,11,OBFI,-1,,
AITM,BeverTblC,Beverage Table,nVarChar,,2,OBSI,,,
AITM,BeverGrpC,Beverage Group,nVarChar,,2,OBSI,,,
AITM,BeverTM,Beverage Brand,Int,,11,OBNI,-1,,
AITM,Attachment,Attachment,Text,,16,,,,
AITM,AtcEntry,Attachment Entry,Int,,11,,,,
AITM,ToleranDay,Tolerance Days,Int,,11,,,,
AITM,UgpEntry,UoM Group,Int,,11,OUGP,,,
AITM,PUoMEntry,Default Purchase UoM,Int,,11,OUOM,,,
AITM,SUoMEntry,Default Sales UoM,Int,,11,OUOM,,,
AITM,IUoMEntry,Inventory UoM,Int,,11,OUOM,,,
AITM,IssuePriBy,Issue Primarily By SnB or Bin,Int,"0
1) Issue Primarily by Bin Location",6,,,,
AITM,AssetClass,Asset Class,nVarChar,,20,OACS,,,
AITM,AssetGroup,Asset Group,nVarChar,,15,OAGS,,,
AITM,InventryNo,Inventory Number of Asset,nVarChar,,12,,,,
AITM,Technician,Technician of Fixed Asset,Int,,11,OHEM,,,
AITM,Employee,Employee of Fixed Asset,Int,,11,OHEM,,,
AITM,Location,Location,Int,,11,OLCT,,,
AITM,StatAsset,Owned by Company,VarChar,"Y) Yes
N) No",1,,N,,
AITM,Cession,Cession,VarChar,"Y) Yes
N) No",1,,N,,
AITM,DeacAftUL,Deactivate After Useful Life,VarChar,"Y) Yes
N) No",1,,N,,
AITM,AsstStatus,Asset Status,VarChar,"N) New
A) Active
I) Inactive",1,,N,,
AITM,CapDate,Capitalization Date,Date,,8,,,,
AITM,AcqDate,Acquisition Date,Date,,8,,,,
AITM,RetDate,Retirement Date,Date,,8,,,,
AITM,GLPickMeth,G/L Account Pick Method,VarChar,"A) General
W) Warehouse
C) Item Group",1,,A,,
AITM,NoDiscount,No Discounts,VarChar,"Y) Yes
N) No",1,,N,,
AITM,MgrByQty,Manage Asset by Quantity,VarChar,"Y) Yes
N) No",1,,N,,
AITM,AssetRmk1,Asset Remark 1,nVarChar,,100,,,,
AITM,AssetRmk2,Asset Remark 2,nVarChar,,100,,,,
AITM,AssetAmnt1,Asset Amount 1,Num,,20,,,,
AITM,AssetAmnt2,Asset Amount 2,Num,,20,,,,
AITM,DeprGroup,Depreciation Group,nVarChar,,15,OADG,,,
AITM,AssetSerNo,Asset Serial Number,nVarChar,,32,,,,
AITM,CntUnitMsr,Inventory Counting UoM Name,nVarChar,,100,,,,
AITM,NumInCnt,No. of Items per Counting Unit,Num,,20,,,,
AITM,INUoMEntry,Inventory Counting UoM Entry,Int,,11,OUOM,,,
AITM,OneBOneRec,One Batch One Receipt,VarChar,"Y) Yes
N) No",1,,N,,
AITM,RuleCode,Checking Rule Code,nVarChar,,2,ODCR,,,
AITM,ScsCode,Scs Code,nVarChar,,10,,,,
AITM,SpProdType,Special Product Type,nVarChar,"MT) Cellular Phones
IO) Integrated Circuits",2,,,,
AITM,IWeight1,Weight 1 - Inventory,Num,,20,,,,
AITM,IWght1Unit,Weight 1 - Inventory Unit,Int,,6,,,,
AITM,IWeight2,Weight 2 - Inventory,Num,,20,,,,
AITM,IWght2Unit,Weight 2 - Inventory Unit,Int,,6,,,,
AITM,CompoWH,Component Warehouse,VarChar,"B) From Bill of Materials Line
P) From Parent Item Document Line",1,,B,,
