SAP_Table,Field,Description,Type,Constraints,Size,Related,Default,Primary_key,Unique
AITT,Code,Parent Item,nVarChar,,20,OITM,,PRIMARY,Yes
AITT,TreeType,BOM Type,VarChar,"A) Assembly
S) Sales
P) Production
T) Template",1,,P,,
AITT,PriceList,Price List,Int,,6,OPLN,0,,
AITT,Qauntity,No. of Units,Num,,20,,,,
AITT,UseFthrWhs,Issue from Parent Warehouse,VarChar,"Y) Yes
N) No",1,,N,,
AITT,CreateDate,Creation Date,Date,,8,,,,
AITT,UpdateDate,Date of Update,Date,,8,,,,
AITT,Transfered,Postponed to Next Year,VarChar,"Y) Yes
N) No",1,,N,,
AITT,DataSource,Data source,VarChar,"N) Unknown
I) Interface
U) Update
M) Import
O) DI API
A) Doc. Generation Wizard
D) Restore Wizard
P) Partner Implementation
T) Year Transfer",1,,N,,
AITT,UserSign,User Signature,Int,,6,OUSR,,,
AITT,SCNCounter,SCN Counter,Int,,6,,,,
AITT,DispCurr,Display Currency,nVarChar,,3,,,,
AITT,ToWH,Whse for Finished Product,nVarChar,,8,,,,
AITT,Object,Object Type,nVarChar,,20,,66,,
AITT,LogInstac,Log Instance - History,Int,,11,,,,
AITT,UserSign2,Updating User,Int,,11,OUSR,,,
AITT,OcrCode,Distribution Rule,nVarChar,,8,OOCR,,,
AITT,HideComp,Hide Components in Printing,VarChar,"Y) Yes
N) No",1,,N,,
AITT,OcrCode2,Distribution Rule2,nVarChar,,8,OOCR,,,
AITT,OcrCode3,Distribution Rule3,nVarChar,,8,OOCR,,,
AITT,OcrCode4,Distribution Rule4,nVarChar,,8,OOCR,,,
AITT,OcrCode5,Distribution Rule5,nVarChar,,8,OOCR,,,
AITT,UpdateTime,Time of Update,Int,,11,,,,
AITT,Project,Project Code,nVarChar,,20,OPRJ,,,
