SAP_Table,Field,Description,Type,Constraints,Size,Related,Default,Primary_key,Unique
AITW,ItemCode,Item No.,nVarChar,,20,OITM,,ITEM,No
AITW,WhsCode,Warehouse Code,nVarChar,,8,OWHS,,WHS,No
AITW,OnHand,In Stock,Num,,20,,,,
AITW,IsCommited,Defined,Num,,20,,,,
AITW,OnOrder,Ordered,Num,,20,,,,
AITW,Consig,Consignment Goods WH,Num,,20,,,,
AITW,Counted,Counted Quantity,Num,,20,,,,
AITW,WasCounted,Counted Yes/No,VarChar,"Y) Yes
N) No",1,,N,COUNTED,No
AITW,UserSign,User Signature,Int,,6,OUSR,,,
AITW,MinStock,Min. Stock,Num,,20,,,,
AITW,MaxStock,Max. Stock,Num,,20,,,,
AITW,MinOrder,Min. Order,Num,,20,,,,
AITW,AvgPrice,Average Price,Num,,20,,,,
AITW,Locked,Locked,VarChar,"Y) Yes
N) No",1,,N,,
AITW,BalInvntAc,Inventory Acc.,nVarChar,,15,OACT,,,
AITW,SaleCostAc,Cost Acc.,nVarChar,,15,OACT,,,
AITW,TransferAc,Transfers Acc.,nVarChar,,15,OACT,,,
AITW,RevenuesAc,Revenues Acct,nVarChar,,15,OACT,,,
AITW,VarianceAc,Variance Acc.,nVarChar,,15,OACT,,,
AITW,DecreasAc,Inventory Offset - Decrease Account,nVarChar,,15,OACT,,,
AITW,IncreasAc,Inventory Offset - Increase Account,nVarChar,,15,OACT,,,
AITW,ReturnAc,Sales Returns,nVarChar,,15,OACT,,,
AITW,ExpensesAc,Expenses Acct.,nVarChar,,15,OACT,,,
AITW,EURevenuAc,Sales Revenue - EU,nVarChar,,15,OACT,,,
AITW,EUExpensAc,EU Expenses Acc.,nVarChar,,15,OACT,,,
AITW,FrRevenuAc,Sales Revenue - Foreign,nVarChar,,15,OACT,,,
AITW,FrExpensAc,Foreign Expenses Acc.,nVarChar,,15,OACT,,,
AITW,ExmptIncom,Exempt Revenues Account,nVarChar,,15,OACT,,,
AITW,PriceDifAc,Price Differences Acc.,nVarChar,,15,,,,
AITW,ExchangeAc,Exchange Rate Differences Acc.,nVarChar,,15,,,,
AITW,BalanceAcc,Goods Clearing Acc.,nVarChar,,15,,,,
AITW,PurchaseAc,Purchase Acc.,nVarChar,,15,,,,
AITW,PAReturnAc,PA Return Acc.,nVarChar,,15,,,,
AITW,PurchOfsAc,Purchase Offset Acc.,nVarChar,,15,,,,
AITW,ShpdGdsAct,Shipped Goods Account,nVarChar,,15,,,,
AITW,VatRevAct,VAT in Revenue Account,nVarChar,,15,,,,
AITW,StockValue,Stock Value,Num,,20,,,,
AITW,DecresGlAc,Decrease GL Acc.,nVarChar,,15,,,,
AITW,IncresGlAc,Increase GL Acc.,nVarChar,,15,,,,
AITW,StokRvlAct,Stock Inflation Adjust Account,nVarChar,,15,,,,
AITW,StkOffsAct,Stock Inflation Offset Account,nVarChar,,15,,,,
AITW,WipAcct,WIP Material Account,nVarChar,,15,,,,
AITW,WipVarAcct,WIP Material Variance Account,nVarChar,,15,,,,
AITW,CostRvlAct,Cost Inflation Account,nVarChar,,15,,,,
AITW,CstOffsAct,Cost Inflation Offset Account,nVarChar,,15,,,,
AITW,ExpClrAct,Expenses Clearing Account,nVarChar,,15,OACT,,,
AITW,ExpOfstAct,Expense Offsetting Account,nVarChar,,15,OACT,,,
AITW,Object,Object Type - History,nVarChar,,20,,31,,
AITW,logInstanc,Log Instance - History,Int,,11,,,,
AITW,createDate,Creation Date - History,Date,,8,,,,
AITW,userSign2,Updating User - History,Int,,6,OUSR,,,
AITW,updateDate,Update Date - History,Date,,8,,,,
AITW,ARCMAct,Sales Credit Acct,nVarChar,,15,,,,
AITW,ARCMFrnAct,Sales Credit Foreign Acct,nVarChar,,15,,,,
AITW,ARCMEUAct,Sales Credit EU Acct,nVarChar,,15,,,,
AITW,ARCMExpAct,Exempted Credits,nVarChar,,15,,,,
AITW,APCMAct,Purchase Credit Acct,nVarChar,,15,,,,
AITW,APCMFrnAct,Foreign Purchase Credit Acct,nVarChar,,15,,,,
AITW,APCMEUAct,EU Purchase Credit Acct,nVarChar,,15,,,,
AITW,RevRetAct,Revenue Returns Account,nVarChar,,15,,,,
AITW,NegStckAct,Negative Stock Adjustment Acct,nVarChar,,15,OACT,,,
AITW,StkInTnAct,Stock In Transit Acct,nVarChar,,15,,,,
AITW,PurBalAct,Purchase Balance Account,nVarChar,,15,,,,
AITW,WhICenAct,Incoming CENVAT Account (WH),nVarChar,,15,OACT,,,
AITW,WhOCenAct,Outgoing CENVAT Account (WH),nVarChar,,15,OACT,,,
AITW,WipOffset,WIP Offset P&L Account,nVarChar,,15,OACT,,,
AITW,StockOffst,Inventory Offset P&L Account,nVarChar,,15,OACT,,,
AITW,DftBinAbs,Default Bin Internal Number,Int,,11,OBIN,,,
AITW,DftBinEnfd,Default Bin Enforced [Y/N],VarChar,"Y) Yes
N) No",1,,N,,
AITW,Freezed,Item Frozen in Warehouse,VarChar,"Y) Yes
N) No",1,,N,,
AITW,FreezeDoc,INC Document Frozen By,Int,,11,OINC,,,
AITW,FreeChrgSA,Free of Charge Sales Account,nVarChar,,15,,,,
AITW,FreeChrgPU,Free of Charge Purchase Account,nVarChar,,15,,,,
