SAP_Table,Field,Description,Type,Constraints,Size,Related,Default,Primary_key,Unique
AJD1,TransId,Transaction Key,Int,,11,OJDT,,PRIMARY,Yes
AJD1,Line_ID,Row Number,Int,,11,,0,,
AJD1,Account,Account Code,nVarChar,,15,OACT,,ACCOUNT,No
AJD1,Debit,Debit Amount,Num,,20,,,,
AJD1,Credit,Credit Amount,Num,,20,,,,
AJD1,SYSCred,Credit Amount (SC),Num,,20,,,,
AJD1,SYSDeb,Debit Amount (SC),Num,,20,,,,
AJD1,FCDebit,Debit Amount (FC),Num,,20,,,,
AJD1,FCCredit,Credit Amount (FC),Num,,20,,,,
AJD1,FCCurrency,Foreign Currency,nVarChar,,3,,,CURRENCY,No
AJD1,DueDate,Value Date,Date,,8,,,DUEDATE,No
AJD1,SourceID,Source Key,Int,,11,,,,
AJD1,SourceLine,Source Row No.,Int,,6,,,,
AJD1,ShortName,G/L Acc./BP Code,nVarChar,,15,,,SHORT_NAME,No
AJD1,IntrnMatch,Internal Reconciliation No.,Int,,11,,0,,
AJD1,ExtrMatch,External Reconciliation No.,Int,,11,,0,,
AJD1,ContraAct,Counter Account,nVarChar,,15,,,,
AJD1,LineMemo,Row Details,nVarChar,,50,,,,
AJD1,Ref3Line,Reference 3,nVarChar,,27,,,,
AJD1,TransType,Original Journal,nVarChar,"15) Delivery
16) Returns
203) A/R Down Payment
13) A/R Invoice
14) A/R Credit Memo
132) Correction Invoice
(-0) (-
20) Goods Receipt
21) Goods Return
204) A/P Down Payment
18) A/P Invoice
19) A/P Credit Memo
69) Landed Costs
163) A/P Correction Invoice
(-1) (-
24) Incoming Payment
25) Deposit
46) Vendor Payment
57) Checks for Payment
76) Postdated Deposit
182) BoE Transaction
(-2) (-
-2) Opening Balance
-3) Closing Balance
30) Journal Entry
(-3) (-
58) Stock Update
59) Goods Receipt
60) Goods Issue
67) Inventory Transfers
68) Work Instructions
162) Inventory Valuation
(-4) (-
-1) All Transactions
321) Internal Reconciliation
140000009) Outgoing Excise Invoice
10000079) TDS Adjustment
164) A/P Correction Invoice Reversal
165) A/R Correction Invoice
166) A/R Correction Invoice Reversal
140000010) Incoming Excise Invoice
(-5) (-
202) Production Order",20,,-1,TRANS_TYPE,No
AJD1,RefDate,Posting Date,Date,,8,,,REFDATE,No
AJD1,Ref2Date,Posting Date 3,Date,,8,,,,
AJD1,Ref1,Ref. 1,nVarChar,,100,,,,
AJD1,Ref2,Ref. 2,nVarChar,,100,,,,
AJD1,CreatedBy,Origin,Int,,11,,,,
AJD1,BaseRef,Base Reference,nVarChar,,11,,,,
AJD1,Project,Project Code,nVarChar,,20,OPRJ,,,
AJD1,TransCode,Transaction Code,nVarChar,,4,OTRC,,,
AJD1,ProfitCode,Distribution Rule,nVarChar,,8,OOCR,,PROFIT_ID,No
AJD1,TaxDate,Tax Date,Date,,8,,,,
AJD1,SystemRate,Price (SC),Num,,20,,,,
AJD1,MthDate,Reconciliation Date,Date,,8,,,,
AJD1,ToMthSum,Reconciliation Total,Num,,20,,,,
AJD1,UserSign,User Signature,Int,,6,OUSR,,,
AJD1,BatchNum,Journal Voucher No.,Int,,11,OBTD,,,
AJD1,FinncPriod,Posting Period,Int,,11,OFPR,,,
AJD1,RelTransId,Linked Transaction Key,Int,,11,,-1,,
AJD1,RelLineID,Linked Row No.,Int,,11,,-1,,
AJD1,RelType,Link Type,VarChar,"N) Without Link
D) WTax Deduction - Correction",1,,N,,
AJD1,LogInstanc,Log Instance,Int,,11,,0,,
AJD1,VatGroup,Tax Group,nVarChar,,8,OVTG,,,
AJD1,BaseSum,Base Amount,Num,,20,,,,
AJD1,VatRate,Tax %,Num,,20,,,,
AJD1,Indicator,Indicator Code,nVarChar,,2,OIDC,,,
AJD1,AdjTran,Adjusting Trans. (Period 13),VarChar,"Y) Yes
N) No",1,,N,,
AJD1,RevSource,Revaluation Source,VarChar,"F) Foreign Currency
S) System
N) No",1,,N,,
AJD1,ObjType,Object Type,nVarChar,,20,ADP1,30,,
AJD1,VatDate,Tax Date,Date,,8,,,,
AJD1,PaymentRef,Payment Reference,nVarChar,,27,,,,
AJD1,SYSBaseSum,System Base Amount,Num,,20,,,,
AJD1,MultMatch,Multiple BP Reconciliation No.,Int,,11,,0,,
AJD1,VatLine,VAT Line,VarChar,"Y) Yes
N) No",1,,N,,
AJD1,VatAmount,VAT Amount,Num,,20,,,,
AJD1,SYSVatSum,System VAT Amount,Num,,20,,,,
AJD1,Closed,Closed,VarChar,,1,,N,,
AJD1,GrossValue,Gross Value,Num,,20,,,,
AJD1,CheckAbs,Check Abs,Int,,11,,,,
AJD1,LineType,LineType,Int,,11,,0,,
AJD1,DebCred,Debit Credit Line Indicator,VarChar,"D) Debit
C) Credit",1,,,,
AJD1,SequenceNr,Assigned Sequence No.,Int,,11,,0,,
AJD1,StornoAcc,Storno Account Code,nVarChar,,15,OACT,,,
AJD1,BalDueDeb,Balance Due - Debit,Num,,20,,,,
AJD1,BalDueCred,Balance Due - Credit,Num,,20,,,,
AJD1,BalFcDeb,Balance Due FC - Debit,Num,,20,,,,
AJD1,BalFcCred,Balance Due FC - Credit,Num,,20,,,,
AJD1,BalScDeb,Balance Due SC - Debit,Num,,20,,,,
AJD1,BalScCred,Balance Due SC - Credit,Num,,20,,,,
AJD1,IsNet,Is Net,VarChar,"Y) Yes
N) No",1,,Y,,
AJD1,DunWizBlck,Wizard Dunning Block,VarChar,"N) No
Y) Yes",1,,N,,
AJD1,DunnLevel,Dunning Level,Int,,11,ODUN,0,,
AJD1,DunDate,Last Dunning Date,Date,,8,,,,
AJD1,TaxType,Tax Type,Int,,6,,0,,
AJD1,TaxPostAcc,Tax Posting Account,VarChar,"N)
R) Sales Tax Account
P) Purchasing Tax Account",1,,N,,
AJD1,StaCode,Authority Code,nVarChar,,8,OSTA,,,
AJD1,StaType,Authority Type,Int,,11,OSTT,,,
AJD1,TaxCode,Tax Code,nVarChar,,8,OSTC,,,
AJD1,ValidFrom,Valid From,Date,,8,,19000101,,
AJD1,GrossValFc,Gross Value (FC),Num,,20,,,,
AJD1,LvlUpdDate,Dunning Level Update Date,Date,,8,,,,
AJD1,OcrCode2,Costing Code 2,nVarChar,,8,OOCR,,,
AJD1,OcrCode3,Costing Code 3,nVarChar,,8,OOCR,,,
AJD1,OcrCode4,Costing Code 4,nVarChar,,8,OOCR,,,
AJD1,OcrCode5,Costing Code 5,nVarChar,,8,OOCR,,,
AJD1,MIEntry,MI Entry when include this OB,Int,,11,,0,,
AJD1,MIVEntry,A/P Monthly Invoice,Int,,11,,0,,
AJD1,ClsInTP,Tax Payment Wizard,Int,,11,,0,,
AJD1,CenVatCom,CENVAT Component,Int,,11,,-1,,
AJD1,MatType,Material Type,Int,,11,,-1,,
AJD1,PstngType,Posting Type,Int,,11,,0,,
AJD1,ValidFrom2,Valid from2,Date,,8,,19000101,,
AJD1,ValidFrom3,Valid from3,Date,,8,,19000101,,
AJD1,ValidFrom4,Valid from4,Date,,8,,19000101,,
AJD1,ValidFrom5,Valid from5,Date,,8,,19000101,,
AJD1,Location,Loc.,Int,,11,OLCT,,,
AJD1,WTaxCode,Withholding Tax Code,nVarChar,,4,OWHT,,,
AJD1,EquVatRate,Equalization Tax %,Num,,20,,,,
AJD1,EquVatSum,Equalization Tax Amount,Num,,20,,,,
AJD1,SYSEquSum,System Equalization Tax Amount,Num,,20,,,,
AJD1,TotalVat,Total Tax,Num,,20,,,,
AJD1,SYSTVat,System Total Tax,Num,,20,,,,
AJD1,WTLiable,WTax-Liable,VarChar,"Y) Yes
N) No",1,,N,,
AJD1,WTLine,WTax Row,VarChar,"Y) Yes
N) No",1,,N,,
AJD1,WTApplied,Applied WTax,Num,,20,,,,
AJD1,WTAppliedS,Applied WTax (SC),Num,,20,,,,
AJD1,WTAppliedF,Applied WTax (FC),Num,,20,,,,
AJD1,WTSum,WTax Amount,Num,,20,,,,
AJD1,WTSumFC,WTax Amount (FC),Num,,20,,,,
AJD1,WTSumSC,WTax Amount (SC),Num,,20,,,,
AJD1,PayBlock,Payment Block,VarChar,"Y) Yes
N) No",1,,N,,
AJD1,PayBlckRef,Payment Block Abs Entry,Int,,11,OPYB,,,
AJD1,LicTradNum,Federal Tax ID,nVarChar,,32,,,,
AJD1,InterimTyp,Interim Account Type,Int,,11,,0,,
AJD1,DprId,Down Payment Request Key,Int,,11,,,,
AJD1,MatchRef,Reconciliation Reference,nVarChar,,20,,,,
AJD1,Ordered,Payment Ordered,VarChar,"Y) Yes
N) No",1,,N,,
AJD1,CUP,Unique Code of Project,Int,,11,OCUP,,,
AJD1,CIG,Contract Code Identification,Int,,11,OCIG,,,
AJD1,BPLId,Branch,Int,,11,OBPL,,,
AJD1,BPLName,Branch Name,nVarChar,,100,,,,
AJD1,VatRegNum,VAT Reg. Number,nVarChar,,32,,,,
AJD1,SLEDGERF,Subledger Flag,VarChar,,1,,,,
AJD1,ExTransId,Exposed Transaction ID,Int,,11,,,,
AJD1,InitRef2,Initial Reference 2,nVarChar,,100,,,,
AJD1,InitRef3Ln,Initial Reference 3,nVarChar,,27,,,,
