SAP_Table,Field,Description,Type,Constraints,Size,Related,Default,Primary_key,Unique
AJD2,AbsEntry,Numerator,Int,,11,AJDT,,SECONDERY,No
AJD2,WTCode,WTax Code,nVarChar,,4,OWHT,,,
AJD2,Rate,Rate,Num,,20,,,,
AJD2,TaxbleAmnt,Taxable Amount,Num,,20,,,,
AJD2,TxblAmntSC,Taxable Amount (SC),Num,,20,,,,
AJD2,TxblAmntFC,Taxable Amount (FC),Num,,20,,,,
AJD2,WTAmnt,WTax Amount,Num,,20,,,,
AJD2,WTAmntSC,WTax Amount (SC),Num,,20,,,,
AJD2,WTAmntFC,WTax Amount (FC),Num,,20,,,,
AJD2,ApplAmnt,Applied WTax Amount,Num,,20,,,,
AJD2,ApplAmntSC,Applied WTax Amount (SC),Num,,20,,,,
AJD2,ApplAmntFC,Applied WTax Amount (FC),Num,,20,,,,
AJD2,Category,Category,VarChar,"P) Payment
I) Invoice",1,,,,
AJD2,Criteria,WTax Criteria,VarChar,"Y) Accrual
N) Cash",1,,,,
AJD2,Account,G/L Account,nVarChar,,15,OACT,,,
AJD2,Type,Withholding Type,VarChar,"V) VAT Withholding
I) Income Tax Withholding",1,,,,
AJD2,RoundType,Rounding Type,VarChar,"T) Truncated
C) Commercial Values
N) No Rounding",1,,,,
AJD2,BaseType,Base Type,VarChar,"G) Gross
N) Net
V) VAT",1,,,,
AJD2,BaseAbsEnt,Base Document Reference,Int,,11,,-1,,
AJD2,BaseLine,Base Row,Int,,11,,,,
AJD2,BaseNum,Base Document Type,Int,-1),11,,-1,,
AJD2,LineNum,Row Number,Int,,11,,,,
AJD2,BaseRef,Base Document Reference,Int,,11,,,,
AJD2,Status,Status,VarChar,"O) Open
C) Closed",1,,O,,
AJD2,TrgType,Target Document Type,Int,,11,,,,
AJD2,TrgAbsEntr,Target Doc. Internal No.,Int,,11,,-1,,
AJD2,LogInstanc,Log Instance,Int,,11,,0,,
AJD2,ObjType,Object Type,nVarChar,,20,ADP1,30,,
AJD2,Doc1LineNo,DOC1 Line Number,Int,,11,,-1,,
AJD2,WtLineType,WTax Row Type,VarChar,"D) Document Level WTax
L) Row Level WTax",1,,D,,
AJD2,TxblCurr,Taxable Currency from Doc Row,nVarChar,,3,,,,
AJD2,DtblCurr,Deductible Currency,nVarChar,,3,,,,
AJD2,DtblRate,Rate for Deductible Amount,Num,,20,,,,
AJD2,txblRate,Rate for Taxable Amount,Num,,20,,,,
AJD2,DtblAmount,Deductible Amount,Num,,20,,,,
AJD2,TdsAcc,TDS Account,nVarChar,,15,OACT,,,
AJD2,SurAcc,Surcharge Account,nVarChar,,15,OACT,,,
AJD2,CessAcc,Cess Account,nVarChar,,15,OACT,,,
AJD2,HscAcc,HSC Account,nVarChar,,15,OACT,,,
AJD2,TdsRate,TDS Rate,Num,,20,,,,
AJD2,SurRate,Surcharge Rate,Num,,20,,,,
AJD2,CessRate,Cess Rate,Num,,20,,,,
AJD2,HscRate,HSC Rate,Num,,20,,,,
AJD2,TdsBAmt,TDS Base Amount,Num,,20,,,,
AJD2,TdsBAmtSC,TDS Base Amount (SC),Num,,20,,,,
AJD2,TdsBAmtFC,TDS Base Amount (FC),Num,,20,,,,
AJD2,SurBAmt,Surcharge Base Amount,Num,,20,,,,
AJD2,SurBAmtSC,Surcharge Base Amount (SC),Num,,20,,,,
AJD2,SurBAmtFC,Surcharge Base Amount (FC),Num,,20,,,,
AJD2,CessBAmt,Cess Base Amount,Num,,20,,,,
AJD2,CessBAmtSC,Cess Base Amount (SC),Num,,20,,,,
AJD2,CessBAmtFC,Cess Base Amount (FC),Num,,20,,,,
AJD2,HscBAmt,HSC Base Amount,Num,,20,,,,
AJD2,HscBAmtSC,HSC Base Amount (SC),Num,,20,,,,
AJD2,HscBAmtFC,HSC Base Amount (FC),Num,,20,,,,
AJD2,TdsAmnt,TDS Tax Amount,Num,,20,,,,
AJD2,TdsAmntSC,TDS Tax Amount (SC),Num,,20,,,,
AJD2,TdsAmntFC,TDS Tax Amount (FC),Num,,20,,,,
AJD2,SurAmnt,Surcharge Tax Amount,Num,,20,,,,
AJD2,SurAmntSC,Surcharge Tax Amount (SC),Num,,20,,,,
AJD2,SurAmntFC,Surcharge Tax Amount (FC),Num,,20,,,,
AJD2,CessAmnt,Cess Tax Amount,Num,,20,,,,
AJD2,CessAmntSC,Cess Tax Amount (SC),Num,,20,,,,
AJD2,CessAmntFC,Cess Tax Amount (FC),Num,,20,,,,
AJD2,HscAmnt,HSC Tax Amount,Num,,20,,,,
AJD2,HscAmntSC,HSC Tax Amount (SC),Num,,20,,,,
AJD2,HscAmntFC,HSC Tax Amount (FC),Num,,20,,,,
AJD2,TdsAppl,Applied TDS Amount,Num,,20,,,,
AJD2,TdsApplSC,Applied TDS Amount (SC),Num,,20,,,,
AJD2,TdsApplFC,Applied TDS Amount (FC),Num,,20,,,,
AJD2,SurAppl,Applied Surcharge Amount,Num,,20,,,,
AJD2,SurApplSC,Applied Surcharge Amount (SC),Num,,20,,,,
AJD2,SurApplFC,Applied Surcharge Amount (FC),Num,,20,,,,
AJD2,CessAppl,Applied Cess Amount,Num,,20,,,,
AJD2,CessApplSC,Applied Cess Amount (SC),Num,,20,,,,
AJD2,CessApplFC,Applied Cess Amount (FC),Num,,20,,,,
AJD2,HscAppl,Applied HSC Amount,Num,,20,,,,
AJD2,HscApplSC,Applied HSC Amount (SC),Num,,20,,,,
AJD2,HscApplFC,Applied HSC Amount (FC),Num,,20,,,,
AJD2,BatchNum,Journal Voucher No.,Int,,11,OBTD,,,
AJD2,InCSTCode,CST Code Incoming,nVarChar,,2,,,,
AJD2,OutCSTCode,CST Code Outgoing,nVarChar,,2,,,,
AJD2,DpmWTApl,DPM WT Applied Amount,Num,,20,,,,
AJD2,DpmWTAplSC,DPM WT Applied Amount (SC),Num,,20,,,,
AJD2,DpmWTAplFC,DPM WT Applied Amount (FC),Num,,20,,,,
