SAP_Table,Field,Description,Type,Constraints,Size,Related,Default,Primary_key,Unique
AJDT,BatchNum,Journal Voucher No.,Int,,11,OBTD,,,
AJDT,TransId,Transaction Number,Int,,11,,,PRIMARY,Yes
AJDT,BtfStatus,Status,VarChar,"O) Open
C) Closed",1,,O,,
AJDT,TransType,Original Journal,nVarChar,"16) Returns
203) A/R Down Payment
15) Delivery
13) A/R Invoice
165) A/R Correction Invoice
166) A/R Correction Invoice Reversal
14) A/R Credit Memo
132) Correction Invoice
(-0) (-
20) Goods Receipt PO
21) Goods Return
204) A/P Down Payment
18) A/P Invoice
163) A/P Correction Invoice
164) A/P Correction Invoice Reversal
19) A/P Credit Memo
281) A/P Tax Invoice
69) Landed Costs
(-1) (-
140000009) Outgoing Excise Invoice
140000010) Incoming Excise Invoice
10000079) TDS Adjustment
(-2) (-
24) Incoming Payment
25) Deposit
46) Vendor Payment
57) Checks for Payment
76) Postdated Deposit
182) BoE Transaction
(-3) (-
-2) Opening Balance
-3) Closing Balance
321) Internal Reconciliation
10000046) Data Archive
30) Journal Entry
(-4) (-
58) Inventory List
59) Goods Receipt
60) Goods Issue
67) Inventory Transfers
68) Work Instructions
162) Inventory Valuation
202) Production Order
(-5) (-
1470000049) Fixed Asset Capitalization
1470000060) Fixed Asset Capitalization Credit Memo
1470000094) Fixed Asset Retirement
1470000075) Fixed Asset Manual Depreciation
1470000090) Fixed Asset Transfer
1470000085) Fixed Asset Revaluation
(-6) (-
-1) All Transactions
310000001) Inventory Opening Balance
10000071) Inventory Posting",20,,-1,TRANS_TYPE,No
AJDT,BaseRef,Base Reference,nVarChar,,11,,,,
AJDT,RefDate,Posting Date,Date,,8,,,REFDATE,No
AJDT,Memo,Details,nVarChar,,50,,,,
AJDT,Ref1,Ref. 1,nVarChar,,100,,,,
AJDT,Ref2,Ref. 2,nVarChar,,100,,,,
AJDT,CreatedBy,Original,Int,,11,,,,
AJDT,LocTotal,Total (LC),Num,,20,,,,
AJDT,FcTotal,Total (FC),Num,,20,,,,
AJDT,SysTotal,Total (SC),Num,,20,,,,
AJDT,TransCode,Transaction Code,nVarChar,,4,OTRC,,,
AJDT,OrignCurr,Revaluation Currency,nVarChar,,3,OCRN,,,
AJDT,TransRate,Revaluation Rate,Num,,20,,,,
AJDT,BtfLine,Row No. in Voucher,Int,,11,,,,
AJDT,TransCurr,Transaction Currency,nVarChar,,3,,,,
AJDT,Project,Project Code,nVarChar,,20,OPRJ,,,
AJDT,DueDate,Due Date,Date,,8,,,,
AJDT,TaxDate,Document Date,Date,,8,,,,
AJDT,PCAddition,PC Addition,VarChar,"Y) Yes
N) No",1,,N,,
AJDT,FinncPriod,Posting Period,Int,,11,OFPR,,,
AJDT,DataSource,Data Source,VarChar,"N) Unknown
I) Interface
U) Update
M) Import
O) DI API
A) Doc. Generation Wizard
D) Restore Wizard
P) Partner Implementation
T) Year Transfer",1,,N,,
AJDT,UpdateDate,Date of Update,Date,,8,,,,
AJDT,CreateDate,Creation Date,Date,,8,,,,
AJDT,UserSign,User Signature,Int,,6,OUSR,,,
AJDT,UserSign2,Updated by,Int,,6,OUSR,,,
AJDT,RefndRprt,Reported in 874,VarChar,"Y) Yes
N) No",1,,N,,
AJDT,LogInstanc,Log Instance,Int,,11,,0,,
AJDT,ObjType,Object Type,nVarChar,,20,ADP1,,,
AJDT,Indicator,Indicator Code,nVarChar,,2,OIDC,,,
AJDT,AdjTran,Adjusting Transaction,VarChar,"Y) Yes
N) No",1,,N,,
AJDT,RevSource,Revaluation Source,VarChar,"F) Foreign Currency
S) System
N) No",1,,N,,
AJDT,StornoDate,Reversal Date,Date,,8,,,,
AJDT,StornoToTr,Reversed Transaction,Int,,11,,,STORNO_TRA,No
AJDT,AutoStorno,Use Auto-Reverse,VarChar,"Y) Yes
N) No",1,,N,,
AJDT,Corisptivi,Transaction Values,VarChar,"Y) Yes
N) No",1,,N,,
AJDT,VatDate,VAT Date,Date,,8,,,,
AJDT,StampTax,Stamp Tax,VarChar,"Y) Yes
N) No",1,,N,,
AJDT,Series,Series,Int,,6,,0,,
AJDT,Number,Number,Int,,11,,,,
AJDT,AutoVAT,Auto VAT,VarChar,"Y) Yes
N) No",1,,N,,
AJDT,DocSeries,Document Series,Int,,6,,,,
AJDT,FolioPref,Folio Prefix String,nVarChar,,4,,,,
AJDT,FolioNum,Folio Number,Int,,11,,,,
AJDT,CreateTime,Generation Time,Int,,6,,,,
AJDT,BlockDunn,Block Dunning Letter,VarChar,"N) No
Y) Yes",1,,N,,
AJDT,ReportEU,Include in EU Report,VarChar,"Y) Yes
N) No",1,,N,,
AJDT,Report347,Include in 347 Report,VarChar,"Y) Yes
N) No",1,,N,,
AJDT,Printed,Printed,VarChar,"Y) Yes
N) No",1,,N,,
AJDT,DocType,Document Type,nVarChar,,60,OJET,,,
AJDT,AttNum,Number of Attachments,Int,,11,,0,,
AJDT,GenRegNo,Generate Reg. No. or Not,VarChar,"Y) Yes
N) No",1,,N,,
AJDT,RG23APart2,RG23A Part2 No,Int,,11,,,,
AJDT,RG23CPart2,RG23C Part2 No,Int,,11,,,,
AJDT,MatType,Material Type,Int,,11,,,,
AJDT,Creator,Creator Name,nVarChar,,127,,,,
AJDT,Approver,Approver Name,nVarChar,,127,,,,
AJDT,Location,Loc.,Int,,11,OLCT,,,
AJDT,SeqCode,Sequence Code,Int,,6,,,,
AJDT,Serial,Serial Number,Int,,11,,,,
AJDT,SeriesStr,Series String,nVarChar,,3,,,,
AJDT,SubStr,Subseries String,nVarChar,,3,,,,
AJDT,AutoWT,Automatic WTax,VarChar,"Y) Yes
N) No",1,,N,,
AJDT,WTSum,WTax Amount,Num,,20,,,,
AJDT,WTSumSC,WTax Amount (SC),Num,,20,,,,
AJDT,WTSumFC,WTax Amount (FC),Num,,20,,,,
AJDT,WTApplied,Applied WTax,Num,,20,,,,
AJDT,WTAppliedS,Applied WTax (SC),Num,,20,,,,
AJDT,WTAppliedF,Applied WTax (FC),Num,,20,,,,
AJDT,BaseAmnt,Base Amount,Num,,20,,,,
AJDT,BaseAmntSC,Base Amount (SC),Num,,20,,,,
AJDT,BaseAmntFC,Base Amount (FC),Num,,20,,,,
AJDT,BaseVtAt,WTax Base VAT Amount,Num,,20,,,,
AJDT,BaseVtAtSC,WTax Base VAT Amount (SC),Num,,20,,,,
AJDT,BaseVtAtFC,WTax Base VAT Amount (FC),Num,,20,,,,
AJDT,VersionNum,Version Number,nVarChar,,11,,,,
AJDT,BaseTrans,Base Transaction Number,Int,,11,,,,
AJDT,ResidenNum,Residence Number,VarChar,"1) Spanish Fiscal ID
2) VAT Registration Number
3) Passport
4) Fiscal ID Issued by the Country of Residence
5) Certificate of Fiscal Residence
6) Other Document",1,,1,,
AJDT,OperatCode,Operation Code,VarChar,,1,,,,
AJDT,Ref3,Reference 3,nVarChar,,27,,,,
AJDT,SSIExmpt,SSI Exemption,VarChar,"Y) Yes
N) No",1,,,,
AJDT,SignMsg,Signature Input Message,Text,,16,,,,
AJDT,SignDigest,Signature Digest,Text,,16,,,,
AJDT,CertifNum,Certification Number,nVarChar,,50,,,,
AJDT,KeyVersion,Private Key Version,Int,,11,,,,
AJDT,CUP,Unique Code of Project,Int,,11,OCUP,,,
AJDT,CIG,Contract Code Identification,Int,,11,OCIG,,,
AJDT,SupplCode,Supplementary Code,nVarChar,,127,,,,
AJDT,SPSrcType,Service Posting Source Type,Int,,11,,,,
AJDT,SPSrcID,Service Posting Source ID,Int,,11,,,,
AJDT,SPSrcDLN,Service Post. Source Delivery,Int,,11,,,,
AJDT,DeferedTax,Deferred Tax,VarChar,"Y) Yes
N) No",1,,N,,
AJDT,AgrNo,Blanket Agreement Number,Int,,11,OOAT,,,
AJDT,SeqNum,Sequence Number,Int,,11,,,,
AJDT,ECDPosTyp,ECD Posting Type,VarChar,"N) Normal
E) Statement",1,,N,,
AJDT,RptPeriod,Reporting Period,nVarChar,,5,,,,
AJDT,RptMonth,Reporting Month,Date,,8,,,,
AJDT,ExTransId,Exposed Transaction ID,Int,,11,,,,
