SAP_Table,Field,Description,Type,Constraints,Size,Related,Default,Primary_key,Unique
AKL1,AbsEntry,Internal Number,Int,,11,OPKL,,PRIMARY,Yes
AKL1,PickEntry,Row Number,Int,,11,,,,
AKL1,OrderEntry,Order Entry,Int,,11,,,,
AKL1,OrderLine,Order Row ID,Int,,11,,,,
AKL1,PickQtty,Picked Quantity,Num,,20,,,,
AKL1,PickStatus,Pick Status,VarChar,"R) Released for Picking
P) Picked
T) Partially Picked
D) Partially Delivered
C) Closed",1,,R,,
AKL1,RelQtty,Released Quantity,Num,,20,,,,
AKL1,LogInsac,Log Instance - History,Int,,11,,,,
AKL1,PrevReleas,Previously Released Quantity,Num,,20,,,,
AKL1,BaseObject,Base Object Type,Int,"17) Order
13) Reserve Invoice
0",11,,,,
