SAP_Table,Field,Description,Type,Constraints,Size,Related,Default,Primary_key,Unique
AKL2,AbsEntry,Internal Number,Int,,11,OPKL,,PRIMARY,Yes
AKL2,PickEntry,Row Number,Int,,11,,,,
AKL2,Pkl2LinNum,PKL2 Line Number,Int,,11,,,,
AKL2,ItemCode,Item No.,nVarChar,,20,OITM,,,
AKL2,ManagedBy,Management Method,Int,"10000044) BTN
10000045) SRN
-1) NOB",11,,-1,,
AKL2,SnBEntry,SnB Abs. Entry,Int,,11,,,,
AKL2,BinAbs,Bin Internal Number,Int,,11,OBIN,,,
AKL2,AllowNeg,Allow Negative Entry [Y/N],VarChar,"Y) Yes
N) No",1,,N,,
AKL2,RelQtty,Released Quantity,Num,,20,,,,
AKL2,PickQtty,Picked Quantity,Num,,20,,,,
AKL2,ObjType,Object Type,nVarChar,,20,ADP1,156,,
AKL2,LogInstanc,Log Instance,Int,,11,,0,,
