SAP_Table,Field,Description,Type,Constraints,Size,Related,Default,Primary_key,Unique
AMD1,LineNum,Internal ID,Int,,11,,,PRIMARY,Yes
AMD1,PmnNum,Payment Number,Int,,11,ORCT,,,
AMD1,PmnInvID,Invoice Seq. No. in Payment,Int,,11,,,,
AMD1,PmnDate,Payment Date,Date,,8,,,,
AMD1,CardCode,BP Code,nVarChar,,15,OCRD,,,
AMD1,InvType,Invoice Category,nVarChar,13) Sales Invoice,20,,13,,
AMD1,InvEntry,Invoice Key,Int,,11,OINV,,,
AMD1,InstId,Installment ID,Int,,6,,,,
AMD1,InvTransID,Invoice Transaction Number,Int,,11,OJDT,,,
AMD1,FCCurrency,Foreign Currency,nVarChar,,3,OCRN,,,
AMD1,InvRate,"Rate, Invoice",Num,,20,,,,
AMD1,PmnRate,"Rate, Payment",Num,,20,,,,
AMD1,Approved,Confirmed,VarChar,"Y) Yes
N) No",1,,Y,,
AMD1,AmountDiff,Amount Difference (LC),Num,,20,,,,
AMD1,TaxAmtDiff,Tax Difference (LC),Num,,20,,,,
AMD1,TMP_JE,Temporary Transaction ID,nVarChar,,50,,,,
