SAP_Table,Field,Description,Type,Constraints,Size,Related,Default,Primary_key,Unique
AMDR,OcrCode,Factor Code,nVarChar,,8,,,PRIMARY,Yes
AMDR,OcrName,Factor Description,nVarChar,,30,,,,
AMDR,OcrTotal,Total Factor,Num,,20,,,,
AMDR,Direct,Direct,VarChar,"Y) Yes
N) No",1,,N,,
AMDR,Locked,Locked,VarChar,"Y) Yes
N) No",1,,N,,
AMDR,DataSource,Data Source,VarChar,"N) Unknown
I) Interface
U) Update
M) Import
O) DI API
A) Doc. Generation Wizard
D) Restore Wizard
P) Partner Implementation
T) Year Transfer",1,,N,,
AMDR,UserSign,User Signature,Int,,6,OUSR,,,
AMDR,DimCode,In Which Dimension,Int,,6,ODIM,1,,
AMDR,AbsEntry,Numerator,Int,,11,,,,
AMDR,Active,Active,VarChar,"Y) Yes
N) No",1,,Y,,
AMDR,logInstanc,Log Instance,Int,,11,,,,
AMDR,UserSign2,Updating User,Int,,6,OUSR,,,
AMDR,updateDate,Date of Update,Date,,8,,,,
