SAP_Table,Field,Description,Type,Constraints,Size,Related,Default,Primary_key,Unique
AMDR1,OcrCode,Factor Code,nVarChar,,8,OMDR,,PRIMARY,Yes
AMDR1,PrcCode,Cost Center Code,nVarChar,,8,OPRC,,PROF_ID,No
AMDR1,PrcAmount,Total in Cost Center,Num,,20,,,,
AMDR1,OcrTotal,Total Factor,Num,,20,,,,
AMDR1,Direct,Direct,VarChar,"Y) Yes
N) No",1,,N,,
AMDR1,UserSign,User Signature,Int,,6,OUSR,,,
AMDR1,ValidFrom,Effective from,Date,19000101),8,,19000101,,
AMDR1,ValidTo,Effective to,Date,,8,,,,
AMDR1,logInstanc,Log Instance,Int,,11,,,,
AMDR1,UserSign2,Updating User,Int,,6,OUSR,,,
AMDR1,updateDate,Date of Update,Date,,8,,,,
