SAP_Table,Field,Description,Type,Constraints,Size,Related,Default,Primary_key,Unique
AMR1,DocEntry,Document Internal ID,Int,,11,OMRV,,PRIMARY,Yes
AMR1,LineNum,Row Number,Int,,11,,,,
AMR1,ItemCode,Item Code,nVarChar,,20,OITM,,ITEM,No
AMR1,Dscription,Item/Service Description,nVarChar,,100,,,,
AMR1,Quantity,Quantity,Num,,20,,,,
AMR1,Price,Price,Num,,20,,,,
AMR1,LineTotal,Row Total,Num,,20,,,,
AMR1,WhsCode,Warehouse Code,nVarChar,,8,OWHS,,,
AMR1,RIncmAcct,Inv. Reval. Increment Account,nVarChar,,15,,,,
AMR1,RDcrmAcct,Inv. Reval. Decrement Account,nVarChar,,15,,,,
AMR1,RToStock,Reval. Amount Posted to Stock,Num,,20,,,,
AMR1,RActPrice,Inv. Reval. Actual Price,Num,,20,,,,
AMR1,ROnHand,In Stock at Reval.,Num,,20,,,,
AMR1,LogInstanc,Log Instance,Int,,11,,0,,
AMR1,ObjType,Object Type,nVarChar,,20,,162,,
AMR1,EvalSystem,Cost Accounting Method,VarChar,"A) Moving Average
S) Standard
F) FIFO",1,OITM,,,
AMR1,OcrCode,Distribution Rule,nVarChar,,8,OOCR,,,
AMR1,UnitMsr,Unit of Measure,nVarChar,,100,,,,
AMR1,OcrCode2,Distribution Rule2,nVarChar,,8,OOCR,,,
AMR1,OcrCode3,Distribution Rule3,nVarChar,,8,OOCR,,,
AMR1,OcrCode4,Distribution Rule4,nVarChar,,8,OOCR,,,
AMR1,OcrCode5,Distribution Rule5,nVarChar,,8,OOCR,,,
AMR1,Project,Project Code,nVarChar,,20,OPRJ,,,
