SAP_Table,Field,Description,Type,Constraints,Size,Related,Default,Primary_key,Unique
AMR2,DocEntry,Document Internal ID,Int,,11,MRV1,,PRIMARY,Yes
AMR2,BaseLine,Base Row Number,Int,,11,,,,
AMR2,LineNum,Row Number,Int,,11,,,,
AMR2,Quantity,Quantity,Num,,20,,,,
AMR2,Price,Price,Num,,20,,,,
AMR2,LineTotal,Row Total,Num,,20,,,,
AMR2,RToStock,Reval. Amount Posted to Stock,Num,,20,,,,
AMR2,RActPrice,Inventory Reval. Current Cost,Num,,20,,,,
AMR2,INMTransNm,INM Transaction Number,Int,,11,OINM,,,
AMR2,INMInst,INM Instance,Int,,11,OINM,,,
AMR2,INMTransTy,INM Transaction Type,Int,,11,OINM,-1,,
AMR2,INMCreatBy,INM Document Key Created,Int,,11,OINM,,,
AMR2,INMBaseRef,INM Base Reference,nVarChar,,11,OINM,,,
AMR2,INMDocDate,INM Posting Date,Date,,8,OINM,,,
AMR2,INMOpenQty,INM Open Quantity,Num,,20,OINM,,,
AMR2,ObjType,Object Type,nVarChar,,20,,162,,
AMR2,LogInstanc,Log Instance,Int,,11,,0,,
AMR2,IVLTransSe,IVL Transaction Sequence No.,Int,,11,,-1,,
AMR2,IVLLayerID,IVL Layer ID,Int,,11,,-1,,
AMR2,INMLineNum,INM Row Number in Document,Int,,11,OINM,,,
AMR2,INMSubLine,INM Subrow Number,Int,,11,OINM,,,
