SAP_Table,Field,Description,Type,Constraints,Size,Related,Default,Primary_key,Unique
AMR3,DocEntry,Document Internal ID,Int,,11,,,PRIMARY,Yes
AMR3,BaseLine,Base Row Number,Int,,11,,,,
AMR3,LineNum,Row Number,Int,,11,,,,
AMR3,SNBNum,Serial and Batch Number,nVarChar,,36,,,,
AMR3,AdmisDate,Admission Date,Date,,8,,,,
AMR3,ExpiryDate,Expiration Date,Date,,8,,,,
AMR3,CurrCost,Current Cost,Num,,20,,,,
AMR3,NewCost,New Cost,Num,,20,,,,
AMR3,DebCred,Debit Credit Value,Num,,20,,,,
AMR3,SNBOpenQty,SNB Open Quantity,Num,,20,,,,
AMR3,RToStock,"Reval. Amount Posted to
Stock",Num,,20,,,,
AMR3,SnbSysNum,SNB System Number,Int,,11,,,,
AMR3,SnbAbsEnt,SNB Abs. Entry,Int,,11,,,,
AMR3,SnbQty,SNB Quantity,Num,,20,,,,
AMR3,SnbCostT,SNB Cost Total,Num,,20,,,,
AMR3,SnbLotNum,SNB Lot Number,nVarChar,,36,,,,
AMR3,SnbMfn,SNB Manufacture Attribute,nVarChar,,36,,,,
