SAP_Table,Field,Description,Type,Constraints,Size,Related,Default,Primary_key,Unique
AMRV,DocEntry,Internal Number,Int,,11,,,PRIMARY,Yes
AMRV,DocNum,Document Number,Int,,11,,,NUM,No
AMRV,DocDate,Posting Date,Date,,8,,,,
AMRV,Ref1,Reference 1,nVarChar,,11,,,,
AMRV,Ref2,Reference 2,nVarChar,,11,,,,
AMRV,Comments,Remarks,nVarChar,,127,,,,
AMRV,JrnlMemo,Journal Remarks,nVarChar,,50,,,,
AMRV,TransId,Transaction Number,Int,,11,OJDT,,,
AMRV,DocTime,Generation Time,Int,,6,,,,
AMRV,RevalType,Inventory Revaluation Type,VarChar,"P) Price Change
M) Material Debit/Credit",1,,P,,
AMRV,UpdateDate,Update Date,Date,,8,,,,
AMRV,CreateDate,Creation Date,Date,,8,,,,
AMRV,Series,Series,Int,,6,NNM1,0,SERIES,No
AMRV,TaxDate,Document Date,Date,,8,,,,
AMRV,DataSource,Data Source,VarChar,"N) Unknown
I) Interface
U) Upgrade
M) Import
O) DI API
A) Auto. Incr.
D) Data Document
P) Partner Implementation
T) Year Transfer",1,,N,,
AMRV,UserSign,User Signature,Int,,6,OUSR,,,
AMRV,UserSign2,Updating User,Int,,6,OUSR,,,
AMRV,StationID,Workstation ID,Int,,11,CSTN,,,
AMRV,RIncmAcct,Invent. Reval. Expense Account,nVarChar,,15,,,,
AMRV,RExpnAcct,Invent. Reval. Expense Account,nVarChar,,15,,,,
AMRV,LogInstanc,Log Instance,Int,,11,,0,,
AMRV,ObjType,Object Type,nVarChar,,20,,162,,
AMRV,SeqCode,Sequence Code,Int,,6,,,,
AMRV,Serial,Serial Number,Int,,11,,,,
AMRV,SeriesStr,Series String,nVarChar,,3,,,,
AMRV,SubStr,Subseries String,nVarChar,,3,,,,
AMRV,VersionNum,Version Number,nVarChar,,11,,,,
AMRV,InflaReval,Inflation-Based Revaluation,VarChar,,1,,N,,
AMRV,SupplCode,Supplementary Code,nVarChar,,127,,,,
AMRV,CardCode,Customer/Vendor Code,nVarChar,,15,,,,
AMRV,CardName,Customer/Vendor Name,nVarChar,,100,,,,
AMRV,CreatedBy,Entry Creation Origin,VarChar,"M) Created Manually by User
W) Created by Product Cost Recalculation Wizard",1,,M,,
