SAP_Table,Field,Description,Type,Constraints,Size,Related,Default,Primary_key,Unique
AOA1,AgrNo,Agreement No.,Int,,11,AOAT,,PRIMARY,Yes
AOA1,AgrLineNum,Agreement Row Number,Int,,11,,,,
AOA1,ItemCode,Item No.,nVarChar,,20,OITM,,,
AOA1,ItemName,Item Description,nVarChar,,100,,,,
AOA1,ItemGroup,Item Group,Int,,6,OITB,,,
AOA1,PlanQty,Planned Quantity,Num,,20,,,,
AOA1,UnitPrice,Unit Price,Num,,20,,,,
AOA1,Currency,Price Currency,nVarChar,,3,,,,
AOA1,CumQty,Cumulative Quantity,Num,,20,,,,
AOA1,CumAmntFC,Cumulative Amount in FC,Num,,20,,,,
AOA1,CumAmntLC,Cumulative Amount in LC,Num,,20,,,,
AOA1,FreeTxt,Free Text,nVarChar,,100,,,,
AOA1,InvntryUom,Inventory UoM,nVarChar,,100,,,,
AOA1,LogInstanc,Log Instance,Int,,11,,0,,
AOA1,VisOrder,Visual Order,Int,,11,,,,
AOA1,RetPortion,Goods Return Probability,Num,,20,,,,
AOA1,WrrtyEnd,Date When Goods Expire,Date,,8,,,,
AOA1,LineStatus,Row Status,VarChar,"O) Open
C) Closed",1,,O,,
AOA1,PlanAmtLC,Planned Amount (LC),Num,,20,,,,
AOA1,PlanAmtFC,Planned Amount (FC),Num,,20,,,,
AOA1,Discount,Line Discount,Num,,20,,,,
AOA1,UomEntry,UoM Entry,Int,,11,OUOM,,,
AOA1,UomCode,UoM Code,nVarChar,,20,,,,
AOA1,NumPerMsr,UoM Value,Num,,20,,0,,
