SAP_Table,Field,Description,Type,Constraints,Size,Related,Default,Primary_key,Unique
AOA2,AgrNo,Agreement No.,Int,,11,AOAT,,PRIMARY,Yes
AOA2,AgrLnNum,Agreement Item Row Number,Int,,11,,,,
AOA2,AgrEfctNum,Agreement Effective Row No.,Int,,11,,,,
AOA2,DatePeriod,Frequency,VarChar,"D) Daily
W) Weekly
M) Monthly
Q) Quarterly
S) Semi-Annually
A) Annually
O) One Time",1,,M,,
AOA2,FromDate,From Date,Date,,8,,,,
AOA2,ToDate,To Date,Date,,8,,,,
AOA2,CallUp,Release Information,nVarChar,,100,,,,
AOA2,WhsCode,Warehouse Code,nVarChar,,8,OWHS,-1,,
AOA2,Quantity,Item Quantity,Num,,20,,,,
AOA2,ConsumeFCT,Consumer Sales Forecast,VarChar,"Y) Yes
N) No",1,,,,
AOA2,FreeTxt,Free Text,nVarChar,,100,,,,
AOA2,LogInstanc,Log Instance,Int,,11,,0,,
AOA2,AmountLC,Planned Amount (LC),Num,,20,,,,
AOA2,AmountFC,Planned Amount (FC),Num,,20,,,,
