SAP_Table,Field,Description,Type,Constraints,Size,Related,Default,Primary_key,Unique
AOAT,AbsID,Agreement No.,Int,,11,,,PRIMARY,Yes
AOAT,BpCode,BP Code,nVarChar,,15,OCRD,,,
AOAT,BpName,BP Name,nVarChar,,100,,,,
AOAT,CntctCode,Contact Person Code,Int,,11,OCPR,,,
AOAT,StartDate,Start Date,Date,,8,,,,
AOAT,EndDate,End Date,Date,,8,,,,
AOAT,TermDate,Termination Date,Date,,8,,,,
AOAT,Descript,Description,nVarChar,,127,,,,
AOAT,Type,Agreement Type,VarChar,"G) General
S) Specific",1,,G,,
AOAT,Status,Agreement Status,VarChar,"A) Approved
F) On Hold
D) Draft
T) Terminated
C) Canceled",1,,D,,
AOAT,Owner,Owner,Int,,11,OHEM,,,
AOAT,Renewal,Renewal,VarChar,"Y) Yes
N) No",1,,N,,
AOAT,UseDiscnt,Use BP Special Price,VarChar,"Y) Yes
N) No",1,,Y,,
AOAT,RemindVal,Reminder Time,Int,,6,,,,
AOAT,RemindUnit,Remind Unit,VarChar,"D) Day(s)
W) Week(s)
M) Month(s)",1,,D,,
AOAT,Remarks,Remarks,Text,,16,,,,
AOAT,AtchEntry,Attachment Entry,Int,,11,OATC,,,
AOAT,LogInstanc,Log Instance,Int,,11,,0,,
AOAT,UserSign,User Signature,Int,,6,OUSR,,,
AOAT,UserSign2,User Signature 2,Int,,6,OUSR,,,
AOAT,UpdtDate,Update Date,Date,,8,,,,
AOAT,CreateDate,Create Date,Date,,8,,,,
AOAT,Cancelled,Canceled,VarChar,"Y) Yes
N) No",1,,N,,
AOAT,DataSource,Data Source,VarChar,"N) Unknown
I) Interface
U) Upgrade
M) Import
O) DI API
A) Auto Summary
D) Restore Wizard
P) Partner Implementation
T) Year of Transfer",1,,N,,
AOAT,Transfered,Year Transfer,VarChar,"Y) Yes
N) No",1,,N,,
AOAT,RemindFlg,Reminder Sent,VarChar,"Y) Yes
N) No",1,,N,,
AOAT,Fulfilled,Fulfilled,VarChar,"Y) Fulfilled
N) Not Fulfilled",1,,N,,
AOAT,Attachment,Attachments,Text,,16,,,,
AOAT,SettleProb,Probability that customer pays,Num,,20,,,,
AOAT,UpdtTime,Update Time,Int,,11,,,,
AOAT,Method,Agreement Method,VarChar,"I) Items Method
M) Monetary Method",1,,I,,
AOAT,GroupNum,Payment Terms Code,Int,,6,OCTG,,,
AOAT,ListNum,Price List No.,Int,,6,OPLN,,,
AOAT,SignDate,Signing Date,Date,,8,,,,
AOAT,AmendedTo,Amendment To,Int,,11,,,,
AOAT,Series,Series,Int,,6,NNM1,,,
AOAT,Number,Number,Int,,11,,,,
AOAT,ObjType,Object Type,nVarChar,,20,ADP1,1250000025,,
AOAT,Handwrtten,Manual Numbering,VarChar,,1,,N,,
AOAT,PIndicator,Period Indicator,nVarChar,,10,OPID,' ',,
AOAT,BpType,BP Type,VarChar,"C) Customer
S) Vendor",1,,C,,
AOAT,Instance,Instance,Int,,6,,0,,
AOAT,PayMethod,Payment Method,nVarChar,,15,OPYM,,,
