SAP_Table,Field,Description,Type,Constraints,Size,Related,Default,Primary_key,Unique
AOC1,OcrCode,Factor Code,nVarChar,,8,OOCR,,PRIMARY,Yes
AOC1,PrcCode,Cost Center Code,nVarChar,,8,OPRC,,PROF_ID,No
AOC1,PrcAmount,Total in Cost Center,Num,,20,,,,
AOC1,OcrTotal,Total Factor,Num,,20,,,,
AOC1,Direct,Direct,VarChar,"Y) Yes
N) No",1,,N,,
AOC1,UserSign,User Signature,Int,,6,OUSR,,,
AOC1,ValidFrom,Effective from,Date,,8,,,,
AOC1,ValidTo,Effective to,Date,,8,,,,
AOC1,logInstanc,Log Instance,Int,,11,,,,
AOC1,UserSign2,Updating User,Int,,6,OUSR,,,
AOC1,updateDate,Date of Update,Date,,8,,,,
