SAP_Table,Field,Description,Type,Constraints,Size,Related,Default,Primary_key,Unique
AOCR,OcrCode,Factor Code,nVarChar,,8,,,PRIMARY,Yes
AOCR,OcrName,Factor Description,nVarChar,,30,,,,
AOCR,OcrTotal,Total Factor,Num,,20,,,,
AOCR,Direct,Direct,VarChar,"Y) Yes
N) No",1,,N,,
AOCR,Locked,Locked,VarChar,"Y) Yes
N) No",1,,N,,
AOCR,DataSource,Data Source,VarChar,"N) Unknown
I) Interface
U) Update
M) Import
O) DI API
A) Doc. Generation Wizard
D) Restore Wizard
P) Partner Implementation
T) Year Transfer",1,,N,,
AOCR,UserSign,User Signature,Int,,6,OUSR,,,
AOCR,DimCode,In Which Dimension,Int,,6,ODIM,1,,
AOCR,AbsEntry,Numerator,Int,,11,,,,
AOCR,Active,Active,VarChar,"Y) Yes
N) No",1,,Y,,
AOCR,logInstanc,Log Instance,Int,,11,,,,
AOCR,UserSign2,Updating User,Int,,6,OUSR,,,
AOCR,updateDate,Date of Update,Date,,8,,,,
