SAP_Table,Field,Description,Type,Constraints,Size,Related,Default,Primary_key,Unique
AOPR,OpprId,Sequence No.,Int,,11,,,PRIMARY,Yes
AOPR,CardCode,BP Code,nVarChar,,15,OCRD,,,
AOPR,SlpCode,Main Sales Emp.,Int,,11,OSLP,,,
AOPR,CprCode,Contact Person,Int,,11,OCPR,,,
AOPR,Source,Source,Int,,11,OOSR,,,
AOPR,IntCat1,Interest - Field 1,Int,,11,OOIN,,,
AOPR,IntCat2,Interest - Field 2,Int,,11,OOIN,,,
AOPR,IntCat3,Interest - Field 3,Int,,11,OOIN,,,
AOPR,IntRate,Interest Level,Int,,11,OOIR,,,
AOPR,OpenDate,Start Date,Date,,8,,,,
AOPR,DifType,Closing Type,VarChar,"M) Months
W) Weeks
D) Days",1,,D,,
AOPR,PredDate,Predicted Closing Date,Date,,8,,,,
AOPR,MaxSumLoc,Local Potential Amount,Num,,20,,,,
AOPR,MaxSumSys,System Potential Amount,Num,,20,,,,
AOPR,WtSumLoc,Weighted Amount (LC) - Document,Num,,20,,,,
AOPR,WtSumSys,Weighted Amount (SC),Num,,20,,,,
AOPR,PrcnProf,Gross Profit %,Num,,20,,,,
AOPR,SumProfL,Gross Profit Total - Local,Num,,20,,,,
AOPR,SumProfS,Gross Profit Total - System,Num,,20,,,,
AOPR,Memo,Remarks,Text,,16,,,,
AOPR,Status,Status,VarChar,"O) Open
L) Lost
W) Won",1,,O,,
AOPR,StatusRem,Status Remarks,nVarChar,,30,,,,
AOPR,Reason,Reason for Closing,Int,,11,OOFR,,,
AOPR,RealSumLoc,Total Amount - Local,Num,,20,,,,
AOPR,RealSumSys,Total Amount - System,Num,,20,,,,
AOPR,RealProfL,Closing Gross Profit - Local,Num,,20,,,,
AOPR,RealProfS,Closing Gross Profit - System,Num,,20,,,,
AOPR,CloPrcnt,Closing Percentage,Num,,20,,,,
AOPR,StepLast,Current Stage No.,Int,,6,OOST,,,
AOPR,UserSign,User Signature,Int,,6,OUSR,,,
AOPR,Transfered,Transferred to Next Year,VarChar,"Y) Yes
N) No",1,,N,,
AOPR,Instance,Instance,Int,,6,,0,,
AOPR,CardName,BP Name,nVarChar,,100,,,,
AOPR,CloseDate,Closing Date,Date,,8,,,,
AOPR,LastSlp,Last Sales Emp.,Int,,11,OSLP,,,
AOPR,Name,Opportunity Name,nVarChar,,100,,,,
AOPR,Territory,Territory,Int,,11,OTER,,,
AOPR,Industry,Industry,Int,,11,OOND,,,
AOPR,ChnCrdCode,BP Channel Code,nVarChar,,15,OCRD,,,
AOPR,ChnCrdName,BP Channel Name,nVarChar,,100,,,,
AOPR,PrjCode,Project Code,nVarChar,,20,OPRJ,,,
AOPR,CardGroup,BP Group,Int,,6,OCRD,,,
AOPR,ChnCrdCon,BP Channel Contact,Int,,11,OCPR,,,
AOPR,Owner,Data Ownership field,Int,,11,OHEM,,,
AOPR,attachment,Attachments,Text,,16,,,,
AOPR,DocType,Linked Document Type,nVarChar,"-1)
23) Quotations
17) Sales Orders
15) Delivery Notes
13) Sales Invoices
540000006) Purchase Quotations
22) Purchase Orders
20) Goods Receipt POs
18) Purchase Invoices",9,,-1,,
AOPR,DocNum,Linked Document Number,Int,,11,,,,
AOPR,DocEntry,Linked Document Entry,Int,,11,,,,
AOPR,DocChkbox,Document Checkbox,VarChar,,1,,,,
AOPR,AtcEntry,Attachment Entry,Int,,11,,,,
AOPR,LogInstanc,Log Instance,Int,,11,,0,,
AOPR,UserSign2,Updating User,Int,,6,OUSR,,,
AOPR,UpdateDate,Update Date,Date,,8,,,,
AOPR,OpprType,Opportunity Type,VarChar,"R) Sales
P) Purchasing",1,,R,,
