SAP_Table,Field,Description,Type,Constraints,Size,Related,Default,Primary_key,Unique
APJ1,DocEntry,Internal Number,Int,,11,,,PRIMARY,Yes
APJ1,StepCode,Step Code,Int,,11,,,,
APJ1,Father,Father Step Code,Int,,11,,,,
APJ1,VisOrder,Visual Order,Int,,11,,,,
APJ1,Level,Node Level,Int,,11,,,,
APJ1,StepName,Step Name,nVarChar,,127,,,,
APJ1,StepInfo,Step Info,nVarChar,,127,,,,
APJ1,StepNotes,Step Notes,nVarChar,,127,,,,
APJ1,StepLink,Step Link to Menu ID,nVarChar,,32,,,,
APJ1,StartDate,Start Date,Date,,8,,,,
APJ1,EndDate,End Date,Date,,8,,,,
APJ1,IsComplete,Is Complete,VarChar,,1,,,,
APJ1,LogInstanc,Log Instance,Int,,11,,,,
APJ1,Owner,Owner,nVarChar,,127,OUSR,,,
APJ1,Status,Status,Int,,11,,0,,
APJ1,Duration,Duration,Num,,20,,,,
APJ1,PlanTime,Planned Time,Num,,20,,,,
APJ1,AtcEntry,Attachment Entry,Int,,11,OATC,,,
APJ1,TotalPTime,Total Planned Time,Num,,20,,,,
APJ1,QueryID,Step Link Query ID,Int,,11,OUQR,,,
