SAP_Table,Field,Description,Type,Constraints,Size,Related,Default,Primary_key,Unique
APJT,DocEntry,Internal Number,Int,,11,,,PRIMARY,Yes
APJT,TempType,Template Type,VarChar,"S) System Template
N) Nonsystem Template",1,,N,,
APJT,TempName,Template Name,nVarChar,,127,,,,
APJT,LogInstanc,Log Instance,Int,,11,,,,
APJT,UserSign,User Signature,Int,,11,OUSR,,,
APJT,UserSign2,Updating User,Int,,11,OUSR,,,
APJT,CreateDate,Production Date,Date,,8,,,,
APJT,UpdateDate,Date of Update,Date,,8,,,,
APJT,TempDesc,Template Description,nVarChar,,127,,,,
