SAP_Table,Field,Description,Type,Constraints,Size,Related,Default,Primary_key,Unique
APKL,AbsEntry,Absolute entry,Int,,11,,,PRIMARY,Yes
APKL,Name,Name,nVarChar,,127,,,,
APKL,OwnerCode,Owner Code,Int,,6,OUSR,,,
APKL,OwnerName,Owner Name,nVarChar,,127,,,,
APKL,PickDate,Pick Date,Date,,8,,,,
APKL,Remarks,Remarks,Text,,16,,,,
APKL,Canceled,Canceled,VarChar,"Y) Yes
N) No",1,,N,,
APKL,ShipType,Shipping Type,Int,,6,,,,
APKL,Status,Status,VarChar,"R) Released
Y) Picked
P) Partially Picked
D) Partially Delivered
C) Closed",1,,R,,
APKL,Printed,Printed,VarChar,"Y) Copy
N) Original",1,,N,,
APKL,LogInstac,Log Instance - History,Int,,11,,,,
APKL,ObjType,Object Type,nVarChar,,20,ADP1,156,,
APKL,UpdateDate,Date of Update,Date,,8,,,,
APKL,CreateDate,Creation Date,Date,,8,,,,
APKL,UserSign,User Signature,Int,,6,OUSR,,,
APKL,UserSign2,Updating User,Int,,6,OUSR,,,
APKL,UseBaseUn,Inventory UoM,VarChar,"Y) Yes
N) No",1,,N,,
