SAP_Table,Field,Description,Type,Constraints,Size,Related,Default,Primary_key,Unique
APLN,ListNum,Price List No.,Int,,6,,,PRIMARY,Yes
APLN,ListName,Price List Name,nVarChar,,32,,,LIST_NAME,Yes
APLN,BASE_NUM,Base Price List,Int,,6,OPLN,,,
APLN,Factor,Factor,Num,,20,,,,
APLN,RoundSys,Rounding Method,Int,"0
1) Round to Full Decimal Amount
2) Round to Full Amount
3) Round to Full Tens Amount
4) Fixed Ending
5) Fixed Interval",6,,0,,
APLN,GroupCode,Group No.,Int,"1) Group 1
2) Group 2
3) Group 3
4) Group 4",6,,1,,
APLN,DataSource,Data Source,VarChar,"N) Unknown
I) Interface
U) Update
M) Import
O) DI API
A) Doc. Generation Wizard
D) Restore Wizard
P) Partner Implementation
T) Year Transfer",1,,N,,
APLN,SPPCounter,SPP Counter,Int,,11,,,,
APLN,UserSign,User Signature,Int,,6,OUSR,,,
APLN,IsGrossPrc,Gross Price?,VarChar,"Y) Yes
N) No",1,,N,,
APLN,LogInstanc,Log Instance,Int,,11,,0,,
APLN,UserSign2,Updating User,Int,,6,OUSR,,,
APLN,UpdateDate,Update Date,Date,,8,,,,
APLN,ValidFor,Active,VarChar,"Y) Yes
N) No",1,,Y,,
APLN,ValidFrom,Active From,Date,,8,,,,
APLN,ValidTo,Active To,Date,,8,,,,
APLN,CreateDate,Creation Date,Date,,8,,,,
APLN,PrimCurr,Primary Default Curreny,nVarChar,,3,,,,
APLN,AddCurr1,Additional Default Currency 1,nVarChar,,3,,,,
APLN,AddCurr2,Additional Default Currency 2,nVarChar,,3,,,,
APLN,RoundRule,Rounding Rule,VarChar,"R) Round to Closest
C) Round Up
F) Round Down",1,,R,,
APLN,ExtAmount,Fixed Amount (Ending/Interval),Num,,20,,,,
APLN,RndFrmtInt,Ending/Interval - Integer Part,nVarChar,,10,,,,
APLN,RndFrmtDec,Ending/Interval - Decimal Part,nVarChar,,10,,,,
