SAP_Table,Field,Description,Type,Constraints,Size,Related,Default,Primary_key,Unique
APRC,PrcCode,Center Code,nVarChar,,8,,,PRIMARY,Yes
APRC,PrcName,Center Name,nVarChar,,30,,,,
APRC,GrpCode,Group Code,nVarChar,,4,,,,
APRC,Balance,Balance,Num,,20,,,,
APRC,Locked,Locked,VarChar,"Y) Yes
N) No",1,,N,,
APRC,DataSource,Data Source,VarChar,"N) Unknown
I) Interface
U) Update
M) Import
O) DI API
A) Doc. Generation Wizard
D) Restore Wizard
P) Partner Implementation
T) Year Transfer",1,,N,,
APRC,UserSign,User Signature,Int,,6,OUSR,,,
APRC,DimCode,In Which Dimension,Int,,6,ODIM,1,,
APRC,CCTypeCode,Cost Center Type Code,nVarChar,,8,OCCT,,,
APRC,ValidFrom,Valid From,Date,,8,,,,
APRC,ValidTo,Valid To,Date,,8,,,,
APRC,Active,Active,VarChar,"Y) Yes
N) No",1,,Y,,
APRC,LogInstanc,Log Instance,Int,,11,,0,,
APRC,UserSign2,Updating User,Int,,6,OUSR,,,
APRC,UpdateDate,Update Date,Date,,8,,,,
