SAP_Table,Field,Description,Type,Constraints,Size,Related,Default,Primary_key,Unique
APRJ,PrjCode,Project Code,nVarChar,,20,,,PRIMARY,Yes
APRJ,PrjName,Project Name,nVarChar,,100,,,,
APRJ,Locked,Locked,VarChar,"Y) Yes
N) No",1,,N,,
APRJ,DataSource,Data Source,VarChar,"N) Unknown
I) Interface
U) Update
M) Import
O) DI API
A) Doc. Generation Wizard
D) Restore Wizard
P) Partner Implementation
T) Year Transfer",1,,N,,
APRJ,UserSign,User Signature,Int,,6,OUSR,,,
APRJ,ValidFrom,Valid From,Date,,8,,,,
APRJ,ValidTo,Valid To,Date,,8,,,,
APRJ,Active,Active,VarChar,"Y) Yes
N) No",1,,Y,,
APRJ,LogInstanc,Log Instance,Int,,11,,0,,
APRJ,UserSign2,Updating User,Int,,6,OUSR,,,
APRJ,UpdateDate,Update Date,Date,,8,,,,
