SAP_Table,Field,Description,Type,Constraints,Size,Related,Default,Primary_key,Unique
AQI1,DocEntry,Document Internal ID,Int,,11,,,PRIMARY,Yes
AQI1,DocLineNum,Row Number in Document,Int,,11,,,,
AQI1,ItemCode,Item No.,nVarChar,,20,OITM,,ITEM_CODE,No
AQI1,ItemName,Item Description,nVarChar,,100,,,,
AQI1,InvntryUom,Inventory UoM,nVarChar,,100,,,,
AQI1,OnHandBef,Quantity Stored in Warehouse,Num,,20,,,,
AQI1,Price,Price,Num,,20,,,,
AQI1,Quantity,Quantity - Delta,Num,,20,,,,
AQI1,Currency,Price Currency,nVarChar,,3,,,,
AQI1,Rate,Currency Price,Num,,20,,,,
AQI1,IOffIncAcc,Inventory Offset Increase Acct,nVarChar,,15,OACT,,,
AQI1,DOffDecAcc,Inventory Offset Decrease Acct,nVarChar,,15,OACT,,,
AQI1,OcrCode,Distribution Rule,nVarChar,,8,OOCR,,,
AQI1,WhsCode,Warehouse Code,nVarChar,,8,OWHS,,,
AQI1,DocTotal,Document Total,Num,,20,,,,
AQI1,DocTotalFC,Document Total (FC),Num,,20,,,,
AQI1,DocTotalSy,Document Total (SC),Num,,20,,,,
AQI1,OcrCode2,Distribution Rule 2,nVarChar,,8,OOCR,,,
AQI1,OcrCode3,Distribution Rule 3,nVarChar,,8,OOCR,,,
AQI1,OcrCode4,Distribution Rule 4,nVarChar,,8,OOCR,,,
AQI1,OcrCode5,Distribution Rule 5,nVarChar,,8,OOCR,,,
AQI1,ObjType,Object Type,nVarChar,,20,,310000001,,
AQI1,Project,Project Code,nVarChar,,20,OPRJ,,,
AQI1,BarCode,Bar Code,nVarChar,,127,,,,
AQI1,InvUoM,Inventory UoM,VarChar,"Y) Yes
N) No",1,,,,
AQI1,InvUoMQty,Inventory UoM Qty,Num,,20,,,,
AQI1,BinEntry,Bin Location Entry,Int,,11,OBIN,,,
AQI1,FirmCode,Manufacturer,Int,,6,OMRC,,,
AQI1,SuppCatNum,Mfr Catalog No.,nVarChar,,17,,,,
AQI1,CardCode,Preferred Vendor,nVarChar,,15,OCRD,,,
AQI1,Remark,Remarks,nVarChar,,127,,,,
AQI1,Location,Location,Int,,11,,,,
AQI1,ItmsGrpCod,Item Group,Int,,6,OITB,100,,
AQI1,LogInstanc,Log Instance - History,Int,,11,,,,
AQI1,BinNegQty,Allow Bin Negative Quantity,VarChar,"Y) Yes
N) No",1,,N,,
AQI1,VisOrder,Visual Order,Int,,11,,,,
AQI1,ActPrice,Actual Price,Num,,20,,,,
AQI1,PostValueL,Posted Value LC,Num,,20,,,,
AQI1,PostValueS,Posted Value SC,Num,,20,,,,
