SAP_Table,Field,Description,Type,Constraints,Size,Related,Default,Primary_key,Unique
AQI2,DocEntry,Internal Number,Int,,11,OINC,,PRIMARY,Yes
AQI2,LineNum,Row Number,Int,,11,,,,
AQI2,SnbIndex,SnB Index,Int,,11,,,,
AQI2,ItemCode,Item Code,nVarChar,,20,OITM,,,
AQI2,WhsCode,Warehouse,nVarChar,,8,OWHS,,,
AQI2,ObjId,Object ID,Int,,11,,,,
AQI2,ObjAbs,Object Abs.,Int,,11,,,,
AQI2,DrfWObjAbs,Draft Whse Obj. Abs.,Int,,11,,-1,,
AQI2,Quantity,Quantity,Num,,20,,,,
AQI2,SubLineNum,Subrow Number,Int,,11,,-1,,
AQI2,ObjType,Object Type,nVarChar,,20,,,,
AQI2,LogInstanc,Log Instance - History,Int,,11,,,,
AQI2,TakerType,Counter Type,Int,"0
1) Two Counters - Counter 1
2) Two Counters - Counter 2",11,,,,
