SAP_Table,Field,Description,Type,Constraints,Size,Related,Default,Primary_key,Unique
AQR1,DocEntry,Document Internal ID,Int,,11,,,PRIMARY,Yes
AQR1,DocLineNum,Row Number in Document,Int,,11,,,,
AQR1,ItemCode,Item No.,nVarChar,,20,OITM,,ITEM_CODE,No
AQR1,ItemName,Item Description,nVarChar,,100,,,,
AQR1,InvntryUom,Inventory UoM,nVarChar,,100,,,,
AQR1,OnHandBef,Quantity Stored in Warehouse,Num,,20,,,,
AQR1,Price,Price,Num,,20,,,,
AQR1,Quantity,Quantity - Delta,Num,,20,,,,
AQR1,Currency,Price Currency,nVarChar,,3,,,,
AQR1,Rate,Currency Price,Num,,20,,,,
AQR1,IOffIncAcc,Inventory Offset Increase Acct,nVarChar,,15,OACT,,,
AQR1,DOffDecAcc,Inventory Offset Decrease Acct,nVarChar,,15,OACT,,,
AQR1,OcrCode,Distribution Rule,nVarChar,,8,OOCR,,,
AQR1,WhsCode,Warehouse Code,nVarChar,,8,OWHS,,,
AQR1,DocTotal,Document Total,Num,,20,,,,
AQR1,DocTotalFC,Document Total (FC),Num,,20,,,,
AQR1,DocTotalSy,Document Total (SC),Num,,20,,,,
AQR1,OcrCode2,Distribution Rule 2,nVarChar,,8,OOCR,,,
AQR1,OcrCode3,Distribution Rule 3,nVarChar,,8,OOCR,,,
AQR1,OcrCode4,Distribution Rule 4,nVarChar,,8,OOCR,,,
AQR1,OcrCode5,Distribution Rule 5,nVarChar,,8,OOCR,,,
AQR1,ObjType,Object Type,nVarChar,,20,,10000071,,
AQR1,Project,Project Code,nVarChar,,20,OPRJ,,,
AQR1,BarCode,Bar Code,nVarChar,,127,,,,
AQR1,InvUoM,Inventory UoM,VarChar,"Y) Yes
N) No",1,,Y,,
AQR1,BinEntry,Bin Location Entry,Int,,11,OBIN,,,
AQR1,FirmCode,Manufacturer,Int,,6,OMRC,,,
AQR1,SuppCatNum,Mfr Catalog No.,nVarChar,,17,,,,
AQR1,CardCode,Preferred Vendor,nVarChar,,15,OCRD,,,
AQR1,CountDate,Count Date,Date,,8,,,,
AQR1,CountTime,Count Time,Int,,11,,,,
AQR1,DiffPercnt,Percentage Difference,Num,,20,,,,
AQR1,BaseRef,Base Document Reference,nVarChar,,16,,,,
AQR1,BaseType,Base Document Type,Int,"-1)
1470000065) Inventory Counting",11,,1470000065,,
AQR1,BaseEntry,Base Document Internal ID,Int,,11,,,,
AQR1,BaseLine,Base Row,Int,,11,,,,
AQR1,CountQty,Counted Quantity,Num,,20,,,,
AQR1,Remark,Remarks,nVarChar,,127,,,,
AQR1,LogInstanc,Log Instance - History,Int,,11,,,,
AQR1,CpyCount,Copied Count,Int,"0
1) Inventory Taker One
2) Two Takers - Taker 1
3) Two Takers - Taker 2
4) Two Takers - Items with Zero Difference",11,,0,,
AQR1,BinNegQty,Allow Bin Negative Quantity,VarChar,"Y) Yes
N) No",1,,N,,
AQR1,VisOrder,Visual Order,Int,,11,,,,
AQR1,UgpEntry,UoM Group Entry,Int,,11,OUGP,,,
AQR1,IUomEntry,Inventory UoM Entry,nVarChar,,20,OUOM,,,
AQR1,UomCode,UoM Code for DI,nVarChar,,20,,,,
AQR1,ItmsPerUnt,Items per Unit for DI,Num,,20,,,,
AQR1,UomQty,UoM Counted Qty for DI,Num,,20,,,,
AQR1,ActPrice,Actual Price,Num,,20,,,,
AQR1,PostValueL,Posted Value LC,Num,,20,,,,
AQR1,PostValueS,Posted Value SC,Num,,20,,,,
