SAP_Table,Field,Description,Type,Constraints,Size,Related,Default,Primary_key,Unique
AQR2,DocEntry,Internal Number,Int,,11,OINC,,BUSINESS,Yes
AQR2,LineNum,Row Number,Int,,11,,,,
AQR2,ChildNum,Child Number,Int,,11,,,,
AQR2,BarCode,Bar Code,nVarChar,,127,,,,
AQR2,UomCode,UoM Code,nVarChar,,20,OUOM,,,
AQR2,UomQty,UoM Counted Qty,Num,,20,,,,
AQR2,CountQty,Counted Qty - Inventory UoM,Num,,20,,,,
AQR2,Tk1UomQty,Counter 1 UoM Counted Qty,Num,,20,,,,
AQR2,Tk2UomQty,,Num,,20,,,,
AQR2,Tk1CntQty,Counter 1 Counted Qty of Inv.,Num,,20,,,,
AQR2,Tk2CntQty,,Num,,20,,,,
AQR2,ItmsPerUnt,Items per Unit,Num,,20,,,,
AQR2,LogIns,Log Instance - History,Int,,11,,,,
AQR2,UgpEntry,UoM Group Abs. Entry,Int,,11,OUGP,,,
AQR2,TeamUomQty,Team UoM Counted Qty,Num,,20,,,,
AQR2,TeamCntQty,Team Counted Qty,Num,,20,,,,
AQR2,IUomEntry,Inventory UoM Entry,nVarChar,,20,OUOM,,,
