SAP_Table,Field,Description,Type,Constraints,Size,Related,Default,Primary_key,Unique
AQR3,DocEntry,Internal Number,Int,,11,OINC,,PRIMARY,Yes
AQR3,LineNum,Row Number,Int,,11,,,,
AQR3,SnbIndex,SnB Index,Int,,11,,,,
AQR3,ItemCode,Item Code,nVarChar,,20,OITM,,,
AQR3,WhsCode,Warehouse,nVarChar,,8,OWHS,,,
AQR3,ObjId,Object ID,Int,,11,,,,
AQR3,ObjAbs,Object Abs.,Int,,11,,,,
AQR3,DrfWObjAbs,Draft Whse Obj. Abs.,Int,,11,,-1,,
AQR3,Quantity,Quantity,Num,,20,,,,
AQR3,SubLineNum,Subrow Number,Int,,11,,-1,,
AQR3,ObjType,Object Type,nVarChar,,20,,,,
AQR3,LogInstanc,Log Instance - History,Int,,11,,,,
AQR3,TakerType,Counter Type,Int,"0
1) Two Counters - Counter 1
2) Two Counters - Counter 2",11,,,,
