SAP_Table,Field,Description,Type,Constraints,Size,Related,Default,Primary_key,Unique
ARC1,DocNum,Document Number,Int,,11,OVPM,,PRIMARY,Yes
ARC1,LineID,Row Number,Int,,11,,,,
ARC1,DueDate,Check Date,Date,,8,,,,
ARC1,CheckNum,Check Number,Int,,11,,,,
ARC1,BankCode,Account Number,nVarChar,,30,,-1,,
ARC1,Branch,Branch Number,nVarChar,,50,,,,
ARC1,AcctNum,Account Number,nVarChar,,50,,,,
ARC1,Details,Details,nVarChar,,127,,,,
ARC1,Trnsfrable,Negotiable,VarChar,"Y) Yes
N) No",1,,N,,
ARC1,CheckSum,Check Amount,Num,,20,,,,
ARC1,Currency,Check Currency,nVarChar,,3,,,,
ARC1,Flags,Flags,Int,,11,OCRN,0,,
ARC1,ObjType,ObjType,nVarChar,,20,ADP1,,,
ARC1,LogInstanc,Log Instance,Int,,11,,0,,
ARC1,CountryCod,Country Code,nVarChar,,3,OCRY,,,
ARC1,CheckAct,Check Account,nVarChar,,15,OACT,,,
ARC1,CheckAbs,Check ID Entry,Int,,11,OCHO,,,
ARC1,BnkActKey,Bank Account Internal ID,Int,,11,DSC1,,,
ARC1,ManualChk,Manual Check,VarChar,"N) No
Y) Yes",1,,N,,
