SAP_Table,Field,Description,Type,Constraints,Size,Related,Default,Primary_key,Unique
ARC2,DocNum,Document Number,Int,,11,OVPM,,PRIMARY,Yes
ARC2,InvoiceId,Sequence No.,Int,,11,,,,
ARC2,DocEntry,Invoice Key,Int,,11,,,,
ARC2,SumApplied,Paid (LC),Num,,20,,,,
ARC2,AppliedFC,Paid (FC),Num,,20,,,,
ARC2,AppliedSys,Paid (SC),Num,,20,,,,
ARC2,InvType,Document Type,nVarChar,"203) A/R Down Payment
13) A/R Invoice
14) A/R Credit Memo
204) A/P Down Payment
18) A/P Invoice
19) A/P Credit Memo
24) Incoming Payment
25) Deposit
46) Payment Advice
57) Checks for Payment
76) Postdated Deposit
-2) Opening Balance
-3) Closing Balance
30) Journal Entry
-1) All Transactions
163) A/P Correction Invoice
165) A/R Correction Invoice
0",20,,13,,
ARC2,DocRate,Document Rate,Num,,20,,,,
ARC2,Flags,Flags,Int,,11,,0,,
ARC2,IntrsStat,Interest Letter Status,VarChar,"U) Not Sent
S) Sent
C) Closed",1,,U,,
ARC2,DocLine,Row Key,Int,,11,,0,,
ARC2,vatApplied,Tax Definition,Num,,20,,,,
ARC2,vatAppldFC,Tax Paid (FC),Num,,20,,,,
ARC2,vatAppldSy,Tax Paid (SC),Num,,20,,,,
ARC2,selfInv,Auto. Invoice,VarChar,"N) No
Y) Yes",1,,N,,
ARC2,ObjType,Object Type,nVarChar,,20,ADP1,,,
ARC2,LogInstanc,Log Instance,Int,,11,,0,,
ARC2,Dcount,Discount,Num,,20,,,,
ARC2,DcntSum,Discount Amount,Num,,20,,,,
ARC2,DcntSumFC,Discount Amount (FC),Num,,20,,,,
ARC2,DcntSumSy,Discount Amount (SC),Num,,20,,,,
ARC2,BfDcntSum,Amount Bef. Discount,Num,,20,,,,
ARC2,BfDcntSumF,Amount Bef. Discount (FC),Num,,20,,,,
ARC2,BfDcntSumS,Amount Bef. Discount (SC),Num,,20,,,,
ARC2,BfNetDcnt,Net Amount Bef. Discount,Num,,20,,,,
ARC2,BfNetDcntF,Net Amount Bef. Discount (FC),Num,,20,,,,
ARC2,BfNetDcntS,Net Amount Bef. Discount (SC),Num,,20,,,,
ARC2,PaidSum,Amount Paid (LC),Num,,20,,,,
ARC2,ExpAppld,Freight applied,Num,,20,,,,
ARC2,ExpAppldFC,Freight applied FC,Num,,20,,,,
ARC2,ExpAppldSC,Freight applied SC,Num,,20,,,,
ARC2,Rounddiff,Rounding Diff.,Num,,20,,,,
ARC2,RounddifFc,Rounding Diff. (FC),Num,,20,,,,
ARC2,RounddifSc,Rounding Diff. (SC),Num,,20,,,,
ARC2,InstId,Installment ID,Int,,6,,1,,
ARC2,WtAppld,Applied WTax,Num,,20,,,,
ARC2,WtAppldFC,Applied WT (FC),Num,,20,,,,
ARC2,WtAppldSC,Applied WTax (SC),Num,,20,,,,
ARC2,LinkDate,Link Date,Date,,8,,,,
ARC2,AmtDifPst,Amount Diffs. Posting Date,Date,,8,,,,
ARC2,PaidDpm,Paid Down Payment,VarChar,"N) No
Y) Yes",1,,N,,
ARC2,DpmPosted,Link Date,VarChar,,1,,,,
ARC2,ExpVatSum,VAT on Expenses Sum,Num,,20,,,,
ARC2,ExpVatSumF,VAT on Expenses Sum (FC),Num,,20,,,,
ARC2,ExpVatSumS,VAT on Expenses Sum (SC),Num,,20,,,,
ARC2,IsRateDiff,Is Exchange Rate,VarChar,,1,,N,,
ARC2,WtInvCatS,Withholding Tax Invoice Categ.,Num,,20,,,,
ARC2,WtInvCatSF,Withholding Tax Invoice Categ.,Num,,20,,,,
ARC2,WtInvCatSS,Withholding Tax Invoice Categ.,Num,,20,,,,
ARC2,OcrCode,Distribution Rule,nVarChar,,8,OOCR,,,
ARC2,DocTransId,Trans. ID of Paid Document,Int,,11,OJDT,,,
ARC2,MIEntry,MI Entry Include this Payment,Int,,11,,0,,
ARC2,OcrCode2,Distribution Rule2,nVarChar,,8,OOCR,,,
ARC2,OcrCode3,Distribution Rule3,nVarChar,,8,OOCR,,,
ARC2,OcrCode4,Distribution Rule4,nVarChar,,8,OOCR,,,
ARC2,OcrCode5,Distribution Rule5,nVarChar,,8,OOCR,,,
ARC2,IsSelected,Is Record Selected,VarChar,"Y) Yes
N) No",1,,N,,
ARC2,WTOnHold,Withholding Tax On Hold,Num,,20,,,,
ARC2,WTOnhldPst,Withholding Tax Posted,Num,,20,,,,
ARC2,baseAbs,Base Document Number,Int,,11,,,,
ARC2,MIType,MI Type Include this Payment,nVarChar,"270) A/R Monthly Invoice
140000014) A/P Monthly Invoice",20,,,,
