SAP_Table,Field,Description,Type,Constraints,Size,Related,Default,Primary_key,Unique
ARC3,DocNum,Document No.,Int,,11,OVPM,,PRIMARY,Yes
ARC3,LineID,Row No.,Int,,11,,,,
ARC3,CreditCard,Credit Card,Int,,6,OCRC,-1,,
ARC3,CreditAcct,Credit Amount,nVarChar,,15,OACT,,,
ARC3,CrCardNum,Credit Card No.,nVarChar,,64,,,,
ARC3,CardValid,Credit Card Valid Until,Date,,8,,,,
ARC3,VoucherNum,Credit Voucher No.,nVarChar,,20,,,,
ARC3,OwnerIdNum,ID Number,nVarChar,,15,,,,
ARC3,OwnerPhone,Telephone,nVarChar,,20,,,,
ARC3,CrTypeCode,Payment Method Code,Int,,6,OCRP,-1,,
ARC3,NumOfPmnts,No. of Payments,Int,,6,,1,,
ARC3,FirstDue,1st Payment Date,Date,,8,,,,
ARC3,FirstSum,First Partial Payment,Num,,20,,,,
ARC3,AddPmntSum,Each Additional Payment,Num,,20,,,,
ARC3,CreditSum,Credit Amount,Num,,20,,,,
ARC3,CreditCur,Credit Voucher Currency,nVarChar,,3,OCRN,,,
ARC3,CreditRate,Credit Voucher Rate,Num,,20,,,,
ARC3,ConfNum,Confirmation No.,nVarChar,,20,,,,
ARC3,CreditType,Credit Transaction Type,VarChar,"U) Telephone Transaction
S) Regular
I) Internet Transaction",1,,S,,
ARC3,CredPmnts,No. of Credit Payments,Int,,6,,1,,
ARC3,PlCrdStat,Pelecard Debit Status,nVarChar,,4,,-1,,
ARC3,MagnetStr,Magnetic Stripe Content,nVarChar,,40,,,,
ARC3,SpiltCred,Split Credit Voucher Payment,VarChar,"Y) Yes
N) No",1,,N,,
ARC3,ConsolNum,Vendor Credit Code,Int,,11,OPVL,-1,,
ARC3,ObjType,Object Type,nVarChar,,20,ADP1,,,
ARC3,LogInstanc,Log Instance,Int,,11,,0,,
