SAP_Table,Field,Description,Type,Constraints,Size,Related,Default,Primary_key,Unique
ARC4,DocNum,Document Number,Int,,11,ORCT,,PRIMARY,Yes
ARC4,LineId,Row Number,Int,,11,,,,
ARC4,AcctCode,Account,nVarChar,,15,OACT,,,
ARC4,SumApplied,Paid,Num,,20,,,,
ARC4,AppliedFC,Paid (FC),Num,,20,,,,
ARC4,AppliedSys,Paid (SC),Num,,20,,,,
ARC4,Descrip,Details,nVarChar,,127,,,,
ARC4,VatGroup,Tax Definition,nVarChar,,8,OVTG,,,
ARC4,VatPrcnt,Tax %,Num,,20,,,,
ARC4,AcctName,Account Name,nVarChar,,100,,,,
ARC4,ObjType,Object Type,nVarChar,,20,ADP1,24,,
ARC4,LogInstanc,Log Instance,Int,,11,,0,,
ARC4,OcrCode,Distribution Rule,nVarChar,,8,OOCR,,,
ARC4,Project,Project Code,nVarChar,,20,OPRJ,,,
ARC4,GrossAmnt,Gross Amount,Num,,20,,,,
ARC4,GrssAmntFC,Gross Amount (FC),Num,,20,,,,
ARC4,GrssAmntSC,Gross Amount (SC),Num,,20,,,,
ARC4,AmntBase,Base Amount,VarChar,"E) Exclude Tax
I) Include Tax",1,,,,
ARC4,VatAmnt,VAT Amount,Num,,20,,,,
ARC4,VatAmntFC,VAT Amount (FC),Num,,20,,,,
ARC4,VatAmntSC,VAT Amount (SC),Num,,20,,,,
ARC4,UserChaVat,User Changed VAT,VarChar,"N) No
Y) Yes",1,,N,,
ARC4,TaxTypeID,Tax Type Component ID,Int,,11,OSTT,,,
ARC4,OcrCode2,Distribution Rule2,nVarChar,,8,OOCR,,,
ARC4,OcrCode3,Distribution Rule3,nVarChar,,8,OOCR,,,
ARC4,OcrCode4,Distribution Rule4,nVarChar,,8,OOCR,,,
ARC4,OcrCode5,Distribution Rule5,nVarChar,,8,OOCR,,,
ARC4,Section,Section,Int,,11,OSEC,,,
ARC4,AsseType,Assessee Type,VarChar,"C) Company
P) Others",1,,,,
ARC4,LocCode,Location Code,Int,,11,OLCT,,,
ARC4,MatType,Material Type,Int,,11,,0,,
ARC4,EquVatPer,Equalization Tax Rate,Num,,20,,,,
ARC4,EquVatSum,Equalization VAT Amount,Num,,20,,,,
ARC4,EquVatSumF,Equalization VAT Amount (FC),Num,,20,,,,
ARC4,EquVatSumS,Equalization VAT Amount (SC),Num,,20,,,,
