SAP_Table,Field,Description,Type,Constraints,Size,Related,Default,Primary_key,Unique
ARC5,DocNum,Document No. - History,Int,,11,ORCT,,PRIMARY,Yes
ARC5,InvEntry,Invoice Key - History,Int,,11,OINV,,,
ARC5,LineNum,Row Number - History,Int,,11,,,,
ARC5,ObjType,Object Type - History,nVarChar,,20,ADP1,,,
ARC5,LogInstanc,Log Instance - History,Int,,11,,0,,
ARC5,VatGroup,Tax Group - History,nVarChar,,8,OVTG,,,
ARC5,VatPrcnt,Tax % - History,Num,,20,,,,
ARC5,VatSum,Tax Amount - History,Num,,20,,,,
ARC5,BaseSum,Base Amount - History,Num,,20,,,,
ARC5,NoDedSum,Non-Deductible Amount,Num,,20,,,,
ARC5,BaseSumFc,Base Amount (FC),Num,,20,,,,
ARC5,VatSumFc,Tax Amount (FC),Num,,20,,,,
ARC5,NoDedSumFc,Non-Deductible Amount (FC),Num,,20,,,,
ARC5,BaseSumSc,Base Amount (SC),Num,,20,,,,
ARC5,NoDedSumSc,Non-Deductible Amount (SC),Num,,20,,,,
ARC5,VatSumSc,VAT Amount (SC),Num,,20,,,,
ARC5,CashDiscAc,Cash Discount Account,nVarChar,,15,,,,
ARC5,BaseObjArr,Base Object Array Number,Int,,6,,1,,
ARC5,BaseObj,Base Object,Int,,11,,13,,
ARC5,InstlmntId,Installment ID,Int,,6,,0,,
ARC5,GroupNum,Group Number,Int,,11,,0,,
ARC5,LineSeq,Row Sequence,Int,,11,,-1,,
ARC5,EquVatPer,Equalization Tax %,Num,,20,,,,
ARC5,EquVatSum,Total Equalization Tax,Num,,20,,,,
ARC5,EquVatSumF,Total Equalization Tax (FC),Num,,20,,,,
ARC5,EquVatSumS,Total Equalization Tax (SC),Num,,20,,,,
