SAP_Table,Field,Description,Type,Constraints,Size,Related,Default,Primary_key,Unique
ARC6,DocNum,Document Number,Int,,11,ORCT,,PRIMARY,Yes
ARC6,InvoiceId,Invoice Key,Int,,11,,,,
ARC6,WTCode,WTax Code,nVarChar,,4,OWHT,,,
ARC6,PymMean,Payment Means,VarChar,"C) Cash
K) Checks
R) Credit Card
T) Bank Transfer
B) Bill of Exchange",1,,C,,
ARC6,DueDate,Due Date,Date,,8,,,,
ARC6,WTSum,WTax Amount,Num,,20,,,,
ARC6,WTSumFC,WTax Amount (SC),Num,,20,,,,
ARC6,WTSumSC,WTax Amount (FC),Num,,20,,,,
ARC6,Rate,Rate,Num,,20,,,,
ARC6,TaxbleAmnt,Taxable Amount,Num,,20,,,,
ARC6,TxblAmntFC,Taxable Amount (FC),Num,,20,,,,
ARC6,TxblAmntSC,Taxable Amount (SC),Num,,20,,,,
ARC6,PymAmount,Payment Amount,Num,,20,,,,
ARC6,PymAmounF,Payment Amount (FC),Num,,20,,,,
ARC6,PymAmounS,Payment Amount (SC),Num,,20,,,,
ARC6,Line,Internal Number,Int,,11,,,,
ARC6,LogInstanc,Log Instance - History,Int,,11,,0,,
ARC6,ObjType,Object Type,nVarChar,,20,ADP1,24,,
ARC6,TdsBAmt,TDS Base Amount,Num,,20,,,,
ARC6,TdsBAmtSC,TDS Base Amount (SC),Num,,20,,,,
ARC6,TdsBAmtFC,TDS Base Amount (FC),Num,,20,,,,
ARC6,SurBAmt,Surcharge Base Amount,Num,,20,,,,
ARC6,SurBAmtSC,Surcharge Base Amount (SC),Num,,20,,,,
ARC6,SurBAmtFC,Surcharge Base Amount (FC),Num,,20,,,,
ARC6,CessBAmt,Cess Base Amount,Num,,20,,,,
ARC6,CessBAmtSC,Cess Base Amount (SC),Num,,20,,,,
ARC6,CessBAmtFC,Cess Base Amount (FC),Num,,20,,,,
ARC6,HscBAmt,HSC Base Amount,Num,,20,,,,
ARC6,HscBAmtSC,HSC Base Amount (SC),Num,,20,,,,
ARC6,HscBAmtFC,HSC Base Amount (FC),Num,,20,,,,
ARC6,TdsAmnt,TDS Tax Amount,Num,,20,,,,
ARC6,TdsAmntSC,TDS Tax Amount (SC),Num,,20,,,,
ARC6,TdsAmntFC,TDS Tax Amount (FC),Num,,20,,,,
ARC6,SurAmnt,Surcharge Tax Amount,Num,,20,,,,
ARC6,SurAmntSC,Surcharge Tax Amount (SC),Num,,20,,,,
ARC6,SurAmntFC,Surcharge Tax Amount (FC),Num,,20,,,,
ARC6,CessAmnt,Cess Tax Amount,Num,,20,,,,
ARC6,CessAmntSC,Cess Tax Amount (SC),Num,,20,,,,
ARC6,CessAmntFC,Cess Tax Amount (FC),Num,,20,,,,
ARC6,HscAmnt,HSC Tax Amount,Num,,20,,,,
ARC6,HscAmntSC,HSC Tax Amount (SC),Num,,20,,,,
ARC6,HscAmntFC,HSC Tax Amount (FC),Num,,20,,,,
