SAP_Table,Field,Description,Type,Constraints,Size,Related,Default,Primary_key,Unique
ARC7,DocNum,Document Number,Int,,11,ORCT,,PRIMARY,Yes
ARC7,LineSeq,Row Sequence,Int,,11,,,,
ARC7,InvoiceSeq,Invoice Sequence Number,Int,,11,,,,
ARC7,ValueDate,Due Date,Date,,8,,,,
ARC7,Inv4Seq,INV4 Sequence Number,Int,,11,,,,
ARC7,TaxSum,Tax Amount,Num,,20,,,,
ARC7,TaxSumFrgn,Tax Amount (FC),Num,,20,,,,
ARC7,TaxSumSys,Tax Amount (SC),Num,,20,,,,
ARC7,BaseSum,Base Amount,Num,,20,,,,
ARC7,BaseSumFrg,Base Amount (FC),Num,,20,,,,
ARC7,BaseSumSys,Base Amount (SC),Num,,20,,,,
ARC7,ObjectType,Object Type,nVarChar,,20,ADP1,24,,
ARC7,LogInstanc,Log Instance,Int,,11,,0,,
