SAP_Table,Field,Description,Type,Constraints,Size,Related,Default,Primary_key,Unique
ARCT,DocEntry,Internal Number,Int,,11,,,PRIMARY,Yes
ARCT,DocNum,Document Number,Int,,11,,,NUM,Yes
ARCT,DocType,Document Type,VarChar,"C) Customer
A) Account
S) Vendor
P) P.L.A
D) Yes
T) TDS",1,,C,,
ARCT,Canceled,Canceled,VarChar,"Y) No
N) Yes",1,,N,CANCELED,No
ARCT,Handwrtten,Manual Numbering,VarChar,"Y) No
N) Copy",1,,N,HANDWRITEN,No
ARCT,Printed,Printed,VarChar,"Y) Original
N) Yes",1,,N,,
ARCT,DocDate,Posting Date,Date,,8,,,,
ARCT,DocDueDate,Due Date,Date,,8,,,,
ARCT,CardCode,BP Code,nVarChar,,15,,,CARD,No
ARCT,CardName,BP Name,nVarChar,,100,,,,
ARCT,Address,Address,nVarChar,,127,,,,
ARCT,DdctPrcnt,Deduction %,Num,,20,,,,
ARCT,DdctSum,Total Deductions,Num,,20,,,,
ARCT,DdctSumFC,Total Deductions (FC),Num,,20,,,,
ARCT,CashAcct,Cash Account,nVarChar,,15,OACT,,,
ARCT,CashSum,Cash Amount,Num,,20,,,,
ARCT,CashSumFC,Cash Amount (FC),Num,,20,,,,
ARCT,CreditSum,Credit Amount,Num,,20,,,,
ARCT,CredSumFC,Credit Amount (FC),Num,,20,,,,
ARCT,CheckAcct,Cash Account,nVarChar,,15,OACT,,,
ARCT,CheckSum,Check Amount,Num,,20,,,,
ARCT,CheckSumFC,Check Amount (FC),Num,,20,,,,
ARCT,TrsfrAcct,Bank Transfer Account,nVarChar,,15,OACT,,,
ARCT,TrsfrSum,Bank Transfer Amount,Num,,20,,,,
ARCT,TrsfrSumFC,Bank Transfer Amount (FC),Num,,20,,,,
ARCT,TrsfrDate,Bank Transfer Date,Date,,8,,,,
ARCT,TrsfrRef,Intended Purpose,nVarChar,,27,,,,
ARCT,PayNoDoc,Non-Calculated Payment,VarChar,"Y) No
N) No",1,,N,,
ARCT,NoDocSum,Non-Calculated Amount,Num,,20,,,,
ARCT,NoDocSumFC,Non-Calculated Amount (FC),Num,,20,,,,
ARCT,DocCurr,Document Currency,nVarChar,,3,OCRN,,,
ARCT,DiffCurr,Entered in LC,VarChar,"N) Yes
Y) Yes",1,,N,,
ARCT,DocRate,Document Rate,Num,,20,,,,
ARCT,SysRate,Price (SC),Num,,20,,,,
ARCT,DocTotal,Total Document,Num,,20,,,,
ARCT,DocTotalFC,Total Document (FC),Num,,20,,,,
ARCT,Ref1,Ref. 2,nVarChar,,8,,,,
ARCT,Ref2,Ref. 3,nVarChar,,8,,,,
ARCT,CounterRef,Counter Reference,nVarChar,,8,,,,
ARCT,Comments,Remarks,nVarChar,,127,,,,
ARCT,JrnlMemo,Journal Remark,nVarChar,,50,,,,
ARCT,TransId,Transaction Number,Int,,11,OJDT,,,
ARCT,DocTime,Creation Time,Int,,6,,,,
ARCT,ShowAtCard,Display Customer Ref. No.,VarChar,"Y) No
N) Yes",1,,N,,
ARCT,SpiltTrans,Split Journal Entry,VarChar,"Y) No
N) Yes",1,,N,,
ARCT,CreateTran,Create Journal Entry,VarChar,"Y) No
N) Yes",1,,Y,,
ARCT,Flags,Flags,Int,,11,,0,,
ARCT,CntctCode,Contact Person,Int,,11,OCPR,,,
ARCT,DdctSumSy,Deduction Amount (SC),Num,,20,,,,
ARCT,CashSumSy,Cash Amount in (SC),Num,,20,,,,
ARCT,CredSumSy,Credit Amount (SC),Num,,20,,,,
ARCT,CheckSumSy,Check Amount (SC),Num,,20,,,,
ARCT,TrsfrSumSy,Bank Transfer Amount (SC),Num,,20,,,,
ARCT,NoDocSumSy,Not Invoiced Amount (SC),Num,,20,,,,
ARCT,DocTotalSy,Total Document (SC),Num,,20,,,,
ARCT,ObjType,Object Type,nVarChar,,20,ADP1,,,
ARCT,StornoRate,Cancellation Rate,Num,,20,,,,
ARCT,UpdateDate,Date of Update,Date,,8,,,,
ARCT,CreateDate,Creation Date,Date,,8,,,,
ARCT,ApplyVAT,Tax Definition,VarChar,"Y) No
N) Yes",1,,N,,
ARCT,TaxDate,Document Date,Date,,8,,,,
ARCT,Series,Series,Int,,6,NNM1,,SERIES,No
ARCT,confirmed,Approved,VarChar,"Y) No
N) Yes",1,,N,,
ARCT,ShowJDT,Display Journal Entries,VarChar,"Y) No
N) Unknown",1,,N,,
ARCT,BankCode,Bank Code for Bank Transfer,nVarChar,,30,,,,
ARCT,BankAcct,Account for Bank Transfer,nVarChar,,50,,,,
ARCT,DataSource,Data Source,VarChar,"N) Interface
I) Update
U) Import
M) DI API
O) Doc. Generation Wizard
A) Restore Wizard
D) Partner Implementation
P) Year Transfer
T) Yes
B) BSP",1,,N,,
ARCT,UserSign,User Signature,Int,,6,OUSR,,,
ARCT,LogInstanc,Log Instance,Int,,11,,0,,
ARCT,VatGroup,Tax Group,nVarChar,,8,OVTG,,,
ARCT,VatSum,Tax Amount,Num,,20,,,,
ARCT,VatSumFC,Tax Amount (FC),Num,,20,,,,
ARCT,VatSumSy,Tax Amount (SC),Num,,20,,,,
ARCT,FinncPriod,Posting Period,Int,,11,OFPR,,,
ARCT,VatPrcnt,Tax %,Num,,20,,,,
ARCT,Dcount,Discount,Num,,20,,,,
ARCT,DcntSum,Discount Amount,Num,,20,,,,
ARCT,DcntSumFC,Discount Amount (FC),Num,,20,,,,
ARCT,DcntSumSy,Discount Amount (SC),Num,,20,,,,
ARCT,SpltCredLn,Split Credit Voucher,VarChar,"Y) No
N) Yes",1,,N,,
ARCT,PrjCode,Project Code,nVarChar,,20,OPRJ,,,
ARCT,PaymentRef,Payment Reference No.,nVarChar,,27,,,,
ARCT,Submitted,Submitted,VarChar,"Y) No
N) Yes",1,,N,,
ARCT,Status,Created by Payment Wizard,VarChar,"Y) No
N) BoE Canceled
C) Yes",1,,N,,
ARCT,PayMth,Payment Method,nVarChar,,15,OPYM,,,
ARCT,BankCountr,Bank Country,nVarChar,,3,OCRY,,,
ARCT,FreightSum,Freight Sum,Num,,20,,,,
ARCT,FreigtFC,Freight Sum (FC),Num,,20,,,,
ARCT,FreigtSC,Freight Sum (SC),Num,,20,,,,
ARCT,BoeAcc,Boe Account,nVarChar,,15,OACT,,,
ARCT,BoeNum,Bill of Exchange No.,Int,,11,,,,
ARCT,BoeSum,Bill of Exchange Amount,Num,,20,,,,
ARCT,BoeSumFc,Bill of Exchange Amount (FC),Num,,20,,,,
ARCT,BoeSumSc,Bill of Exchange Amount (SC),Num,,20,,,,
ARCT,BoeAgent,Bill of Exchange Agent,nVarChar,,32,OAGP,,,
ARCT,BoeStatus,Bill of Exchange Status,VarChar,,1,,,,
ARCT,WtCode,WTax Code,nVarChar,,4,OWHT,,,
ARCT,WtSum,WTax Amount,Num,,20,,,,
ARCT,WtSumFrgn,WTax Amount (FC),Num,,20,,,,
ARCT,WtSumSys,WTax Amount (FC),Num,,20,,,,
ARCT,WtAccount,WTax Account,nVarChar,,15,OACT,,,
ARCT,WtBaseAmnt,WTax Taxable Amount,Num,,20,,,,
ARCT,Proforma,Proforma,VarChar,"Y) No
N) No",1,,N,,
ARCT,BoeAbs,Boe Key,Int,,11,OBOE,,,
ARCT,BpAct,BP Account,nVarChar,,15,OACT,,,
ARCT,BcgSum,Bank Charges Amount,Num,,20,,,,
ARCT,BcgSumFC,Bank Charges Amount (FC),Num,,20,,,,
ARCT,BcgSumSy,Bank Charges Amount (SC),Num,,20,,,,
ARCT,PIndicator,Period Indicator,nVarChar,,10,OPID,' ',,
ARCT,PaPriority,Payment Priority,VarChar,"1)
2)
3)
4)
5)
6)",1,,6,,
ARCT,PayToCode,Pay to,nVarChar,,50,,,,
ARCT,IsPaytoBnk,Is Pay to Bank,VarChar,"N) Yes
Y) No.",1,,N,,
ARCT,PBnkCnt,Pay to Bank Country,nVarChar,,3,OCRY,,,
ARCT,PBnkCode,Pay to Bank Code,nVarChar,,30,,,,
ARCT,PBnkAccnt,Pay to Bank Account No.,nVarChar,,50,,,,
ARCT,PBnkBranch,Pay to Bank Branch,nVarChar,,50,,,,
ARCT,WizDunBlck,Wizard Dunning Block,VarChar,"N) YES
Y) Yes",1,,N,,
ARCT,WtBaseSum,WTax Base Sum,Num,,20,,,,
ARCT,WtBaseSumF,WTax Base Sum (FC),Num,,20,,,,
ARCT,WtBaseSumS,WTax Base Sum (SC),Num,,20,,,,
ARCT,UndOvDiff,Under/Overpayment Difference,Num,,20,,,,
ARCT,UndOvDiffS,Under/Overpayment Diff. (SC),Num,,20,,,,
ARCT,BankActKey,Bank Account Internal ID,Int,,11,DSC1,,,
ARCT,VersionNum,Version Number,nVarChar,,11,,,,
ARCT,VatDate,Tax Date,Date,,8,,,,
ARCT,TransCode,Transaction Code,nVarChar,,4,OTRC,,,
ARCT,PaymType,Payment Type,VarChar,"N)
E) Mail
P) Telegraph
T) Express
X) Without",1,,N,,
ARCT,TfrRealAmt,Transfer Real Amount,Num,,20,,,,
ARCT,CancelDate,Cancelation Date,Date,,8,,,,
ARCT,OpenBal,Open Balance Amount,Num,,20,,,,
ARCT,OpenBalFc,Open Balance Amount (FC),Num,,20,,,,
ARCT,OpenBalSc,Open Balance Amount (SC),Num,,20,,,,
ARCT,BcgTaxSum,Bank Charge Tax Amount,Num,,20,,,,
ARCT,BcgTaxSumF,Bank Charge Tax Amount(FC),Num,,20,,,,
ARCT,BcgTaxSumS,Bank Charge Tax Amount(SC),Num,,20,,,,
ARCT,TpwID,Tax Payment Wizard ID,Int,,11,,0,,
ARCT,ChallanNo,Challan No.,nVarChar,,32,,,,
ARCT,ChallanBak,Challan Bank Name,nVarChar,,60,,,,
ARCT,ChallanDat,Challan Received Date,Date,,8,,,,
ARCT,WddStatus,Authorization Status,VarChar,"-) Pending
W) Approved
Y) Rejected
N) Generated
P) Generated by Authorizer
A) Canceled
C) Canceled",1,,,,
ARCT,BcgVatGrp,Bank Charge Tax Group,nVarChar,,8,OVTG,,,
ARCT,BcgVatPcnt,Bank Charge Tax %,Num,,20,,,,
ARCT,SeqCode,Sequence Code,Int,,6,,,,
ARCT,Serial,Serial Number,Int,,11,,,,
ARCT,SeriesStr,Series String,nVarChar,,3,,,,
ARCT,SubStr,Subseries String,nVarChar,,3,,,,
ARCT,BSRCode,BSR Code,nVarChar,,25,,,,
ARCT,LocCode,Location Code,Int,,11,OLCT,,,
ARCT,WTOnhldPst,"WTax On Hold, Posted",Num,,20,,,,
ARCT,UserSign2,Updating User,Int,,6,OUSR,,,
ARCT,BuildDesc,Build Descriptor,nVarChar,,50,,,,
ARCT,ResidenNum,Residence Number,VarChar,"1) Spanish Fiscal ID
2) VAT Registration Number
3) Passport
4) Fiscal ID Issued by the Residence Country
5) Certificate of Fiscal Residence
6) Other Document",1,,1,,
ARCT,OperatCode,Operation Code,VarChar,,1,,,,
ARCT,UndOvDiffF,Under/Overpayment Diff. (FC),Num,,20,,,,
ARCT,MIEntry,MI Entry Include this Payment,Int,,11,,0,,
ARCT,FreeText1,Free Text 1,nVarChar,,100,,,,
ARCT,FreeText2,Free Text 2,nVarChar,,100,,,,
ARCT,FreeText3,Free Text 3,nVarChar,,100,,,,
ARCT,ShowDocNo,Display Document No.,VarChar,"Y) Yes
N) No",1,,Y,,
ARCT,TDSInterst,TDS Interest,Num,,20,,0,,
ARCT,TDSCharges,TDS Other Charges,Num,,20,,0,,
ARCT,CUP,Unique Code of Project,Int,,11,OCUP,,,
ARCT,CIG,Contract Code Identification,Int,,11,OCIG,,,
ARCT,MIType,MI Type Include this Payment,nVarChar,"270) A/R Monthly Invoice
140000014) A/P Monthly Invoice",20,,,,
ARCT,SupplCode,Supplementary Code,nVarChar,,127,,,,
ARCT,BPLId,Branch,Int,,11,OBPL,,,
ARCT,BPLName,Branch Name,nVarChar,,100,,,,
ARCT,VATRegNum,VAT Reg. Number,nVarChar,,32,,,,
ARCT,BPLCentPmt,Centralized Payment,VarChar,"N) No
Y) Yes",1,,N,,
ARCT,DraftKey,Payment Draft Internal ID,Int,,11,OPDF,,,
ARCT,TDSFee,TDS Fee,Num,,20,,,,
ARCT,MinHeadCL,Minor Head of Challan,Int,"200) TDS Payable by Taxpayer
400) TDS Regular Assessment (Raised by IT Dept)",11,,,,
ARCT,SEPADate,Requested SEPA Pmt Date,Date,,8,,,,
