SAP_Table,Field,Description,Type,Constraints,Size,Related,Default,Primary_key,Unique
ASC1,srvcCallID,Service Call No. - History,Int,,11,OSCL,,PRIMARY,Yes
ASC1,line,Row Number - History,Int,,6,,-1,,
ASC1,solutionID,Solution ID - History,Int,,11,OSLT,,,
ASC1,objType,Object Type - History,nVarChar,,20,,191,,
ASC1,logInstanc,Log Instance - History,Int,,11,,,,
ASC1,userSign,Creating User - History,Int,,6,OUSR,,,
ASC1,createDate,Creation Date - History,Date,,8,,,,
ASC1,userSign2,Updating User - History,Int,,6,OUSR,,,
ASC1,updateDate,Date of Update - History,Date,,8,,,,
ASC1,VisOredr,Visual Order,Int,,11,,,,
