SAP_Table,Field,Description,Type,Constraints,Size,Related,Default,Primary_key,Unique
ASC2,SrcvCallID,Service Call No. - History,Int,,11,OSCL,,PRIMARY,Yes
ASC2,Line,Row - History,Int,,6,,-1,,
ASC2,ItemCode,Item No. - History,nVarChar,,20,OITM,,,
ASC2,ItemName,Item Description - History,nVarChar,,100,,,,
ASC2,TransToTec,Transfer to Technician - History,Num,,20,,,,
ASC2,Delivered,Delivered - History,Num,,20,,,,
ASC2,RetFromTec,Returned from Technician - History,Num,,20,,,,
ASC2,Returned,Returned - History,Num,,20,,,,
ASC2,Bill,Bill - History,VarChar,"Y) Yes
N) No",1,,Y,,
ASC2,QtyToBill,Quantity to Bill - History,Num,,20,,,,
ASC2,QtyToInv,Invoiced Qty - History,Num,,20,,,,
ASC2,ObjectType,Object Type - History,nVarChar,,20,,191,,
ASC2,LogInstanc,Log Instance - History,Int,,11,,,,
ASC2,UserSign,User Signature - History,Int,,6,OUSR,,,
ASC2,CreateDate,Creation Date - History,Date,,8,,,,
ASC2,UserSign2,User Signature 2 - History,Int,,6,OUSR,,,
ASC2,UpdateDate,Date of Update - History,Date,,8,,,,
ASC2,VisOrder,Visual Order,Int,,11,,,,
