SAP_Table,Field,Description,Type,Constraints,Size,Related,Default,Primary_key,Unique
ASC3,SrcvCallID,Service Call No.,Int,,11,OSCL,,PRIMARY,Yes
ASC3,Line,Row,Int,,6,,-1,,
ASC3,ItemCode,Item Number,nVarChar,,20,OITM,,,
ASC3,ItemName,Item Description,nVarChar,,100,,,,
ASC3,HourFrom,Delivered,Int,,6,,,,
ASC3,HourTo,Returned,Int,,6,,,,
ASC3,Quantity,Quantity,Num,,20,,,,
ASC3,Bill,Bill,VarChar,"Y) Yes
N) No",1,,Y,,
ASC3,QtyToBill,Quantity to Bill,Num,,20,,,,
ASC3,QtyToInv,Invoiced Qty,Num,,20,,,,
ASC3,SaleUnits,Sale Units,nVarChar,,5,,,,
ASC3,ObjectType,Object Type,nVarChar,,20,,191,,
ASC3,LogInstanc,Log Instance,Int,,11,,,,
ASC3,UserSign,User Signature,Int,,6,OUSR,,,
ASC3,CreateDate,Creation Date,Date,,8,,,,
ASC3,UserSign2,User Signature 2,Int,,6,OUSR,,,
ASC3,UpdateDate,Date of Update,Date,,8,,,,
ASC3,VisOrder,Visual Order,Int,,11,,,,
ASC3,Deliverd,Delivered,Num,,20,,,,
ASC3,Returned,Returned,Num,,20,,,,
