SAP_Table,Field,Description,Type,Constraints,Size,Related,Default,Primary_key,Unique
ASC4,SrcvCallID,Service Call No.,Int,,11,OSCL,,PRIMARY,Yes
ASC4,Line,Row,Int,,6,,-1,,
ASC4,PartType,Part Type,VarChar,"I) Inventory
N) Travel/Labor",1,,I,,
ASC4,DocAbs,Document Internal Number,Int,,11,,,,
ASC4,Object,Document Type,nVarChar,"13) A/R Invoice
15) Delivery
16) Returns
67) Inventory Transaction
14) A/R Credit Memo
165) A/R Correction Invoice
0",20,,13,,
ASC4,DocPstDate,Document Posting Date,Date,,8,,,,
ASC4,ObjectType,Object Type,nVarChar,,20,,191,,
ASC4,LogInstanc,Log Instance,Int,,11,,,,
ASC4,UserSign,User Signature,Int,,6,OUSR,,,
ASC4,CreateDate,Creation Date,Date,,8,,,,
ASC4,UserSign2,User Signature 2,Int,,6,OUSR,,,
ASC4,UpdateDate,Date of Update,Date,,8,,,,
ASC4,DocNumber,Document No.,Int,,11,,,,
ASC4,Transfered,Transfered,VarChar,"Y) Yes
N) No",1,,Y,,
ASC4,VisOrder,Visual Order,Int,,11,,,,
ASC4,StckTrnDir,Inventory Transaction Direction,VarChar,"T) Transfer to Technician
N) Transfer from Technician",1,,,,
ASC4,Instance,Instance,Int,,6,,0,,
