SAP_Table,Field,Description,Type,Constraints,Size,Related,Default,Primary_key,Unique
ASC5,SrvcCallId,Service Call No.,Int,,11,OSCL,,PRIMARY,Yes
ASC5,Line,Row No.,Int,,6,,-1,,
ASC5,ClgID,Activity Code,Int,,11,OCLG,,,
ASC5,ObjectType,Object Type,nVarChar,,20,,191,,
ASC5,LogInstanc,Log Instance,Int,,11,,,,
ASC5,UserSign,User Signature,Int,,6,OUSR,,,
ASC5,CreateDate,Creation Date,Date,,8,,,,
ASC5,UserSign2,User Signature 2,Int,,6,OUSR,,,
ASC5,UpdateDate,Date of Update,Date,,8,,,,
ASC5,VisOrder,Visual Order,Int,,11,,,,
