SAP_Table,Field,Description,Type,Constraints,Size,Related,Default,Primary_key,Unique
ASCL,callID,Call ID,Int,,11,,,PRIMARY,Yes
ASCL,subject,Subject,nVarChar,,127,,,,
ASCL,customer,Customer Code,nVarChar,,15,OCRD,,,
ASCL,custmrName,Customer Name,nVarChar,,100,OCRD,,,
ASCL,contctCode,Contact Person,Int,,11,OCPR,,,
ASCL,manufSN,Mfr Serial No.,nVarChar,,36,,,,
ASCL,internalSN,Serial Number,nVarChar,,36,,,,
ASCL,contractID,Contract No.,Int,,11,,,,
ASCL,cntrctDate,Contract End Date,Date,,8,,,,
ASCL,resolDate,Resolution Date,Date,,8,,,,
ASCL,resolTime,Resolution Time,Int,,6,,,,
ASCL,free_1,Warranty,VarChar,"Y) Yes
N) No",1,,N,,
ASCL,free_2,Warranty End Date,Date,,8,,,,
ASCL,origin,Origin,Int,,6,OSCO,,,
ASCL,itemCode,Item Number,nVarChar,,20,OITM,,,
ASCL,itemName,Item Description,nVarChar,,100,,,,
ASCL,itemGroup,Item Group,Int,,6,,,,
ASCL,status,Status,Int,,6,OSCS,-3,,
ASCL,priority,Priority,VarChar,"L) Low
M) Medium
H) High",1,,L,,
ASCL,callType,Call Type,Int,,6,OSCT,,,
ASCL,problemTyp,Problem Type,Int,,6,OSCP,,,
ASCL,assignee,Handled by,Int,,6,OUSR,,,
ASCL,descrption,Description,Text,,16,,,,
ASCL,objType,Object Type,nVarChar,,20,,191,,
ASCL,logInstanc,Log Instance,Int,,11,,,,
ASCL,userSign,Creating User,Int,,6,OUSR,,,
ASCL,createDate,Creation Date,Date,,8,,,,
ASCL,createTime,Creation Time,Int,,6,,,,
ASCL,closeDate,Closing Date,Date,,8,,,,
ASCL,closeTime,Closing Time,Int,,6,,,,
ASCL,userSign2,Updating User,Int,,6,OUSR,,,
ASCL,updateDate,Date of Update,Date,,8,,,,
ASCL,SCL1Count,InternalSCL1Count,Int,,11,,0,,
ASCL,SCL2Count,InternalSCL2Count,Int,,11,,0,,
ASCL,isEntitled,Entitled for Service,VarChar,"N) Not Entitled
C) Valid contract exists",1,,N,,
ASCL,insID,Install Card No.,Int,,11,OINS,,,
ASCL,technician,Technician,Int,,11,OHEM,,,
ASCL,resolution,Resolution,Text,,16,,,,
ASCL,Scl1NxtLn,SCL1 Next Line,Int,,11,,,,
ASCL,Scl2NxtLn,SCL2 Next Line,Int,,11,,,,
ASCL,Scl3NxtLn,SCL3 Next Line,Int,,11,,,,
ASCL,Scl4NxtLn,SCL4 Next Line,Int,,11,,,,
ASCL,Scl5NxtLn,SCL5 Next Line,Int,,11,,,,
ASCL,isQueue,Belongs to a Queue,VarChar,"N) No
Y) Yes",1,,N,,
ASCL,Queue,Queue,nVarChar,,20,OQUE,,,
ASCL,resolOnDat,Resolution on Date,Date,,8,,,,
ASCL,resolOnTim,Resolution on Time,Int,,6,,,,
ASCL,respByDate,Response by Date,Date,,8,,,,
ASCL,respByTime,Response by Time,Int,,6,,,,
ASCL,respOnDate,Response on Date,Date,,8,,,,
ASCL,respOnTime,Response on Time,Int,,6,,,,
ASCL,respAssign,Assigned for Response,Int,,6,OUSR,,,
ASCL,AssignDate,Assigned Date,Date,,8,,,,
ASCL,AssignTime,Assigned Time,Int,,6,,,,
ASCL,UpdateTime,Updated Time,Int,,6,,,,
ASCL,responder,Responder,Int,,6,OUSR,,,
ASCL,Transfered,Year Transfer,VarChar,,1,,N,,
ASCL,Instance,Instance,Int,,6,,0,,
ASCL,DocNum,Document Number,Int,,11,,,,
ASCL,Series,Series,Int,,6,NNM1,,,
ASCL,Handwrtten,Manual Numbering,VarChar,"Y) Yes
N) No",1,,N,,
ASCL,PIndicator,Period Indicator,nVarChar,,10,OPID,' ',,
ASCL,StartDate,Start Date,Date,,8,,,,
ASCL,StartTime,Start Time,Int,,11,,,,
ASCL,EndDate,End Date,Date,,8,,,,
ASCL,EndTime,End Time,Int,,11,,,,
ASCL,Duration,Service Call Duration,Num,,20,,,,
ASCL,DurType,Duration UoM,VarChar,"M) Minutes
H) Hours
D) Days",1,,M,,
ASCL,Reminder,Reminder,VarChar,"Y) Yes
N) No",1,,N,,
ASCL,RemQty,Reminder Quantity,Num,,20,,,,
ASCL,RemType,Reminder UoM,VarChar,"M) Minutes
H) Hours
D) Days",1,,M,,
ASCL,RemDate,Reminder Date,Date,,8,,,,
ASCL,RemSent,Reminder Sent,VarChar,"Y) Yes
N) No",1,,N,,
ASCL,RemTime,Reminder Time,Int,,6,,,,
ASCL,Location,Location,Int,,6,OCLO,-1,,
ASCL,AddrName,Address Name,nVarChar,,50,,,,
ASCL,AddrType,Address Type,VarChar,"S) Ship To
B) Bill to",1,,S,,
ASCL,Street,Street,nVarChar,,100,,,,
ASCL,City,City,nVarChar,,100,,,,
ASCL,Room,Room,nVarChar,,50,,,,
ASCL,State,State,nVarChar,,3,OCST,,,
ASCL,Country,Country,nVarChar,,3,OCRY,,,
ASCL,DisplInCal,Display in Calendar,VarChar,"Y) Yes
N) No",1,,N,,
ASCL,SupplCode,Supplementary Code,nVarChar,,127,,,,
ASCL,Attachment,Attachment,Text,,16,,,,
ASCL,AtcEntry,Attachment Entry,Int,,11,,,,
ASCL,NumAtCard,Customer Ref. No.,nVarChar,,100,,,,
ASCL,ProSubType,Problem Subtype,Int,,6,OPST,,,
