SAP_Table,Field,Description,Type,Constraints,Size,Related,Default,Primary_key,Unique
ASP1,ItemCode,Item No.,nVarChar,,20,OSPP,,,
ASP1,CardCode,BP Code,nVarChar,,15,OSPP,,PRIMARY,Yes
ASP1,LINENUM,Row Number,Int,,6,,,,
ASP1,Price,Special Price,Num,,20,,,,
ASP1,Currency,Price Currency,nVarChar,,3,,,,
ASP1,Discount,Discount %,Num,,20,,,,
ASP1,ListNum,Price List No.,Int,,6,OPLN,0,,
ASP1,FromDate,Date From,Date,,8,,,,
ASP1,ToDate,Date To,Date,,8,,,,
ASP1,AutoUpdt,Auto Update,VarChar,"Y) Yes
N) No",1,,Y,,
ASP1,Expand,Item Details,VarChar,"Y) Yes
N) No",1,,N,,
ASP1,LogInstanc,Log Instance,Int,,11,,0,,
