SAP_Table,Field,Description,Type,Constraints,Size,Related,Default,Primary_key,Unique
ASP2,ItemCode,Item No.,nVarChar,,20,OITM,,,
ASP2,CardCode,BP Code,nVarChar,,15,OCRD,,PRIMARY,Yes
ASP2,SPP1LNum,Dates Row Number,Int,,6,,,,
ASP2,SPP2LNum,Row Number,Int,,6,,,,
ASP2,Amount,Quantity,Num,,20,,,,
ASP2,Price,Special Price,Num,,20,,,,
ASP2,Currency,Price Currency,nVarChar,,3,,,,
ASP2,Discount,Discount in %,Num,,20,,,,
ASP2,UomEntry,UoM Entry,Int,,6,OUOM,,,
ASP2,LogInstanc,Log Instance,Int,,11,,0,,
