SAP_Table,Field,Description,Type,Constraints,Size,Related,Default,Primary_key,Unique
ASPP,ItemCode,Item No.,nVarChar,,20,OITM,,,
ASPP,CardCode,BP Code,nVarChar,,15,OCRD,,PRIMARY,Yes
ASPP,Price,Special Price,Num,,20,,,,
ASPP,Currency,Price Currency,nVarChar,,3,,,,
ASPP,Discount,Discount in %,Num,,20,,,,
ASPP,ListNum,Price List No.,Int,,6,OPLN,0,,
ASPP,AutoUpdt,Auto Update,VarChar,"Y) Yes
N) No",1,,Y,,
ASPP,EXPAND,Item Details,VarChar,"Y) Yes
N) No",1,,N,,
ASPP,UserSign,User Signature,Int,,6,OUSR,,,
ASPP,SrcPrice,Source Price,Int,"0
1) Unit Price - Add. Crcy 1
2) Unit Price - Add. Crcy 2",6,,0,,
ASPP,LogInstanc,Log Instance,Int,,11,,0,,
ASPP,UserSign2,Updating User,Int,,6,OUSR,,,
ASPP,CreateDate,Creation Date,Date,,8,,,,
ASPP,UpdateDate,Update Date,Date,,8,,,,
