SAP_Table,Field,Description,Type,Constraints,Size,Related,Default,Primary_key,Unique
ASRN,ItemCode,Item No.,nVarChar,,20,OITM,,LOT_KEY,No
ASRN,SysNumber,System Number,Int,,11,,,,
ASRN,DistNumber,Serial Number,nVarChar,,36,,,,
ASRN,MnfSerial,Manufacturer Serial No.,nVarChar,,36,,,,
ASRN,LotNumber,Lot Number,nVarChar,,36,,,,
ASRN,ExpDate,Expiration Date,Date,,8,,,,
ASRN,MnfDate,Manufacturing Date,Date,,8,,,,
ASRN,InDate,Admission Date,Date,,8,,,,
ASRN,GrntStart,Mfr Warranty Start Date,Date,,8,,,,
ASRN,GrntExp,Mfr Warranty End Date,Date,,8,,,,
ASRN,CreateDate,Creation Date,Date,,8,,,,
ASRN,Location,Location,nVarChar,,100,,,,
ASRN,Status,Status,VarChar,"0
1) Unavailable",1,,,,
ASRN,Notes,Details,Text,,16,,,,
ASRN,DataSource,Data Source,VarChar,"N) Unknown
I) Interface
U) Update
M) Import
O) DI API
A) Doc. Generation Wizard
D) Restore Wizard
P) Partner Implementation
T) Year Transfer",1,,N,,
ASRN,UserSign,User Signature,Int,,6,OUSR,,,
ASRN,Transfered,Transferred,VarChar,"Y) Yes
N) No",1,,N,,
ASRN,Instance,Instance,Int,,6,,0,,
ASRN,AbsEntry,Abs Entry,Int,,11,,,PRIMARY,Yes
ASRN,ObjType,Object Type,nVarChar,,20,,,,
ASRN,itemName,Item Description,nVarChar,,100,,,,
ASRN,LogInstanc,Log Instance,Int,,11,,,,
ASRN,UserSign2,Updating User,Int,,6,OUSR,,,
ASRN,UpdateDate,Update Date,Date,,8,,,,
ASRN,CostTotal,Total Cost of Batches,Num,,20,,,,
ASRN,Quantity,Quantity,Num,,20,,,,
ASRN,QuantOut,Output Quantity,Num,,20,,,,
ASRN,PriceDiff,Price Difference,Num,,20,,,,
ASRN,Balance,Batch Balance,Num,,20,,,,
ASRN,TrackingNt,CCD Tracking Note,Int,,11,OTCN,,,
ASRN,TrackiNtLn,CCD Tracking Note Line,Int,,11,TCN1,,,
