SAP_Table,Field,Description,Type,Constraints,Size,Related,Default,Primary_key,Unique
AST1,STCCode,STC Code,nVarChar,,8,OSTC,,PRIMARY,Yes
AST1,Line_ID,Row Number,Int,,11,,0,,
AST1,STACode,STA Code,nVarChar,,8,OSTA,,,
AST1,STAType,STA Type,Int,,11,OSTA,,,
AST1,TaxOnTCode,STA Tax on Tax Code,nVarChar,,8,OSTA,,,
AST1,TaxOnTType,STA Tax On Tax Type,Int,,11,OSTA,,,
AST1,EfctivRate,Effective Rate,Num,,20,,,,
AST1,FmlId,Tax Formula ID,Int,,11,OFML,,,
AST1,CstCodeIn,CST Code Incoming,nVarChar,,20,,,,
AST1,CstSuffix,CST Suffix for ICMS,nVarChar,,2,,,,
AST1,LogInstanc,Log Instance,Int,,11,,0,,
