SAP_Table,Field,Description,Type,Constraints,Size,Related,Default,Primary_key,Unique
ASTC,Code,Code,nVarChar,,8,,,PRIMARY,Yes
ASTC,Name,Name,nVarChar,,100,,,,
ASTC,Rate,Rate,Num,,20,,,,
ASTC,Freight,Freight,VarChar,"Y) Yes
N) No",1,,N,,
ASTC,UserSign,User Signature,Int,,6,OUSR,,,
ASTC,ValidForAR,Valid for A/R,VarChar,"Y) Yes
N) No",1,,Y,,
ASTC,ValidForAP,Valid for A/P,VarChar,"Y) Yes
N) No",1,,Y,,
ASTC,TfcId,Formula Combination ID,Int,,11,OTFC,,,
ASTC,Lock,Lock Flag,VarChar,"Y) Yes
N) No",1,,N,,
ASTC,TaxIcms,Taxation For ICMS,nVarChar,,2,,,,
ASTC,IsItmLevel,Is Single Item Level Tax,VarChar,"Y) Yes
N) No",1,,N,,
ASTC,CfopIn,CFOP Incoming Code,nVarChar,,6,OCFP,,,
ASTC,CfopOut,CFOP Outgoing Code,nVarChar,,6,OCFP,,,
ASTC,LogInstanc,Log Instance,Int,,11,,0,,
ASTC,UserSign2,Updating User,Int,,6,OUSR,,,
ASTC,UpdateDate,Update Date,Date,,8,,,,
ASTC,FADebit,FA Debit,VarChar,"Y) Yes
N) No",1,,N,,
