SAP_Table,Field,Description,Type,Constraints,Size,Related,Default,Primary_key,Unique
ASTT,AbsId,Numerator,Int,,11,,,PRIMARY,Yes
ASTT,Name,Type Name,nVarChar,,40,,,NAME,Yes
ASTT,UserSign,User Signature,Int,,6,OUSR,,,
ASTT,IsVat,VAT,VarChar,"Y) Yes
N) No",1,,N,,
ASTT,NfTaxId,ID of Nota Fiscal Tax Category,Int,,11,ONFT,,,
ASTT,TpsId,ID of Tax Parameter Set,Int,,11,OTPS,,,
ASTT,PLABalance,PLA Current Balance,Num,,20,,,,
ASTT,Locked,Locked,VarChar,,1,,N,,
ASTT,LogInstanc,Log Instance,Int,,11,,0,,
ASTT,UserSign2,Updating User,Int,,6,OUSR,,,
ASTT,UpdateDate,Update Date,Date,,8,,,,
ASTT,CreditCtrl,Tax Credit Control,VarChar,"Y) Yes
N) No",1,,N,,
