SAP_Table,Field,Description,Type,Constraints,Size,Related,Default,Primary_key,Unique
ATC1,AbsEntry,Absolute entry,Int,,11,,,PRIMARY,Yes
ATC1,Line,Row Number,Int,,11,,,,
ATC1,srcPath,Source Path,Text,,16,,,,
ATC1,trgtPath,Target Path,Text,,16,,,,
ATC1,FileName,File Name,nVarChar,,127,,,,
ATC1,FileExt,File Extension,nVarChar,,8,,,,
ATC1,Date,Attachment Date,Date,,8,,,,
ATC1,UsrID,User ID,Int,,11,,,,
ATC1,Copied,Copied,VarChar,"Y) Yes
N) No",1,,N,,
ATC1,Override,Override file,VarChar,"Y) Yes
N) No",1,,N,,
ATC1,subPath,Subpath,nVarChar,,127,,,,
