SAP_Table,Field,Description,Type,Constraints,Size,Related,Default,Primary_key,Unique
ATHL,AbsEntry,Internal Number,Int,,11,,,PRIMARY,Yes
ATHL,RecType,Report Type,VarChar,"A) Annual Invoice Declaration
B) Blacklist Country",1,,A,,
ATHL,EffecFrom,Effective From,Date,,8,,,,
ATHL,Company,Company,nVarChar,,20,,,,
ATHL,PrivInv,Private - Invoice,nVarChar,,20,,,,
ATHL,PrivJE,Private - Journal Entry,nVarChar,,20,,,,
ATHL,LogInstanc,Log Instance,Int,,11,,,,
ATHL,UserSign,User Signature,Int,,6,OUSR,,,
ATHL,CreateDate,Creation Date,Date,,8,,,,
ATHL,UserSign2,Updating User,Int,,6,OUSR,,,
ATHL,UpdateDate,Date of Update,Date,,8,,,,
ATHL,Tourism,Tourism,nVarChar,,20,,,,
