SAP_Table,Field,Description,Type,Constraints,Size,Related,Default,Primary_key,Unique
ATSC,ID,CST Internal Key,Int,,11,,,PRIMARY,Yes
ATSC,CODE,CST Code Incoming,nVarChar,,20,,,CST_CODE,Yes
ATSC,Situation,Description Incoming,Text,,16,,,,
ATSC,Locked,Locked,VarChar,"Y)
N)",1,,N,,
ATSC,DataSource,Data Source,VarChar,"N) Unknown
I) Interface
U) Update
M) Import
O) OB Server
A) Auto Incr.
D) Data Doc.
P) Partner Implementation
T) Year Transfer",1,,N,,
ATSC,UserSign,User Signature,Int,,6,OUSR,,,
ATSC,Category,Tax Category,Int,,6,ONFT,-6,,
ATSC,CodeOut,CST Code Outgoing,nVarChar,,20,,,,
ATSC,OutDesc,Description Outgoing,Text,,16,,,,
ATSC,LogInstanc,Log Instance,Int,,11,,0,,
ATSC,UserSign2,Updating User,Int,,6,OUSR,,,
ATSC,UpdateDate,Update Date,Date,,8,,,,
