SAP_Table,Field,Description,Type,Constraints,Size,Related,Default,Primary_key,Unique
ATT1,Father,Parent Item,nVarChar,,20,OITT,,PRIMARY,Yes
ATT1,ChildNum,Child Element No.,Int,,11,,,,
ATT1,Code,Child Code,nVarChar,,20,,,,
ATT1,Quantity,Quantity,Num,,20,,,,
ATT1,Warehouse,Warehouse,nVarChar,,8,OWHS,,,
ATT1,Price,Price,Num,,20,,,,
ATT1,Currency,Currency,nVarChar,,3,,,,
ATT1,PriceList,Price List,Int,,6,OPLN,0,,
ATT1,OrigPrice,Original Price,Num,,20,,,,
ATT1,OrigCurr,Original Currency,nVarChar,,3,,,,
ATT1,IssueMthd,Issue Method,VarChar,"B) Backflush
M) Manual",1,,,,
ATT1,Uom,Inventory UOM,nVarChar,,100,,,,
ATT1,Comment,Comment,nVarChar,,127,,,,
ATT1,LogInstanc,Log Instance,Int,,11,,,,
ATT1,Object,Object,nVarChar,,20,,66,,
ATT1,OcrCode,Distribution Rule,nVarChar,,8,OOCR,,,
ATT1,OcrCode2,Distribution Rule2,nVarChar,,8,OOCR,,,
ATT1,OcrCode3,Distribution Rule3,nVarChar,,8,OOCR,,,
ATT1,OcrCode4,Distribution Rule4,nVarChar,,8,OOCR,,,
ATT1,OcrCode5,Distribution Rule5,nVarChar,,8,OOCR,,,
ATT1,PrncpInput,Principal Input,VarChar,"Y) Yes
N) No",1,,N,,
ATT1,Project,Project Code,nVarChar,,20,OPRJ,,,
ATT1,Type,Component Type,Int,"4) Item
290) Resource
-18) Text",11,,4,,
ATT1,WipActCode,WIP Account Code,nVarChar,,15,OACT,,,
ATT1,AddQuantit,Additional Quantity,Num,,20,,,,
ATT1,LineText,Row Text,Text,,16,,,,
