SAP_Table,Field,Description,Type,Constraints,Size,Related,Default,Primary_key,Unique
ATX1,BaseEntry,Base Document Internal ID,Int,,11,,,PRIMARY,Yes
ATX1,LineNum,Row Number,Int,,11,,,,
ATX1,Canceled,Canceled,VarChar,"Y) Yes
N) No",1,,N,,
ATX1,DocType,Document Type,VarChar,"I) Invoice
P) Payment
J) Journal Entry
C) Correction Invoice
L) Landed Cost",1,,I,,
ATX1,RefEntry1,Ref.1 Document Key,Int,,11,,,,
ATX1,RefEntry2,Ref.1 Document Key,Int,,11,,,,
ATX1,ObjType,Object Type,Int,,6,ADP1,,,
ATX1,LogInstanc,Log Instance,Int,,11,,0,,
ATX1,RefType,Ref. Object Type,Int,"-1)
13) A/R Invoice
18) A/P Invoice
30) Journal Entry
24) Incoming Payment
204) A/P Down Payment
165) A/R Correction Invoice
163) A/P Correction Invoice
69) Landed Cost",11,,-1,,
