SAP_Table,Field,Description,Type,Constraints,Size,Related,Default,Primary_key,Unique
ATXI,DocEntry,Internal Number,Int,,11,,,PRIMARY,Yes
ATXI,DocNum,Document Number,Int,,11,,,NUM,Yes
ATXI,DocType,Document Type,VarChar,"I) Invoice
P) Payment
J) Journal Entry
C) Correction Invoice
D) Down Payment
A) Alteration Invoice
B) Alteration Correction Invoice",1,,I,,
ATXI,CANCELED,Canceled,VarChar,"Y) Yes
N) No",1,,N,,
ATXI,HandWriten,Manual Numbering,VarChar,"Y) Yes
N) No",1,,N,,
ATXI,Printed,Printed,VarChar,"Y) Yes
N) No",1,,N,,
ATXI,Transfered,Year Transfer,VarChar,"Y) Yes
N) No",1,,N,,
ATXI,ObjType,Object Type,nVarChar,,20,ADP1,194,,
ATXI,DocDate,Posting Date,Date,,8,,,,
ATXI,CardCode,Customer Code,nVarChar,,15,OCRD,,,
ATXI,CreateDate,Creation Date,Date,,8,,,,
ATXI,UpdateDate,Date of Update,Date,,8,,,,
ATXI,DocDueDate,Due Date,Date,,8,,,,
ATXI,Series,Series,Int,,6,,0,,
ATXI,Segment,Segment,Int,,6,,0,,
ATXI,CntctCode,Contact Person,Int,,11,OCPR,,,
ATXI,VatDate,Document Date,Date,,8,,,,
ATXI,Comments,Remarks,nVarChar,,127,,,,
ATXI,TrnspCode,Shipping Type,Int,,6,OSHP,-1,,
ATXI,ShipToCode,Ship-to Code,nVarChar,,50,,,,
ATXI,Address,Bill to,nVarChar,,127,,,,
ATXI,Address2,Ship To,nVarChar,,127,,,,
ATXI,LogInstanc,Log Instance,Int,,11,,0,,
ATXI,CurSource,Base Currency,VarChar,"L) Local Currency
S) System Currency
C) BP Currency",1,,C,,
ATXI,DocCur,Document Currency,nVarChar,,3,,,,
ATXI,UserSign,User Signature,Int,,6,OUSR,,,
ATXI,UserSign2,Updating User,Int,,6,OUSR,,,
ATXI,NumAtCard,BP Reference No.,nVarChar,,100,,,,
ATXI,CardName,Customer/Vendor Name,nVarChar,,100,,,,
ATXI,CancelDate,Cancel Date,Date,,8,,,,
ATXI,DocTotal,Document Total,Num,,20,,,,
ATXI,VatSum,Total Tax,Num,,20,,,,
ATXI,PayRefNo,Payment Ref. No.,nVarChar,,16,,,,
ATXI,PayRefDate,Payment Ref. Date,Date,,8,,,,
ATXI,TaxMethod,Taxation Method,VarChar,"S) On Shipment
P) On Payment",1,,S,,
ATXI,AtcEntry,Attachment Entry,Int,,11,,,,
ATXI,IsDpm,IS Down Payment,VarChar,"Y) Yes
N) No",1,,N,,
ATXI,AltRev,Alteration Revision,Int,,11,,0,,
ATXI,PIndicator,Period Indicator,nVarChar,,10,OPID,,,
ATXI,TransId,Transaction Number,Int,,11,OJDT,,,
ATXI,JrnlMemo,Journal Remark,nVarChar,,50,,,,
ATXI,BPLId,Branch,Int,,11,OBPL,,,
ATXI,BPLName,Branch Name,nVarChar,,100,,,,
ATXI,VATRegNum,Branch Reg. No.,nVarChar,,32,,,,
