SAP_Table,Field,Description,Type,Constraints,Size,Related,Default,Primary_key,Unique
AUGP,UgpEntry,UoM Group Abs. Entry,Int,,11,,,PRIMARY,Yes
AUGP,UgpCode,UoM Group Code,nVarChar,,20,,,,
AUGP,UgpName,UoM Group Name,nVarChar,,100,,,,
AUGP,BaseUom,Base UoM Abs. Entry,Int,,11,OUOM,,,
AUGP,DataSource,Data Source,VarChar,"N) Unknown
I) Interface
U) Update
M) Import
O) DI API
A) Doc. Generation Wizard
D) Restore Wizard
P) Partner Implementation
T) Year Transfer",1,,N,,
AUGP,UserSign,User Signature,Int,,6,OUSR,,,
AUGP,LogInstanc,Log Instance,Int,,11,,0,,
AUGP,UserSign2,Updating User,Int,,6,OUSR,,,
AUGP,UpdateDate,Date of Update,Date,,8,,,,
AUGP,CreateDate,Creation Date,Date,,8,,,,
AUGP,Locked,Locked,VarChar,"Y) Yes
N) No",1,,N,,
