SAP_Table,Field,Description,Type,Constraints,Size,Related,Default,Primary_key,Unique
AUOM,UomEntry,UoM Abs. Entry,Int,,11,,,PRIMARY,Yes
AUOM,UomCode,UoM Code,nVarChar,,20,,,,
AUOM,UomName,UoM Name,nVarChar,,100,,,,
AUOM,Locked,Locked,VarChar,"Y) Yes
N) No",1,,N,,
AUOM,DataSource,Data Source,VarChar,"N) Unknown
I) Interface
U) Update
M) Import
O) DI API
A) Doc. Generation Wizard
D) Restore Wizard
P) Partner Implementation
T) Year Transfer",1,,N,,
AUOM,UserSign,User Signature,Int,,6,OUSR,,,
AUOM,LogInstanc,Log Instance,Int,,6,,0,,
AUOM,UserSign2,Updating User,Int,,6,OUSR,,,
AUOM,UpdateDate,Date of Update,Date,,8,,,,
AUOM,CreateDate,Creation Date,Date,,8,,,,
AUOM,Length1,Length 1,Num,,20,,,,
AUOM,Len1Unit,Unit of Length 1,Int,,6,,,,
AUOM,length2,Length 2,Num,,20,,,,
AUOM,Len2Unit,Unit of Length 2,Int,,6,,,,
AUOM,Width1,Width 1,Num,,20,,,,
AUOM,Wdth1Unit,Unit of Width 1,Int,,6,,,,
AUOM,Width2,Width 2,Num,,20,,,,
AUOM,Wdth2Unit,Unit of Width 2,Int,,6,,,,
AUOM,Height1,Height 1,Num,,20,,,,
AUOM,Hght1Unit,Unit of Height 1,Int,,6,,,,
AUOM,Height2,Height 2,Num,,20,,,,
AUOM,Hght2Unit,Unit of Height 2,Int,,6,,,,
AUOM,Volume,Volume,Num,,20,,,,
AUOM,VolUnit,Volume UoM,Int,,6,,,,
AUOM,Weight1,Weight 1,Num,,20,,,,
AUOM,WghtUnit,Weight UoM,Int,,6,,,,
AUOM,Weight2,Weight 2,Num,,20,,,,
AUOM,Wght2Unit,Unit of Weight 2,Int,,6,,,,
AUOM,IntSymbol,International Symbol,nVarChar,,20,,,,
