SAP_Table,Field,Description,Type,Constraints,Size,Related,Default,Primary_key,Unique
AUSR,USERID,User Signature,Int,,6,,,PRIMARY,Yes
AUSR,PASSWORD,User Password,nVarChar,,127,,0,,
AUSR,PASSWORD1,User Password,nVarChar,,8,,,,
AUSR,PASSWORD2,User Password,nVarChar,,8,,,,
AUSR,INTERNAL_K,Internal Number,Int,,6,,,,
AUSR,USER_CODE,User Code,nVarChar,,8,,,,
AUSR,U_NAME,User Name,nVarChar,,127,,,,
AUSR,GROUPS,Authorization Group,Int,,6,,0,,
AUSR,PASSWORD4,Password,nVarChar,,127,,,,
AUSR,ALLOWENCES,User Confirmation,Text,,16,,,,
AUSR,SUPERUSER,Superuser,VarChar,"Y) Yes
N) No",1,,N,,
AUSR,DISCOUNT,Max. Discount,Num,,20,,,,
AUSR,PASSWORD3,User Password,nVarChar,,8,,,,
AUSR,Info1File,Info1File,nVarChar,,4,,,,
AUSR,Info1Field,Info1Field,Int,,6,,,,
AUSR,Info2File,Info2File,nVarChar,,4,,,,
AUSR,Info2Field,Info2Field,Int,,6,,,,
AUSR,Info3File,Info3File,nVarChar,,4,,,,
AUSR,Info3Field,Info3Field,Int,,6,,,,
AUSR,Info4File,Info4File,nVarChar,,4,,,,
AUSR,Info4Field,Info4Field,Int,,6,,,,
AUSR,dType,dType,VarChar,"Y) Yes
N) No
X)
H) Free",1,,H,,
AUSR,E_Mail,E-Mail,nVarChar,,100,,,,
AUSR,PortNum,Mobile Phone Number,nVarChar,,50,,,,
AUSR,OutOfOffic,Out of the Office,VarChar,"Y) Yes
N) No",1,,N,,
AUSR,SendEMail,Send E-Mail,VarChar,"Y) Yes
N) No",1,,N,,
AUSR,SendSMS,Send SMS,VarChar,"Y) Yes
N) No",1,,N,,
AUSR,DfltsGroup,Default,nVarChar,,8,OUDG,,,
AUSR,CashLimit,Cash Amount Limit,VarChar,"Y) Yes
N) No",1,,N,,
AUSR,MaxCashSum,Max. Cash Total,Num,,20,,,,
AUSR,Fax,Fax Number,nVarChar,,20,,,,
AUSR,SendFax,Send Fax,VarChar,"Y) Yes
N) No",1,,N,,
AUSR,Locked,User Confirmation,VarChar,"Y) Yes
N) No",1,,N,,
AUSR,Department,Department,Int,,6,OUDP,-2,,
AUSR,Branch,Branch,Int,,6,OUBR,-2,,
AUSR,UserPrefs,User Preferences,Text,,16,,,,
AUSR,Language,Language,Int,,6,,,,
AUSR,Charset,Font Language,Int,,6,,,,
AUSR,OpenCdt,Open Window for Credit Vouchers Ref. Upd,VarChar,"Y) Yes
N) No",1,,N,,
AUSR,CdtPrvDays,Vouchers from Last Days,Int,,11,,1,,
AUSR,DsplyRates,Display Rates Table on Startup,VarChar,"Y) Yes
N) No",1,,N,,
AUSR,AuImpRates,Import Currency Exchange Rates Automatic,VarChar,"Y) Yes
N) No",1,,N,,
AUSR,OpenDps,Open Postdated Checks Window,VarChar,"Y) Yes
N) No",1,,N,,
AUSR,RcrFlag,Display Scheduled Recurring Postings,VarChar,"Y) Yes
N) No",1,,N,,
AUSR,CheckFiles,Perform Data Check,VarChar,"Y) Yes
N) No",1,,N,,
AUSR,OpenCredit,Open Window for Postdated Credit Voucher,VarChar,"Y) Always
N) No
D) By Date",1,,N,,
AUSR,CreditDay1,Handle Postdated Credit Day 1,Int,,6,,1,,
AUSR,CreditDay2,Handle Postdated Credit Day 2,Int,,6,,15,,
AUSR,WallPaper,Wallpaper,Text,,16,,,,
AUSR,WllPprDsp,Wallpaper Display,Int,"1) Centralized
2) Full Screen
3) Tile",6,,1,,
AUSR,AdvImagePr,Extended Image Processing,VarChar,"N) Yes
O) No
Y) Full",1,,N,,
AUSR,ContactLog,Today's Activity Alert,VarChar,"Y) Yes
N) No",1,,N,,
AUSR,LastWarned,Last Warned Date,Date,,8,,,,
AUSR,AlertPolFr,Message Check Frequency (Min.),Int,,6,,5,,
AUSR,ScreenLock,Screen Lock Delay,Int,,6,,30,,
AUSR,ShowNewMsg,Display Message/Alert on Arrival,VarChar,"Y) Yes
N) No",1,,Y,,
AUSR,Picture,Picture,nVarChar,,127,,,,
AUSR,Position,Position,nVarChar,,90,,,,
AUSR,Address,Address,nVarChar,,100,,,,
AUSR,Country,Country,nVarChar,,3,OCRY,,,
AUSR,Tel1,Telephone 1,nVarChar,,20,,,,
AUSR,Tel2,Telephone 2,nVarChar,,20,,,,
AUSR,GENDER,Gender,VarChar,"F) Female
M) Male",1,,F,,
AUSR,Birthday,Date of Birth,Date,,8,,,,
AUSR,EnbMenuFlt,Enable Forbidden Menu Items,VarChar,"N) No
Y) Yes",1,,N,,
AUSR,objType,Object Type,nVarChar,,20,,12,,
AUSR,logInstanc,Log Instance,Int,,11,,,,
AUSR,userSign,Creating User,Int,,6,OUSR,,,
AUSR,createDate,Creation Date,Date,,8,,,,
AUSR,userSign2,Updating User,Int,,6,OUSR,,,
AUSR,updateDate,Update Date,Date,,8,,,,
AUSR,OneLogPwd,At first logon change password,VarChar,"N) Do not change password at first login
Y) At first logon change password",1,,N,,
AUSR,lastLogin,Last Logon Date,Date,,8,,,,
AUSR,LastPwds,Last Passwords 1,nVarChar,,127,,0,,
AUSR,LastPwds2,Last Passwords 2,nVarChar,,127,,0,,
AUSR,LastPwdSet,Last Password Change,Date,,8,,,,
AUSR,FailedLog,Failed Login Count,Int,,11,,0,,
AUSR,PwdNeverEx,Password Never Expires,VarChar,"Y) Yes
N) No",1,,N,,
AUSR,SalesDisc,Max. Sales Discount,Num,,20,,,,
AUSR,PurchDisc,Max. Purchase Discount,Num,,20,,,,
AUSR,LstLogoutD,Last Logoff Date,Date,,8,,,,
AUSR,LstLoginT,Last Logon Time,Int,,11,,,,
AUSR,LstLogoutT,Last Logoff Time,Int,,11,,,,
AUSR,LstPwdChT,Last Password Change Time,Int,,11,,,,
AUSR,LstPwdChB,Last Password Changed By,nVarChar,,8,,,,
AUSR,RclFlag,Display Recurring Transactions,VarChar,"Y) Yes
N) No",1,,,,
AUSR,MobileUser,Mobile User,VarChar,"Y) Yes
N) No",1,,N,,
AUSR,MobileIMEI,Mobile IMEI,nVarChar,,64,,,,
AUSR,PrsWkCntEb,Personal Work Center Enable,VarChar,"Y) Yes
N) No",1,,N,,
AUSR,SnapShotId,Snapshot ID,Int,,11,,0,,
AUSR,STData,User Password Salt,nVarChar,,40,,,,
AUSR,SupportUsr,Support User,VarChar,"N) No
Y) Yes",1,,N,,
AUSR,NoSTPwdNum,Password encrypted w/o Salt (cryptograph,Int,,6,,0,,
AUSR,DomainUser,Domain user name bound in SLD,nVarChar,,50,,,,
AUSR,CUSAgree,CUS Agreement,VarChar,,1,,,,
AUSR,EmailSig,E-Mail Signature,Text,,16,,,,
AUSR,TPLId,Template ID,Int,,6,UICU,,,
AUSR,DigCrtPath,Digital Certificate Path,Text,,16,,,,
AUSR,ShowNewTsk,Open Worklist on Task Arrival,VarChar,"N) No
Y) Yes",1,,Y,,
AUSR,IntgrtEb,Enable Setting Integration,VarChar,"Y) Yes
N) No",1,,N,,
AUSR,AllBrnchF,Allow Viewing of All (Including Unassign,VarChar,"Y) Yes
N) No",1,,Y,,
