SAP_Table,Field,Description,Type,Constraints,Size,Related,Default,Primary_key,Unique
AVT1,Code,Group Code,nVarChar,,8,,,PRIMARY,Yes
AVT1,EffecDate,Effective from,Date,,8,,,,
AVT1,Rate,Rate,Num,,20,,,,
AVT1,EquVatPr,Equalization Tax %,Num,,20,,,,
AVT1,MinAmount,Minimum Stamp Tax Amount,Num,,20,,,,
AVT1,FixedAmout,Fixed Stamp Tax Amount,Num,,20,,,,
AVT1,TaxType,Tax Type (VAT or Stamp),VarChar,"V) VAT
S) Stamp",1,,V,,
AVT1,LogInstanc,Log Instance,Int,,11,,0,,
AVT1,DatevCode,DATEV Code,Int,,6,,,,
