SAP_Table,Field,Description,Type,Constraints,Size,Related,Default,Primary_key,Unique
AVTG,Code,Code,nVarChar,,8,,,PRIMARY,Yes
AVTG,Name,Name,nVarChar,,50,,,GROUP_NAME,No
AVTG,Rate,Rate %,Num,,20,,,,
AVTG,EffecDate,Effective from,Date,,8,,,,
AVTG,Category,Category,VarChar,"O) Output Tax
I) Input Tax",1,,O,,
AVTG,Account,Tax Account,nVarChar,,15,OACT,,,
AVTG,Locked,Locked,VarChar,"Y) Yes
N) No",1,,N,,
AVTG,DataSource,Data Source,VarChar,"N) Unknown
I) Interface
U) Update
M) Import
O) DI API
A) Doc. Generation Wizard
D) Restore Wizard
P) Partner Implementation
T) Year Transfer",1,,N,,
AVTG,UserSign,User Signature,Int,,6,OUSR,,,
AVTG,IsEC,EU,VarChar,"Y) Yes
N) No",1,,N,,
AVTG,Indicator,Triangular Deal,VarChar,,1,OIND,,,
AVTG,AcqstnRvrs,Acquisition/Reverse,VarChar,"Y) Yes
N) No",1,,N,,
AVTG,NonDedct,Non-Deductible %,Num,,20,,,,
AVTG,AcqsTax,Acquisition Tax Account,nVarChar,,15,OACT,,,
AVTG,GoddsShip,Goods Shipment,VarChar,,1,OGSP,,,
AVTG,NonDedAcc,Non-Deductible Acct,nVarChar,,15,OACT,,,
AVTG,DeferrAcc,Deferred Tax Account,nVarChar,,15,OACT,,,
AVTG,EquVatPr,Equalization Tax %,Num,,20,,,,
AVTG,ReportCode,Group Description,nVarChar,,100,,,,
AVTG,FixdAssts,Fixed Assets Flag,VarChar,"Y) Yes
N) No",1,,N,,
AVTG,CalcMethod,Calculation Method,VarChar,"R) Rate
F) Fixed",1,,R,,
AVTG,TaxType,Tax Type (VAT or Stamp),VarChar,"V) VAT
S) Stamp",1,,V,,
AVTG,FixedAmnt,Fixed Amount (LC),Num,,20,,,,
AVTG,ExtCode,External Code,nVarChar,,10,,,,
AVTG,Correction,Correction,VarChar,"Y) Yes
N) No",1,,N,,
AVTG,VatCrctn,VAT Correction,nVarChar,,8,OVTG,,,
AVTG,RetVatCode,Returning VAT Code,nVarChar,,8,,,,
AVTG,RepType,Report Type,Int,,11,OKRT,,,
AVTG,LogInstanc,Log Instance,Int,,11,,0,,
AVTG,UpdateDate,Date of Update,Date,,8,,,,
AVTG,TaxCtgr,Tax Type (Annual List),VarChar,"E) Excluded
T) Taxable
X) Exempt
N) Not Taxable
G) Gross Profit
R) Reverse Charge
U) Tourism
A) Taxable - Article 162
B) Taxable - Article 173 point 5
C) Taxable - Construction
D) Taxable - Expected Confirmation
F) Taxable - Gross
I) Taxable - Import
Y) Taxable - Import from BY
L) Taxable - Late Export
O) Taxable - Not Confirmed
S) Taxable - Real Estate
W) Taxable - Sale of Company",1,,E,,
AVTG,EquAccount,Equalization Tax Account,nVarChar,,15,OACT,,,
AVTG,UserSign2,Updating User,Int,,6,OUSR,,,
AVTG,IsIGIC,IGIC,VarChar,"Y) Yes
N) No",1,,N,,
AVTG,ServSupply,Service Supply,VarChar,,1,OSSP,,,
AVTG,Inactive,Inactive,VarChar,"Y) Yes
N) No",1,,N,,
AVTG,TaxCtgrBL,Tax Type (Black List),VarChar,"E) Excluded
T) Taxable
X) Exempt
N) Not Taxable
S) Non-Subject",1,,E,,
AVTG,R349Code,Report 349 Code,Int,"0
1) E
2) A
3) T
4) S
5) I
6) M
7) H",11,,0,,
AVTG,VatRevAcc,VAT in Revenue Account,nVarChar,,15,OACT,,,
AVTG,CashDisAcc,Cash Discount Account,nVarChar,,15,OACT,,,
AVTG,DpmTaxOAcc,Down Paymnt Tax Offset Account,nVarChar,,15,OACT,,,
AVTG,VatDedAcc,VAT Deductible Account,nVarChar,,15,OACT,,,
AVTG,CstmExpAcc,Customs VAT Expense Account,nVarChar,,15,,,,
AVTG,CstmAlcAcc,Customs VAT Allocation Account,nVarChar,,15,,,,
AVTG,TaxRegion,Tax Country Region,nVarChar,"PT) Continental Portugal
PT-AC) Azores Islands
PT-MA) Madeira Islands",5,,PT,,
AVTG,ExemReason,Tax Exemption Reason,nVarChar,"M01) Article 16th No. 6 of CIVA
M02) Article 6th Law 198/90 June 19th
M03) Cash Liabilities
M04) Exempt Article 13th of CIVA
M05) Exempt Article 14th of CIVA
M06) Exempt Article 15th of CIVA
M07) Exempt Article 9th of CIVA
M08) VAT - Self-Liquidation
M09) VAT - Non-Deductible
M10) VAT - Exempted Company
M11) VAT - Exempted (Tobacco)
M12) VAT - Exempted (Travel Agencies)
M13) VAT - Exempt (Second Hand Goods)
M14) VAT - Exempted (Objects of Art)
M15) VAT - Exempted (Collectibles and Antiques)
M16) VAT - Exempted (Article 14th of RITI)
M99) Not Subject to VAT",3,,,,
AVTG,Agent,Agent,VarChar,"Y) Yes
N) No",1,,N,,
AVTG,OpCode,Tax Operation Code,nVarChar,,7,,,,
AVTG,Export,Export,VarChar,"Y) Yes
N) No",1,,N,,
AVTG,Section,VAT Section,nVarChar,,2,,,,
AVTG,SplitPaymt,Split Payment,VarChar,"Y) Yes
N) No",1,,N,,
AVTG,SplitPayAc,Split Payment Account,nVarChar,,15,,,,
