SAP_Table,Field,Description,Type,Constraints,Size,Related,Default,Primary_key,Unique
AWEX,Id,ID,Int,,11,,,PRIMARY,Yes
AWEX,IsActive,Is Active,Int,,6,,,,
AWEX,IsConCurr,Is Concurrent,Int,,6,,,,
AWEX,IsScope,Is Scope,Int,,6,,,,
AWEX,ProcInstId,Process Instance ID,nVarChar,,100,,,,
AWEX,BizKey,Business Key,nVarChar,,127,,,,
AWEX,ParentId,Parent ID,Int,,11,,,,
AWEX,ProcDefId,Process Definition ID,Int,,11,,,,
AWEX,ActId,Activity ID,nVarChar,,127,,,,
AWEX,DataContex,Data Context,Text,,16,,,,
AWEX,B1WFInstId,Workflow Instance ID,Int,,11,,,,
AWEX,logInst,Log Instance,Int,,11,,,,
AWEX,LastUpdate,Last Update Date,nVarChar,,50,,,,
