SAP_Table,Field,Description,Type,Constraints,Size,Related,Default,Primary_key,Unique
AWFQ,SequenceID,Sequence ID,Int,,11,,,PRIMARY,Yes
AWFQ,SourceDB,Source Database,nVarChar,,100,,,,
AWFQ,Timestamp,Time Stamp,nVarChar,,20,,,,
AWFQ,ObjectType,Object Type,nVarChar,,30,,,,
AWFQ,TransType,Transaction Type,VarChar,"A) Add
U) Update
C) Cancel
D) Delete",1,,,,
AWFQ,FieldsInKe,Number of Fields in Key,Int,,11,,,,
AWFQ,FieldNames,Key Field Names,nVarChar,,127,,,,
AWFQ,FieldValue,Key Field Values,nVarChar,,127,,,,
AWFQ,UserID,UserID,nVarChar,,8,,,,
AWFQ,TaskID,Task ID,nVarChar,,64,,,,
AWFQ,TrigEvntID,Trigger Event ID,nVarChar,,64,,,,
AWFQ,TrigParams,Trigger Parameters,Text,,16,,,,
AWFQ,LogInst,Log Instance,Int,,11,,,,
AWFQ,IsSuccess,Is Message Handled Successfully,VarChar,,1,,,,
AWFQ,ResultMemo,Memo of the Result,nVarChar,,127,,,,
