SAP_Table,Field,Description,Type,Constraints,Size,Related,Default,Primary_key,Unique
AWH2,AbsEntry,Numerator,Int,,11,,,,
AWH2,Code,Tax Code,nVarChar,,4,OWHT,,PRIMARY,Yes
AWH2,EffectDate,Date Effective,Date,,8,,,,
AWH2,Rate,Tax Rate,Num,,20,,,,
AWH2,MinAmount,Min. Amount,Num,,20,,,,
AWH2,MaxAmount,Max. Amount,Num,,20,,,,
AWH2,WTCUR,Progressive Tax Currency,nVarChar,,3,OCRN,,,
AWH2,LogInstanc,Log Instance,Int,,11,,0,,
AWH2,LineNum,Row Number,Int,,11,,,,
AWH2,SeqNum,Sequence Number,Int,,11,,,,
