SAP_Table,Field,Description,Type,Constraints,Size,Related,Default,Primary_key,Unique
AWHS,WhsCode,Warehouse Code,nVarChar,,8,,,PRIMARY,Yes
AWHS,WhsName,Warehouse Name,nVarChar,,100,,,,
AWHS,IntrnalKey,Internal Key,Int,,11,,,,
AWHS,Grp_Code,Group Code,nVarChar,,4,,,,
AWHS,BalInvntAc,Inventory Account,nVarChar,,15,OACT,,,
AWHS,SaleCostAc,Cost of Goods Sold Account,nVarChar,,15,OACT,,,
AWHS,TransferAc,Allocation Account,nVarChar,,15,OACT,,,
AWHS,Locked,Locked,VarChar,"N) Changeable
Y) Locked",1,,N,,
AWHS,DataSource,Data Source,VarChar,"N) Unknown
I) Interface
U) Update
M) Import
O) DI API
A) Doc. Generation Wizard
D) Restore Wizard
P) Partner Implementation
T) Year Transfer",1,,N,,
AWHS,UserSign,User Signature,Int,,6,OUSR,,,
AWHS,RevenuesAc,Revenue Account,nVarChar,,15,OACT,,,
AWHS,VarianceAc,Variance Account,nVarChar,,15,OACT,,,
AWHS,DecreasAc,Inventory Offset - Decrease Account,nVarChar,,15,OACT,,,
AWHS,IncreasAc,Inventory Offset - Increase Account,nVarChar,,15,OACT,,,
AWHS,ReturnAc,Sales Returns Account,nVarChar,,15,OACT,,,
AWHS,ExpensesAc,Expense Account,nVarChar,,15,OACT,,,
AWHS,EURevenuAc,Revenue Account - EU,nVarChar,,15,OACT,,,
AWHS,EUExpensAc,Expense Account - EU,nVarChar,,15,OACT,,,
AWHS,FrRevenuAc,Revenue Account - Foreign,nVarChar,,15,OACT,,,
AWHS,FrExpensAc,Expense Account - Foreign,nVarChar,,15,OACT,,,
AWHS,VatGroup,Tax Group,nVarChar,,8,OSTC,,,
AWHS,Street,Street,nVarChar,,100,,,,
AWHS,Block,Block,nVarChar,,100,,,,
AWHS,ZipCode,Zip Code,nVarChar,,20,,,,
AWHS,City,City,nVarChar,,100,,,,
AWHS,County,County,nVarChar,,100,OCNT,,,
AWHS,Country,Country,nVarChar,,3,OCST,,,
AWHS,State,Status,nVarChar,,3,,,,
AWHS,Location,Location,Int,,11,OLCT,,,
AWHS,DropShip,Drop-Ship,VarChar,"N) No
Y) Yes",1,,N,,
AWHS,ExmptIncom,Exempt Revenue Account,nVarChar,,15,OACT,,,
AWHS,UseTax,Allow Use Tax,VarChar,"Y) Yes
N) No",1,,N,,
AWHS,PriceDifAc,Price Difference Account,nVarChar,,15,OACT,,,
AWHS,ExchangeAc,Exchange Rate Differences Account,nVarChar,,15,OACT,,,
AWHS,BalanceAcc,Goods Clearing Account,nVarChar,,15,OACT,,,
AWHS,PurchaseAc,Purchase Account,nVarChar,,15,OACT,,,
AWHS,PAReturnAc,Purchase Return Account,nVarChar,,15,OACT,,,
AWHS,PurchOfsAc,Purchase Offset Account,nVarChar,,15,OACT,,,
AWHS,FedTaxID,Federal Tax ID,nVarChar,,32,,,,
AWHS,Building,Building/Floor/Room,Text,,16,,,,
AWHS,ShpdGdsAct,Shipped Goods Account,nVarChar,,15,OACT,,,
AWHS,VatRevAct,VAT in Revenue Account,nVarChar,,15,OACT,,,
AWHS,DecresGlAc,G/L Decrease Account,nVarChar,,15,OACT,,,
AWHS,IncresGlAc,G/L Increase Account,nVarChar,,15,OACT,,,
AWHS,Nettable,Nettable,VarChar,"Y) Yes
N) No",1,,Y,,
AWHS,StokRvlAct,Inventory Revaluation Account,nVarChar,,15,OACT,,,
AWHS,StkOffsAct,Inventory Revaluation Offset Account,nVarChar,,15,OACT,,,
AWHS,WipAcct,WIP Inventory Account,nVarChar,,15,OACT,,,
AWHS,WipVarAcct,WIP Inventory Variance Account,nVarChar,,15,OACT,,,
AWHS,CostRvlAct,COGS Revaluation Account,nVarChar,,15,OACT,,,
AWHS,CstOffsAct,COGS Revaluation Offset Acct,nVarChar,,15,OACT,,,
AWHS,ExpClrAct,Expense Clearing Account,nVarChar,,15,OACT,,,
AWHS,ExpOfstAct,Expense Offset Account,nVarChar,,15,OACT,,,
AWHS,objType,Object Type - History,nVarChar,,20,,64,,
AWHS,logInstanc,Log Instance - History,Int,,11,,,,
AWHS,createDate,Creation Date - History,Date,,8,,,,
AWHS,userSign2,Updating User - History,Int,,6,OUSR,,,
AWHS,updateDate,Date of Update - History,Date,,8,,,,
AWHS,ARCMAct,Sales Credit Acct,nVarChar,,15,OACT,,,
AWHS,ARCMFrnAct,Sales Credit Foreign Acct,nVarChar,,15,OACT,,,
AWHS,ARCMEUAct,Sales Credit EU Acct,nVarChar,,15,OACT,,,
AWHS,ARCMExpAct,Exempted Credits,nVarChar,,15,OACT,,,
AWHS,APCMAct,Purchase Credit Acct,nVarChar,,15,OACT,,,
AWHS,APCMFrnAct,Foreign Purchase Credit Acct,nVarChar,,15,OACT,,,
AWHS,APCMEUAct,EU Purchase Credit Acct,nVarChar,,15,OACT,,,
AWHS,RevRetAct,Revenue Returns Account,nVarChar,,15,OACT,,,
AWHS,BPLid,Business Place ID,Int,,11,OBPL,,,
AWHS,OwnerCode,Owner Code,VarChar,"1) Company Item Property
2) Third-Party Warehouse
3) Third-Party Warehouse",1,,1,,
AWHS,NegStckAct,Negative Stock Adjustment Acct,nVarChar,,15,OACT,,,
AWHS,StkInTnAct,Stock In Transit Acct,nVarChar,,15,OACT,,,
AWHS,AddrType,Address Type,nVarChar,,100,,,,
AWHS,StreetNo,Street No.,nVarChar,,100,,,,
AWHS,PurBalAct,Purchase Balance Account,nVarChar,,15,OACT,,,
AWHS,Excisable,Excisable [Yes/No],VarChar,"Y) Yes
N) No",1,,N,,
AWHS,WhICenAct,Incoming CENVAT Account (WH),nVarChar,,15,OACT,,,
AWHS,WhOCenAct,Outgoing CENVAT Account (WH),nVarChar,,15,OACT,,,
AWHS,WhShipTo,Ship-to Name (WH),nVarChar,,100,,,,
AWHS,WipOffset,WIP Offset P&L Account,nVarChar,,15,OACT,,,
AWHS,StockOffst,Inventory Offset P&L Account,nVarChar,,15,OACT,,,
AWHS,StorKeeper,Storekeeper,Int,,11,OHEM,,,
AWHS,Shipper,Shipper,nVarChar,,15,OCRD,,,
AWHS,BinActivat,Bin Activated [Y/N],VarChar,"Y) Yes
N) No",1,,N,,
AWHS,BinSeptor,Bin Separator,nVarChar,,5,,,,
AWHS,DftBinAbs,Default Bin Internal Number,Int,,11,OBIN,,,
AWHS,DftBinEnfd,Default Bin Enforced [Y/N],VarChar,"Y) Yes
N) No",1,,N,,
AWHS,AutoIssMtd,Auto. Issue Method,Int,"0
1) Bin Location Code Order
2) Alternative Sort Code Order
3) Descending Quantity
4) Ascending Quantity
5) FIFO
6) LIFO",6,,0,,
AWHS,ManageSnB,Drop-Ship Manage SnB,VarChar,"N) No
Y) Yes",1,,N,,
AWHS,RecItemsBy,Receiving Bin Locations Method,Int,"0
1) Alternative Sort Code Order",6,,0,,
AWHS,RecBinEnab,Enable Receiving Bin Locations,VarChar,"Y) Yes
N) No",1,,N,,
AWHS,GlblLocNum,Global Location Number,nVarChar,,50,,,,
AWHS,RecvEmpBin,Restrict Receipts to Empty Bin,VarChar,"Y) Yes
N) No",1,,Y,,
AWHS,Inactive,Inactive [Y/N],VarChar,"Y) Yes
N) No",1,,N,,
AWHS,RecvMaxQty,Recv. up to Max. Qty,VarChar,"Y) Yes
N) No",1,,N,,
AWHS,AutoRecvMd,Auto. Receipt Method,Int,"0
1) Last Bin Location That Received Item
2) Item's Current Bin Locations
3) Item's Current and Historical Bin Locations",6,,0,,
AWHS,RecvMaxWT,Recv. up to Max. Weight,VarChar,"Y) Yes
N) No",1,,N,,
AWHS,RecvUpTo,Receive up to,nVarChar,"0
1) Maximum Weight
2) Max. Qty and Weight",6,,0,,
AWHS,FreeChrgSA,Free of Charge Sales Account,nVarChar,,15,,,,
AWHS,FreeChrgPU,Free of Charge Purchase Account,nVarChar,,15,,,,
