SAP_Table,Field,Description,Type,Constraints,Size,Related,Default,Primary_key,Unique
AWHT,WTCode,WTax Code,nVarChar,,4,,,PRIMARY,Yes
AWHT,WTName,WTax Name,nVarChar,,50,,,,
AWHT,Rate,Rate,Num,,20,,,,
AWHT,EffecDate,Effective From,Date,,8,,,,
AWHT,Category,Category,VarChar,"I) Invoice
P) Payment",1,,P,,
AWHT,BaseType,Base Type,VarChar,"G) Gross
N) Net
V) VAT",1,,N,,
AWHT,PrctBsAmnt,% Base Amount,Num,,20,,,,
AWHT,OffclCode,Official Code,nVarChar,,15,,,,
AWHT,Account,Account,nVarChar,,15,OACT,,,
AWHT,MinTaxAmt,Minimum Taxable Amount,Num,,20,,,,
AWHT,IsPrgrss,Progressive Tax,VarChar,"Y) Progressive Tax
N) Not Progressive Tax",1,,N,,
AWHT,Type,Withholding Type,VarChar,"V) VAT Withholding
I) Income Tax Withholding",1,,V,,
AWHT,RoundType,Rounding Type,VarChar,"T) Truncated AU
C) Commercial Values",1,,C,,
AWHT,WTTypeId,Type,Int,,11,OWTT,,,
AWHT,WTCurrency,Currency,nVarChar,,3,OCRN,,,
AWHT,LogInstanc,Log Instance,Int,,11,,0,,
AWHT,UpdateDate,Date of Update,Date,,8,,,,
AWHT,UserSign,User Signature,Int,,6,OUSR,,,
AWHT,Section,Section,Int,,11,OSEC,,,
AWHT,Threshold,Threshold,Num,,20,,,,
AWHT,Surcharge,Surcharge,Num,,20,,,,
AWHT,Concess,Concessional,VarChar,"Y) Yes
N) No",1,,N,,
AWHT,Assessee,Assessee,Int,,11,ONOA,,,
AWHT,ApTdsAcc,A/P TDS Account,nVarChar,,15,OACT,,,
AWHT,ApSurAcc,A/P Surcharge Account,nVarChar,,15,OACT,,,
AWHT,ApCessAcc,A/P Cess Account,nVarChar,,15,OACT,,,
AWHT,ApHscAcc,A/P HSC Account,nVarChar,,15,OACT,,,
AWHT,ArTdsAcc,A/R TDS Account,nVarChar,,15,OACT,,,
AWHT,ArSurAcc,A/R Surcharge Account,nVarChar,,15,OACT,,,
AWHT,ArCessAcc,A/R Cess Account,nVarChar,,15,OACT,,,
AWHT,ArHscAcc,A/R HSC Account,nVarChar,,15,OACT,,,
AWHT,Location,Location,Int,,11,OLCT,,,
AWHT,ReturnType,Return Type,VarChar,"A) 26
B) 27",1,,,,
AWHT,UserSign2,Updating User,Int,,6,OUSR,,,
AWHT,Inactive,Inactive,VarChar,"Y) Yes
N) No",1,,N,,
AWHT,InCSTCode,CST Code Incoming,Int,,11,OTSC,-1,,
AWHT,OutCSTCode,CST Code Outgoing,Int,,11,OTSC,-1,,
AWHT,CalBaseN,Nature of Calculation Base,nVarChar,,2,OBSI,,,
AWHT,PymntRsnCd,Payment Reason Code,nVarChar,,2,OSWA,,,
