SAP_Table,Field,Description,Type,Constraints,Size,Related,Default,Primary_key,Unique
AWL2,WFInstID,Workflow Instance ID,Int,,11,,,,
AWL2,TaskID,Task ID,Int,,11,OWLS,,PRIMARY,Yes
AWL2,LineID,Line ID,Int,,11,,,,
AWL2,ObjectType,Object Type,nVarChar,,20,,,,
AWL2,ObjKey,Object Key,nVarChar,,100,,,,
AWL2,Command,Command,VarChar,"B) Based On
M) Field Mapping",1,,B,,
AWL2,LogIns,Log Instance,Int,,11,,,,
AWL2,ObjSubType,Object Subtype,nVarChar,,64,,,,
AWL2,ObjDetail,Object Detail,Text,,16,,,,
