SAP_Table,Field,Description,Type,Constraints,Size,Related,Default,Primary_key,Unique
AWLS,WFInstID,Workflow Instance ID,Int,,11,OWFI,,,
AWLS,TaskID,Task ID,Int,,11,,,PRIMARY,Yes
AWLS,WFID,Workflow ID,nVarChar,,64,,,,
AWLS,WFName,Workflow Name,nVarChar,,100,,,,
AWLS,TaskDesc,Task Description,nVarChar,,100,,,,
AWLS,ObjType,Object Type,nVarChar,,20,,,,
AWLS,Operation,Operation,VarChar,,1,,,,
AWLS,ObjKey,Object Key,nVarChar,"A) Add
U) Update
D) Delete",100,,,,
AWLS,EnterDate,Enter Date,Date,,8,,,,
AWLS,EnterTime,Enter Time,Int,,6,,,,
AWLS,TaskType,Task Type,VarChar,"U) User Task
M) Manual Task",1,,,,
AWLS,DueDate,Due Date,Date,,8,,,,
AWLS,DueTime,Due Time,Int,,6,,,,
AWLS,UpdateDate,Update Date - History,Date,,8,,,,
AWLS,UpdateTime,Update Time - History,Int,,6,,,,
AWLS,Owner,Owner,nVarChar,,8,,,,
AWLS,Priority,Priority,Int,,6,,,,
AWLS,UserSign,User Signature,Int,"1) High
2) Medium
3) Low",6,,2,,
AWLS,Status,Status,VarChar,"S) Setup
W) To Be Picked
P) Picking
G) In Progress
D) Completing
F) Completed
N) Suspended
C) Cancelling
Q) Canceled
O) Forwarding
E) Error",1,,W,,
AWLS,LogIns,Log Instance - History,Int,,11,,,,
AWLS,UserSign2,Updating User - History,Int,,6,,,,
AWLS,Deleted,Deleted - History,VarChar,,1,,,,
AWLS,DuraDays,Duration Days,Int,,11,,,,
AWLS,DuraHours,Duration Hours,Int,,6,,,,
AWLS,TaskName,Task Name,nVarChar,,100,,,,
AWLS,isPicked,Is Picked,VarChar,,1,,,,
AWLS,Attachment,Attachment,Text,,16,,,,
AWLS,AtcEntry,Attachment Entry,Int,,11,,,,
AWLS,WorkListId,Worklist ID,Int,,11,,,,
AWLS,ObjSubType,Object Subtype,nVarChar,,64,,,,
AWLS,ForwardTo,User to Forward,nVarChar,,8,,,,
AWLS,WasRead,Line Read,VarChar,,1,,N,,
AWLS,TrigParams,Trigger Parameters,Text,,16,,,,
