SAP_Table,Field,Description,Type,Constraints,Size,Related,Default,Primary_key,Unique
AWMG,ID,Workflow ID,Int,,11,,,PRIMARY,Yes
AWMG,TemplateID,Template ID,Int,,11,,,,
AWMG,TmplateKey,Template Key,nVarChar,,64,,,,
AWMG,Name,Name,nVarChar,,100,,,,
AWMG,Version,Version,nVarChar,,13,,,,
AWMG,MAXIns,Maximum Number of Instances,Int,,11,,,,
AWMG,Status,Status,VarChar,"I) Inactive
A) Active
M) Importing
P) Imported
F) Import failed",1,,I,,
AWMG,XMLFile,XML File,Text,,16,,,,
AWMG,Desc,Description,Text,,16,,,,
AWMG,LogIns,Log Instance - History,Int,,11,,,,
AWMG,StartType,Start Type,VarChar,"M) Manual Start
T) Timer Start
C) Conditional Start",1,,M,,
