SAP_Table,Field,Description,Type,Constraints,Size,Related,Default,Primary_key,Unique
AWO1,DocEntry,Document Internal Number,Int,,11,OWOR,,PRIMARY,Yes
AWO1,LineNum,Row Number,Int,,11,,,,
AWO1,ItemCode,Item No.,nVarChar,,20,,,ITEM_CODE,No
AWO1,BaseQty,Base Quantity,Num,,20,,,,
AWO1,PlannedQty,Planned Quantity - Rows,Num,,20,,,,
AWO1,IssuedQty,Issued Quantity,Num,,20,,,,
AWO1,IssueType,Production Order Issue Type,VarChar,"M) Manual
B) Backflush",1,,,,
AWO1,wareHouse,Warehouse,nVarChar,,8,OWHS,,,
AWO1,VisOrder,Visual Order,Int,,11,,,,
AWO1,WipActCode,WIP Account Code,nVarChar,,15,OACT,,,
AWO1,CompTotal,Total Completed Sum,Num,,20,,,,
AWO1,OcrCode,Distribution Rule,nVarChar,,8,OOCR,,,
AWO1,OcrCode2,Distribution Rule2,nVarChar,,8,OOCR,,,
AWO1,OcrCode3,Distribution Rule3,nVarChar,,8,OOCR,,,
AWO1,OcrCode4,Distribution Rule4,nVarChar,,8,OOCR,,,
AWO1,OcrCode5,Distribution Rule5,nVarChar,,8,OOCR,,,
AWO1,LocCode,Location Code,Int,,11,OLCT,,,
AWO1,LogInstanc,Log Instance,Int,,11,,0,,
AWO1,LoadFrBOM,Child qty was loaded from BOM,Int,"0
1) Planned qty calculated from BOM
2) Planned qty calculated from recalculated baseQty value",6,,0,,
AWO1,Project,Project Code,nVarChar,,20,OPRJ,,,
AWO1,UomEntry,UoM Entry,Int,,11,OUOM,0,,
AWO1,UomCode,UoM Code,nVarChar,,20,,,,
AWO1,ItemType,Item Type,Int,"4) Item
290) Resource
-18) Text",11,,4,,
AWO1,AdditQty,Additional Quantity,Num,,20,,,,
AWO1,LineText,Row Text,Text,,16,,,,
AWO1,PickStatus,Pick Status,VarChar,"Y) Picked
N) Not Picked
R) Release for Picking
P) Partially Picked",1,,N,,
AWO1,PickQty,Pick Quantity,Num,,20,,,,
AWO1,PickIdNo,Pick List ID Number,Int,,11,,,,
AWO1,ReleaseQty,Released Quantity,Num,,20,,,,
AWO1,ResAlloc,Resource Allocation,VarChar,"D) On Due Date
B) Automatic",1,,,,
