SAP_Table,Field,Description,Type,Constraints,Size,Related,Default,Primary_key,Unique
AWOR,DocEntry,Internal Number,Int,,11,,,PRIMARY,Yes
AWOR,DocNum,Document Number,Int,,11,,,NUM,Yes
AWOR,Series,Series,Int,,6,NNM1,0,,
AWOR,ItemCode,Product No.,nVarChar,,20,OITT,,ITEM_CODE,No
AWOR,Status,Production Order Status,VarChar,"P) Planned
R) Released
L) Closed
C) Canceled",1,,P,,
AWOR,Type,Production Order Type,VarChar,"S) Standard
P) Special
D) Disassembly",1,,S,,
AWOR,PlannedQty,Planned Quantity - Header,Num,,20,,,,
AWOR,CmpltQty,Completed Quantity,Num,,20,,,,
AWOR,RjctQty,Rejected Quantity,Num,,20,,,,
AWOR,PostDate,Posting Date,Date,,8,,,,
AWOR,DueDate,Due Date,Date,,8,,,,
AWOR,OriginAbs,Production Order Origin Entry,Int,,11,,,,
AWOR,OriginNum,Production Order Origin Number,Int,,11,,,,
AWOR,OriginType,Production Order Origin,VarChar,"M) Manual
R) MRP
S) Sales Order
U) Upgrade",1,,M,,
AWOR,UserSign,User Signature,Int,,6,OUSR,,,
AWOR,Comments,Remarks,nVarChar,,127,,,,
AWOR,CloseDate,Closing Date,Date,,8,,,,
AWOR,RlsDate,Release Date,Date,,8,,,,
AWOR,CardCode,Customer Code,nVarChar,,15,OCRD,,,
AWOR,Warehouse,Warehouse,nVarChar,,8,OWHS,,,
AWOR,Uom,Inv. UoM in Production Order,nVarChar,,100,,,,
AWOR,LineDirty,Line Modified,Int,,11,,,,
AWOR,WOR1Count,WOR1 Counter for Next No.,Int,,11,,0,,
AWOR,JrnlMemo,Journal Remarks,nVarChar,,50,,,,
AWOR,TransId,Transaction Number,Int,,11,OJDT,,,
AWOR,CreateDate,Creation Date,Date,,8,,,,
AWOR,Printed,Printed,VarChar,"Y) Copy
N) Original",1,,N,,
AWOR,OcrCode,Distribution Rule,nVarChar,,8,OOCR,,,
AWOR,PIndicator,Period Indicator,nVarChar,,10,OPID,' ',,
AWOR,OcrCode2,Distribution Rule2,nVarChar,,8,OOCR,,,
AWOR,OcrCode3,Distribution Rule3,nVarChar,,8,OOCR,,,
AWOR,OcrCode4,Distribution Rule4,nVarChar,,8,OOCR,,,
AWOR,OcrCode5,Distribution Rule5,nVarChar,,8,OOCR,,,
AWOR,SeqCode,Sequence Code,Int,,6,,,,
AWOR,Serial,Serial Number,Int,,11,,,,
AWOR,SeriesStr,Series String,nVarChar,,3,,,,
AWOR,SubStr,Subseries String,nVarChar,,3,,,,
AWOR,LogInstanc,Log Instance,Int,,11,,0,,
AWOR,UserSign2,Updating User,Int,,6,OUSR,,,
AWOR,UpdateDate,Update Date,Date,,8,,,,
AWOR,Project,Project Code,nVarChar,,20,OPRJ,,,
AWOR,SupplCode,Supplementary Code,nVarChar,,127,,,,
AWOR,UomEntry,UoM Entry,Int,,11,OUOM,0,,
AWOR,PickRmrk,Pick Remarks,nVarChar,,127,,,,
AWOR,SysCloseDt,System Closing Date,Date,,8,,,,
AWOR,SysCloseTm,System Closing Time,Int,,6,,,,
AWOR,CloseVerNm,Closing Version Number,nVarChar,,11,,,,
