SAP_Table,Field,Description,Type,Constraints,Size,Related,Default,Primary_key,Unique
AWTS,Id,ID,Int,,11,,,PRIMARY,Yes
AWTS,Owner,Owner,nVarChar,,127,,,,
AWTS,OutputPar,Output Parameter,Text,,16,,,,
AWTS,EndTime,End Time,nVarChar,,50,,,,
AWTS,StartTime,Start Time,nVarChar,,50,,,,
AWTS,ProcDefId,Process Definition ID,nVarChar,,127,,,,
AWTS,Name,Name,nVarChar,,127,,,,
AWTS,ExeId,Execution ID,nVarChar,,127,,,,
AWTS,ProcInsId,Process Instance ID,nVarChar,,127,,,,
AWTS,Desc,Description,nVarChar,,127,,,,
AWTS,InputPar,Input Parameter,Text,,16,,,,
AWTS,DelReason,Delete Reason,nVarChar,,127,,,,
AWTS,Assignee,Assignee,nVarChar,,127,,,,
AWTS,LogInst,Log Instance,Int,,11,,,,
AWTS,LastUpdate,Last Update Date,nVarChar,,50,,,,
AWTS,Key,Task ID in XML,nVarChar,,127,,,,
