SAP_Table,Field,Description,Type,Constraints,Size,Related,Default,Primary_key,Unique
BGT1,BudgId,Budget Key,Int,,11,OBGT,,PRIMARY,Yes
BGT1,Line_ID,Row Number,Int,,11,,0,,
BGT1,DebLTotal,Monthly Budget - Deb.,Num,,20,,,,
BGT1,CredLTotal,Monthly Budget - Cr.,Num,,20,,,,
BGT1,DebSTotal,Monthly Budget - SC Deb.,Num,,20,,,,
BGT1,CredSTotal,Monthly Budget - SC Cr.,Num,,20,,,,
BGT1,DebRLTotal,Monthly Bal. - Deb.,Num,,20,,,,
BGT1,CrdRLTotal,Monthly Bal. - Cr.,Num,,20,,,,
BGT1,DebRSTotal,Monthly Bal. - SC Deb.,Num,,20,,,,
BGT1,CrdRSTotal,Monthly Bal. - SC Cred.,Num,,20,,,,
BGT1,FtrIDRLSum,Fut. Monthly Incomes SC Cr.,Num,,20,,,,
BGT1,FtrIDRSSum,Fut. Monthly Incomes SC Deb.,Num,,20,,,,
BGT1,FtrICRLSum,Fut. Incomes - Cr.,Num,,20,,,,
BGT1,FtrICRSSum,Fut. Incomes - Sys. Cr.,Num,,20,,,,
BGT1,FtrODRLSum,Fut. Expen - Local Deb.,Num,,20,,,,
BGT1,FtrODRSSum,Fut.Expen - SC Deb.,Num,,20,,,,
BGT1,FtrOCRLSum,Fut.Expen - Local Cr.,Num,,20,,,,
BGT1,FtrOCRSSum,Fut.Expen - Sys. Cr.,Num,,20,,,,
BGT1,MonthPrcnt,% of annual budget amount,Num,,20,,,,
BGT1,LineMemo,Row Details,nVarChar,,50,,,,
BGT1,Instance,Instance,Int,,11,OBGS,1,,
BGT1,AcctCode,Account Code,nVarChar,,15,,,,
BGT1,UserSign,User Signature,Int,,6,OUSR,,,
