SAP_Table,Field,Description,Type,Constraints,Size,Related,Default,Primary_key,Unique
BGT2,BudgId,Budget Key,Int,,11,OBGT,,PRIMARY,Yes
BGT2,OcrCode,Factor Code,nVarChar,,8,OOCR,,,
BGT2,DimCode,In Which Dimension,Int,,6,ODIM,,,
BGT2,Instance,Instance,Int,,11,OBGS,1,,
BGT2,DebLTotal,Tot. Annu. Budgt Debit (LC),Num,,20,,,,
BGT2,CredLTotal,Tot. Annu. Budgt Credit (LC),Num,,20,,,,
BGT2,DebSTotal,Tot. Annu. Budgt Debit (SC),Num,,20,,,,
BGT2,CredSTotal,Tot. Annu. Budgt Credit (SC),Num,,20,,,,
BGT2,UserSign,User Signature,Int,,6,OUSR,,,
