SAP_Table,Field,Description,Type,Constraints,Size,Related,Default,Primary_key,Unique
BGT3,BudgId,Budget Key,Int,,11,OBGT,,PRIMARY,Yes
BGT3,OcrCode,Factor Code,nVarChar,,8,OOCR,,,
BGT3,DimCode,In Which Dimension,Int,,6,ODIM,,,
BGT3,Instance,Instance,Int,,11,OBGS,1,,
BGT3,Line_ID,Row Number,Int,,11,,,,
BGT3,DebLTotal,Monthly Budget - Deb.,Num,,20,,,,
BGT3,CredLTotal,Monthly Budget - Cr.,Num,,20,,,,
BGT3,DebSTotal,Monthly Budget - SC Deb.,Num,,20,,,,
BGT3,CredSTotal,Monthly Budget - SC Cr.,Num,,20,,,,
BGT3,UserSign,User Signature,Int,,6,OUSR,,,
