SAP_Table,Field,Description,Type,Constraints,Size,Related,Default,Primary_key,Unique
BNK2,IdNumber,Bank Statement ID,Int,,11,,,PRIMARY,Yes
BNK2,BSLine,Bank Statement Line ID,Int,,11,,,,
BNK2,ListLineID,List Line ID,Int,,6,,,,
BNK2,DocID,Document Identifier,nVarChar,,27,,,,
BNK2,DocType,Document Type,Int,"15) Delivery
16) Returns
203) A/R Down Payment
13) A/R Invoice
14) A/R Credit Memo
132) Correction Invoice
20) Goods Receipt PO
21) Goods Returns
204) A/P Down Payment
18) A/P Invoice
19) A/P Credit Memo
24) Incoming Payment
25) Deposit
46) Payment Advice
57) Checks for Payment
76) Postdated Deposit
-2) Opening Balance
-3) Closing Balance
30) Journal Entry
58) Whse Reconciliation
59) Goods Receipt
60) Goods Issue
67) Inventory Transfers
-1) All transactions",6,,,,
BNK2,AmntLC,Applied Amount (LC),Num,,20,,,,
BNK2,AmntFC,Applied Amount (FC),Num,,20,,,,
BNK2,IsDebit,Debit [Yes/No],VarChar,"Y) Yes
N) No",1,,Y,,
BNK2,GLAct,G/L Account or BP Code,nVarChar,,15,OACT,,,
BNK2,PrftCenter,Distribution Rule,nVarChar,,8,OOCR,,,
BNK2,Project,Project,nVarChar,,20,OPRJ,,,
BNK2,VatCode,VAT Code,nVarChar,,8,OVTG,,,
BNK2,Selected,Selected,VarChar,"Y) Yes
N) No",1,,,,
BNK2,VatLC,VAT or Discount Amount (LC),Num,,20,,,,
BNK2,VatFC,VAT or Discount Amount (FC),Num,,20,,,,
BNK2,Installmnt,Installment,Int,,11,,,,
BNK2,InterimAct,Interim Account,nVarChar,,15,OACT,,,
BNK2,JdtLine,Journal Entry,Int,,11,OJDT,,,
BNK2,DocNum,Document Number,Int,,11,,,,
BNK2,PrftCent2,Distribution Rule2,nVarChar,,8,OOCR,,,
BNK2,PrftCent3,Distribution Rule3,nVarChar,,8,OOCR,,,
BNK2,PrftCent4,Distribution Rule4,nVarChar,,8,OOCR,,,
BNK2,PrftCent5,Distribution Rule5,nVarChar,,8,OOCR,,,
BNK2,MatchLog,Matching Criteria Log,nVarChar,,127,,,,
BNK2,DueBal,Balance Due,Num,,20,,,,
BNK2,DueBalFC,Balance Due (FC),Num,,20,,,,
BNK2,AmntSC,Applied Amount (SC),Num,,20,,,,
BNK2,BPLId,Branch ID,Int,,11,OBPL,,,
BNK2,BPLName,Branch Name,nVarChar,,100,,,,
