SAP_Table,Field,Description,Type,Constraints,Size,Related,Default,Primary_key,Unique
BOE1,BoeKey,SBO Internal Key,Int,,11,OBOE,,PRIMARY,Yes
BOE1,LineId,Row No.,Int,,11,,,,
BOE1,LineDitail,Row Details,nVarChar,,40,,,,
BOE1,LineMoney,Row Total,Num,,20,,,,
BOE1,LineCurr,Row Currency,nVarChar,,3,OCRN,,,
BOE1,LineAcct,Row Account,nVarChar,,15,,,,
BOE1,Line_A_C,BP/Account,VarChar,,1,,0,,
BOE1,Code,Tax Definition,nVarChar,,8,OVTG,,,
BOE1,CredAcct,Credited Account,nVarChar,,15,OACT,,,
BOE1,TotalLine,Row Total,Num,,20,,,,
BOE1,VatPercent,Tax %:,Num,,20,,,,
BOE1,UserSign,User Signature,Int,,11,OUSR,,,
BOE1,LogInstanc,Log Instance,Int,,11,,0,,
