SAP_Table,Field,Description,Type,Constraints,Size,Related,Default,Primary_key,Unique
BOT1,AbsEntry,Transaction No.,Int,,11,OBOT,,PRIMARY,Yes
BOT1,BOENumber,Bill of Exchange No.,Int,,11,,,,
BOT1,BoeType,Bill of Exchange Type,VarChar,"I) Incoming
O) Outgoing",1,,I,,
BOT1,DueDate,Bill of Exchange Due Date,Date,,8,,,,
BOT1,BPBankCtr,BP Bank Country,nVarChar,,3,OCRY,,,
BOT1,BPBankCod,BP Bank Code,nVarChar,,30,,,,
BOT1,BPBankAct,BP Bank Account,nVarChar,,50,,,,
BOT1,BPBankBrnc,BP Bank Branch,nVarChar,,50,,,,
BOT1,ExReconNum,Extra Reconciliation Number,Int,,11,,,,
BOT1,BOEAbs,Bill of Exchange Key,Int,,11,OBOE,,,
