SAP_Table,Field,Description,Type,Constraints,Size,Related,Default,Primary_key,Unique
BOX1,BoxCode,Group Code,nVarChar,,30,,,PRIMARY,Yes
BOX1,BoxMember,Box Code,nVarChar,,30,OBOX,,,
BOX1,VATMember,VAT Group,nVarChar,,8,OVTG,,,
BOX1,SeqNum,Sequence Number,Int,,11,,,,
BOX1,FormulSign,Formula Sign,VarChar,"P) +
M) -",1,,P,,
BOX1,ReportType,Report Type,VarChar,"B) Box Declaration
S) BAS Reporting",1,,B,,
BOX1,EffecDate,Effective From,Date,,8,,,,
BOX1,TaxType,Acquisition / Reverse Tax Type,VarChar,"I) Input Tax
O) Output Tax
B) Input Tax and Output Tax",1,,B,,
BOX1,BosCode,Box Set Code,Int,,11,OBOS,,,
