SAP_Table,Field,Description,Type,Constraints,Size,Related,Default,Primary_key,Unique
BPL2,BPLId,BPL ID,Int,,11,OBPL,,PRIMARY,Yes
BPL2,TributID,Tributary Info. ID,Int,,11,,,,
BPL2,TributType,Tributary Type,Int,,11,OBNI,-1,,
BPL2,TTStartDat,Tributary Type Start Date,Date,,8,,,,
BPL2,TTEndDate,Tributary Type End Date,Date,,8,,,,
BPL2,TribRegCod,Tributary Regime Code,Int,,11,OBNI,-1,,
BPL2,TRCStartD,Tributary Reg. Code Start Date,Date,,8,,,,
BPL2,TRCEndDate,Tributary Regime Code End Date,Date,,8,,,,
BPL2,LogInstanc,Log Instance,Int,,11,,0,,
BPL2,ObjType,Object Type,nVarChar,,20,ADP1,247,,
