SAP_Table,Field,Description,Type,Constraints,Size,Related,Default,Primary_key,Unique
BTC1,AbsEntry,Internal Number,Int,,11,,,PRIMARY,Yes
BTC1,LineId,Row,Int,,6,,,,
BTC1,GLAct,G/L Account,nVarChar,,15,OACT,,,
BTC1,Project,Project,nVarChar,,20,OPRJ,,,
BTC1,PrftCenter,Distribution Rule,nVarChar,,8,OOCR,,,
BTC1,VatCode,VAT Code,nVarChar,,8,OVTG,,,
BTC1,LogInstanc,Log Instance,Int,,11,,0,,
BTC1,PrftCent2,Distribution Rule2,nVarChar,,8,OOCR,,,
BTC1,PrftCent3,Distribution Rule3,nVarChar,,8,OOCR,,,
BTC1,PrftCent4,Distribution Rule4,nVarChar,,8,OOCR,,,
BTC1,PrftCent5,Distribution Rule5,nVarChar,,8,OOCR,,,
