SAP_Table,Field,Description,Type,Constraints,Size,Related,Default,Primary_key,Unique
BTF1,TransId,Transaction Key,Int,,11,OBTF,,,
BTF1,Line_ID,Row Number,Int,,11,,0,,
BTF1,Account,Account Code,nVarChar,,15,OACT,,,
BTF1,Debit,Debit Amount,Num,,20,,,,
BTF1,Credit,Credit Amount,Num,,20,,,,
BTF1,SYSCred,System Credit Amount,Num,,20,,,,
BTF1,SYSDeb,System Debit Amount,Num,,20,,,,
BTF1,FCDebit,FC Debit Amount,Num,,20,,,,
BTF1,FCCredit,FC Credit Amount,Num,,20,,,,
BTF1,FCCurrency,Foreign Currency,nVarChar,,3,,,CURRENCY,No
BTF1,DueDate,Due Date,Date,,8,,,,
BTF1,SourceID,Source Key,Int,,11,,,,
BTF1,SourceLine,Source Row Number,Int,,6,,,,
BTF1,ShortName,Card/Account Code,nVarChar,,15,,,INTRNMATCH,No
BTF1,IntrnMatch,Internal Reconciliation No.,Int,,11,,0,,
BTF1,ExtrMatch,External Reconciliation No.,Int,,11,,0,,
BTF1,ContraAct,Offset Account,nVarChar,,15,,,,
BTF1,LineMemo,Row Details,nVarChar,,50,,,,
BTF1,Ref3Line,Reference 3,nVarChar,,27,,,,
BTF1,TransType,Original Journal,nVarChar,-1),20,,-1,,
BTF1,RefDate,Posting Date,Date,,8,,,,
BTF1,Ref2Date,Posting Date 2,Date,,8,,,,
BTF1,Ref1,Reference 1,nVarChar,,100,,,,
BTF1,Ref2,Reference 2,nVarChar,,100,,,,
BTF1,CreatedBy,Origin,Int,,11,,,,
BTF1,BaseRef,Base Reference,nVarChar,,11,,,,
BTF1,Project,Project Code,nVarChar,,20,OPRJ,,,
BTF1,TransCode,Transaction Code,nVarChar,,4,OTRC,,,
BTF1,ProfitCode,Distribution Rule,nVarChar,,8,OOCR,,,
BTF1,TaxDate,Document Date,Date,,8,,,,
BTF1,SystemRate,System Price,Num,,20,,,,
BTF1,MthDate,Reconciliation Date,Date,,8,,,,
BTF1,ToMthSum,Reconciliation Total,Num,,20,,,,
BTF1,UserSign,User Signature,Int,,6,OUSR,,,
BTF1,BatchNum,Journal Voucher No.,Int,,11,OBTD,,BATCH_IDX,No
BTF1,FinncPriod,Posting Period,Int,,11,OFPR,,,
BTF1,RelTransId,Linked Transaction Key,Int,,11,,-1,,
BTF1,RelLineID,Linked Row No.,Int,,11,,-1,,
BTF1,RelType,Link Type,VarChar,"N) Without Link
D) WTax Deduction - Correction",1,,N,,
BTF1,LogInstanc,Log Instance,Int,,11,,0,,
BTF1,VatGroup,Tax Group,nVarChar,,8,OVTG,,,
BTF1,BaseSum,Base Amount,Num,,20,,,,
BTF1,VatRate,Tax %,Num,,20,,,,
BTF1,Indicator,Indicator Code,nVarChar,,2,OIDC,,,
BTF1,AdjTran,Adjusting Trans. (Period 13),VarChar,"Y) Yes
N) No",1,,N,,
BTF1,RevSource,Revaluation Source,VarChar,"F) FC
S) System
N) No",1,,N,,
BTF1,ObjType,Object Type,nVarChar,,20,ADP1,30,,
BTF1,VatDate,Document Date,Date,,8,,,,
BTF1,PaymentRef,Payment Reference,nVarChar,,27,,,,
BTF1,SYSBaseSum,System Base Amount,Num,,20,,,,
BTF1,MultMatch,Multiple BP Reconciliation No.,Int,,11,,0,,
BTF1,VatLine,VAT Row,VarChar,"Y) Yes
N) No",1,,N,,
BTF1,VatAmount,VAT Amount,Num,,20,,,,
BTF1,SYSVatSum,System VAT Amount,Num,,20,,,,
BTF1,Closed,Closed,VarChar,,1,,N,,
BTF1,GrossValue,Gross Value,Num,,20,,,,
BTF1,CheckAbs,Internal Check No.,Int,,11,,,,
BTF1,LineType,LineType,Int,,11,,0,,
BTF1,DebCred,Debit Credit Line Indicator,VarChar,"D) Debit
C) Credit",1,,,,
BTF1,SequenceNr,Assigned Sequence No.,Int,,11,,0,,
BTF1,StornoAcc,Storno Account Code,nVarChar,,15,OACT,,,
BTF1,BalDueDeb,Balance Due - Debit,Num,,20,,,,
BTF1,BalDueCred,Balance Due - Credit,Num,,20,,,,
BTF1,BalFcDeb,Balance Due FC - Debit,Num,,20,,,,
BTF1,BalFcCred,Balance Due FC - Credit,Num,,20,,,,
BTF1,BalScDeb,Balance Due SC - Debit,Num,,20,,,,
BTF1,BalScCred,Balance Due SC - Credit,Num,,20,,,,
BTF1,IsNet,Is Net,VarChar,"Y) Yes
N) No",1,,Y,,
BTF1,DunWizBlck,Wizard Dunning Block,VarChar,"N) No
Y) Yes",1,,N,,
BTF1,DunnLevel,Dunning Level,Int,,11,ODUN,0,,
BTF1,DunDate,Last Dunning Date,Date,,8,,,,
BTF1,TaxType,Tax Type,Int,,6,,0,,
BTF1,TaxPostAcc,Tax Posting Account,VarChar,"N)
R) Sales Tax Account
P) Purchasing Tax Account",1,,N,,
BTF1,StaCode,Authority Code,nVarChar,,8,OSTA,,,
BTF1,StaType,Authority Type,Int,,11,OSTT,,,
BTF1,TaxCode,Tax Code,nVarChar,,8,OSTC,,,
BTF1,ValidFrom,Valid From,Date,,8,,19000101,,
BTF1,GrossValFc,Gross Value (FC),Num,,20,,,,
BTF1,LvlUpdDate,Dunning Level Update Date,Date,,8,,,,
BTF1,OcrCode2,Costing Code 2,nVarChar,,8,OOCR,,,
BTF1,OcrCode3,Costing Code 3,nVarChar,,8,OOCR,,,
BTF1,OcrCode4,Costing Code 4,nVarChar,,8,OOCR,,,
BTF1,OcrCode5,Costing Code 5,nVarChar,,8,OOCR,,,
BTF1,MIEntry,MI Entry when include this OB,Int,,11,,0,,
BTF1,MIVEntry,A/P Monthly Invoice,Int,,11,,0,,
BTF1,ClsInTP,Tax Payment Wizard,Int,,11,,0,,
BTF1,CenVatCom,CENVAT Component,Int,,11,,-1,,
BTF1,MatType,Material Type,Int,,11,,-1,,
BTF1,PstngType,Posting Type,Int,,11,,0,,
BTF1,ValidFrom2,Valid from2,Date,,8,,19000101,,
BTF1,ValidFrom3,Valid from3,Date,,8,,19000101,,
BTF1,ValidFrom4,Valid from4,Date,,8,,19000101,,
BTF1,ValidFrom5,Valid from5,Date,,8,,19000101,,
BTF1,Location,Loc.,Int,,11,OLCT,,,
BTF1,WTaxCode,Withholding Tax Code,nVarChar,,4,OWHT,,,
BTF1,EquVatRate,Equalization Tax %,Num,,20,,,,
BTF1,EquVatSum,Equalization Tax Amount,Num,,20,,,,
BTF1,SYSEquSum,System Equalization Tax Amount,Num,,20,,,,
BTF1,TotalVat,Total Tax,Num,,20,,,,
BTF1,SYSTVat,System Total Tax,Num,,20,,,,
BTF1,WTLiable,WTax-Liable,VarChar,"Y) Yes
N) No",1,,N,,
BTF1,WTLine,WTax Row,VarChar,"Y) Yes
N) No",1,,N,,
BTF1,WTApplied,Applied WTax,Num,,20,,,,
BTF1,WTAppliedS,Applied WTax (SC),Num,,20,,,,
BTF1,WTAppliedF,Applied WTax (FC),Num,,20,,,,
BTF1,WTSum,WTax Amount,Num,,20,,,,
BTF1,WTSumFC,WTax Amount (FC),Num,,20,,,,
BTF1,WTSumSC,WTax Amount (SC),Num,,20,,,,
BTF1,PayBlock,Payment Block,VarChar,"Y) Yes
N) No",1,,N,,
BTF1,PayBlckRef,Payment Block Abs Entry,Int,,11,OPYB,,,
BTF1,LicTradNum,Federal Tax ID,nVarChar,,32,,,,
BTF1,InterimTyp,Interim Account Type,Int,,11,,0,,
BTF1,DprId,Down Payment Request Key,Int,,11,,,,
BTF1,MatchRef,Reconciliation Reference,nVarChar,,20,,,,
BTF1,Ordered,Payment Ordered,VarChar,"Y) Yes
N) No",1,,N,,
BTF1,CUP,Unique Code of Project,Int,,11,OCUP,,,
BTF1,CIG,Contract Code Identification,Int,,11,OCIG,,,
BTF1,BPLId,Branch,Int,,11,OBPL,,,
BTF1,BPLName,Branch Name,nVarChar,,100,,,,
BTF1,VatRegNum,VAT Reg. Number,nVarChar,,32,,,,
BTF1,SLEDGERF,Subledger Flag,VarChar,,1,,,,
BTF1,ExTransId,Exposed Transaction ID,Int,,11,,,,
BTF1,InitRef2,Initial Reference 2,nVarChar,,100,,,,
BTF1,InitRef3Ln,Initial Reference 3,nVarChar,,27,,,,
