SAP_Table,Field,Description,Type,Constraints,Size,Related,Default,Primary_key,Unique
CCFG,ConfigEntr,Internal Configuration ID,Int,,11,,,PRIMARY,Yes
CCFG,ConfigName,Configuration File Name,nVarChar,,127,,,,
CCFG,ConfigDate,Configuration File Create Date,Date,,8,,,,
CCFG,ConfigTime,Configuration File Create Time,Int,,6,,,,
CCFG,UserCode,Configuration Created By,Int,,11,,,,
CCFG,CreateBy,Created from Menu:,Int,"0
1) Configuration Management",11,,,,
CCFG,ServerName,Configuration Saved on Server:,nVarChar,,127,,,,
CCFG,CompanyDB,Company Database,nVarChar,,127,,,,
CCFG,Internal,Internal,VarChar,"N) No
Y) Yes",1,,N,,
