SAP_Table,Field,Description,Type,Constraints,Size,Related,Default,Primary_key,Unique
CCPD,PerAbs,Period Code,Int,,11,,,PRIMARY,Yes
CCPD,Line_ID,Row Number,Int,,11,,0,,
CCPD,ProfitAct,Account Code,nVarChar,,15,OACT,,,
CCPD,Ref1,Reference 1,nVarChar,,11,,,,
CCPD,Ref2,Reference 2,nVarChar,,11,,,,
CCPD,DueDate,Due Date,Date,,8,,,,
CCPD,RefDate,Posting Date,Date,,8,,,,
CCPD,TaxDate,Document Date,Date,,8,,,,
CCPD,Memo,Row Details,nVarChar,,50,,,,
CCPD,MarkLine,Select,VarChar,"Y) Yes
N) No",1,,N,,
CCPD,ActKeyLine,Account Code,nVarChar,,15,OACT,,,
CCPD,LocBalLine,Current Balance,Num,,20,,,,
CCPD,FcBalLine,Balance (Account Currency),Num,,20,,,,
CCPD,SysBalLine,Balance (SC),Num,,20,,,,
CCPD,ToPerAbs,To Period Code,Int,,11,,,,
CCPD,CtrlAct,Control Account,nVarChar,,15,OACT,,,
CCPD,PL_ACCOUNT,P/L Account,VarChar,"Y) Yes
N) No",1,,Y,,
CCPD,Ref1_l,Reference 1 for line,nVarChar,,100,,,,
CCPD,Ref2_l,Reference 2 for line,nVarChar,,100,,,,
CCPD,Ref3_l,Reference 3 for line,nVarChar,,27,,,,
