SAP_Table,Field,Description,Type,Constraints,Size,Related,Default,Primary_key,Unique
CCS1,WhsCode,Warehouse Code,nVarChar,,8,,,PRIMARY,Yes
CCS1,Entry,Entry,Int,,11,,,,
CCS1,CycleCode,Cycle Code,Int,,6,,,,
CCS1,Alert,Alert,VarChar,"Y) Yes
N) No",1,,N,,
CCS1,DestUser,Destination User,Int,,6,,,,
CCS1,NextDate,Next Counting Date,Date,,8,,,,
CCS1,Time,Time,Int,,6,,,,
CCS1,ExcldZrQty,Exclude Zero Quantity,VarChar,"Y) Yes
N) No",1,,Y,,
CCS1,Alerted,Alerted,VarChar,"N) No
Y) Yes",1,,N,,
CCS1,ChangExist,Change Existing Items in DI,VarChar,"N) No
Y) Yes",1,,N,,
