SAP_Table,Field,Description,Type,Constraints,Size,Related,Default,Primary_key,Unique
CHD1,CheckKey,SAP Business One Internal Key,Int,,11,OCHD,,PRIMARY,Yes
CHD1,LineId,Row No.,Int,,11,,,,
CHD1,LineDitail,Row Details,nVarChar,,40,,,,
CHD1,LineMoney,Row Total,Num,,20,,,,
CHD1,LineCurr,Row Currency,nVarChar,,3,,,,
CHD1,LineAcct,Row Account,nVarChar,,15,,,,
CHD1,Line_A_C,Business Partner or Account,VarChar,,1,,0,,
CHD1,Code,Tax Definition,nVarChar,,8,OVTG,,,
CHD1,CredAcct,Credited Account,nVarChar,,15,OACT,,,
CHD1,TotalLine,Row Total,Num,,20,,,,
CHD1,VatPercent,Tax %:,Num,,20,,,,
CHD1,UserSign,User Signature,Int,,6,OUSR,,,
CHD1,LogInstanc,Log Instance,Int,,11,,0,,
CHD1,ObjType,Object Type,nVarChar,,20,ADP1,123,,
CHD1,LineMnyLC,Row Total (LC),Num,,20,,,,
CHD1,LineMnySC,Row Total (SC),Num,,20,,,,
CHD1,LineMnyFC,Row Total (FC),Num,,20,,,,
CHD1,TotLineLC,Row Total (LC),Num,,20,,,,
CHD1,TotLineSC,Row Total (SC),Num,,20,,,,
CHD1,TotLineFC,Row Total (FC),Num,,20,,,,
