SAP_Table,Field,Description,Type,Constraints,Size,Related,Default,Primary_key,Unique
CHO1,CheckKey,SAP Business One Internal Key,Int,,11,OCHO,,PRIMARY,Yes
CHO1,LineId,Row Number,Int,,11,,,,
CHO1,LineDitail,Row Details,nVarChar,,40,,,,
CHO1,LineMoney,Row Total,Num,,20,,,,
CHO1,LineCurr,Row Currency,nVarChar,,3,,,,
CHO1,LineAcct,Row Account,nVarChar,,15,,,,
CHO1,Line_A_C,Business Partner or Account,VarChar,,1,,0,,
CHO1,Code,Tax Definition,nVarChar,,8,OVTG,,,
CHO1,CredAcct,Credited Account,nVarChar,,15,OACT,,,
CHO1,TotalLine,Row Total,Num,,20,,,,
CHO1,VatPercent,Tax %:,Num,,20,,,,
CHO1,UserSign,User Signature,Int,,6,OUSR,,,
CHO1,LogInstanc,Log Instance,Int,,11,,0,,
CHO1,ObjType,Object Type,nVarChar,,20,ADP1,57,,
CHO1,LineMnyLC,Row Total (LC),Num,,20,,,,
CHO1,LineMnySC,Row Total (SC),Num,,20,,,,
CHO1,LineMnyFC,Row Total (FC),Num,,20,,,,
CHO1,TotLineLC,Row Total (LC),Num,,20,,,,
CHO1,TotLineSC,Row Total (SC),Num,,20,,,,
CHO1,TotLineFC,Row Total (FC),Num,,20,,,,
