SAP_Table,Field,Description,Type,Constraints,Size,Related,Default,Primary_key,Unique
CIN18,DocEntry,Document Internal ID,Int,,11,OCIN,,PRIMARY,Yes
CIN18,LineNum,Row Number,Int,,11,,,,
CIN18,LogInstanc,Log Instance,Int,,11,,0,,
CIN18,ObjectType,Object Type,nVarChar,,20,ADP1,132,,
CIN18,ExpDocType,Exportation Document Type,Int,,11,OBNI,-1,,
CIN18,ExpDeclNum,Exportation Declaration Number,Int,,11,,,,
CIN18,ExpDeclDat,Exportation Declaration Date,Date,,8,,,,
CIN18,ExpNature,Exportation Nature,Int,,11,OBNI,-1,,
CIN18,ExpRegNum,Exportation Registry Number,Int,,11,,,,
CIN18,ExpRegDate,Exportation Registry Date,Date,,8,,,,
CIN18,LadBillNum,Bill of Lading Number,nVarChar,,19,,,,
CIN18,LadBillDat,Bill of Lading Date,Date,,8,,,,
CIN18,MerchLeftD,Date Merchandise Left Customs,Date,,8,,,,
CIN18,LadBillTyp,Bill of Lading Type,Int,,11,OBNI,-1,,
