SAP_Table,Field,Description,Type,Constraints,Size,Related,Default,Primary_key,Unique
CIN1,DocEntry,Document Internal ID,Int,,11,OCIN,,VIS_ORDER,No
CIN1,LineNum,Row Number,Int,,11,,,,
CIN1,TargetType,Target Document Type,Int,"-1)
0
14) A/R Credit Memo",11,,-1,,
CIN1,TrgetEntry,Target Document Internal ID,Int,,11,,,,
CIN1,BaseRef,Base Document Reference,nVarChar,,16,,,,
CIN1,BaseType,Base Document Type,Int,"-1)
0
23) Sales Quotation
17) Sales Order
16) A/R Returns",11,,-1,,
CIN1,BaseEntry,Base Document Internal ID,Int,,11,,,BASE_ENTRY,No
CIN1,BaseLine,Base Row,Int,,11,,,,
CIN1,LineStatus,Row Status,VarChar,"O) Open
C) Closed",1,,O,STATUS,No
CIN1,ItemCode,Item No.,nVarChar,,20,OITM,,ITM_WHS_OQ,No
CIN1,Dscription,Item/Service Description,nVarChar,,100,,,,
CIN1,Quantity,Quantity,Num,,20,,,,
CIN1,ShipDate,Row Delivery Date,Date,,8,,,,
CIN1,OpenQty,Remaining Open Quantity,Num,,20,,,,
CIN1,Price,Price,Num,,20,,,,
CIN1,Currency,Price Currency,nVarChar,,3,OCRN,,CURRENCY,No
CIN1,Rate,Currency Rate,Num,,20,,,,
CIN1,DiscPrcnt,Discount % per Row,Num,,20,,,,
CIN1,LineTotal,Row Total,Num,,20,,,,
CIN1,TotalFrgn,Row Total (FC),Num,,20,,,,
CIN1,OpenSum,Open Amount,Num,,20,,,,
CIN1,OpenSumFC,Open Amount in FC,Num,,20,,,,
CIN1,VendorNum,Vendor Catalog No.,nVarChar,,17,,,,
CIN1,SerialNum,Serial Number,nVarChar,,17,,,,
CIN1,WhsCode,Warehouse Code,nVarChar,,8,OWHS,,,
CIN1,SlpCode,Sales Employee Code,Int,,11,OSLP,-1,,
CIN1,Commission,Commission %,Num,,20,,,,
CIN1,TreeType,BOM Type,VarChar,"N) Not a BOM
A) Assembly
S) Sales
I) Sales BOM Component
P) Production
T) Template",1,,N,,
CIN1,AcctCode,Account Code,nVarChar,,15,OACT,,ACCOUNT,No
CIN1,TaxStatus,Tax Definition,VarChar,"Y) Yes
N) No",1,,,,
CIN1,GrossBuyPr,Base Price for Gross Profit,Num,,20,,,,
CIN1,PriceBefDi,Price Before Discount,Num,,20,,,,
CIN1,DocDate,Posting Date,Date,,8,,,,
CIN1,Flags,Flags,Int,,11,,0,,
CIN1,OpenCreQty,Credit Memo Amount,Num,,20,,,,
CIN1,UseBaseUn,Inventory UoM,VarChar,"Y) Yes
N) No",1,,N,,
CIN1,SubCatNum,Customer/Vendor Cat. No.,nVarChar,,20,OSCN,,,
CIN1,BaseCard,Base BP Code,nVarChar,,15,OCRD,,,
CIN1,TotalSumSy,Row Total (FC),Num,,20,,,,
CIN1,OpenSumSys,Open Amount (SC),Num,,20,,,,
CIN1,InvntSttus,Whse Status,VarChar,"O) Open
C) Closed",1,,O,,
CIN1,OcrCode,Costing Code,nVarChar,,8,OOCR,,,
CIN1,Project,Project Code,nVarChar,,20,OPRJ,,,
CIN1,CodeBars,EAN Code,nVarChar,,127,,,,
CIN1,VatPrcnt,Tax % per Row,Num,,20,,,,
CIN1,VatGroup,Tax Definition,nVarChar,,8,OVTG,,,
CIN1,PriceAfVAT,Price Including Tax,Num,,20,,,,
CIN1,Height1,Height 1,Num,,20,,,,
CIN1,Hght1Unit,Unit of Height 1,Int,,6,,,,
CIN1,Height2,Height 2,Num,,20,,,,
CIN1,Hght2Unit,Unit of Height 2,Int,,6,,,,
CIN1,Width1,Width 1,Num,,20,,,,
CIN1,Wdth1Unit,Unit of Width 1,Int,,6,,,,
CIN1,Width2,Width 2,Num,,20,,,,
CIN1,Wdth2Unit,Unit of Width 2,Int,,6,,,,
CIN1,Length1,Length 1,Num,,20,,,,
CIN1,Len1Unit,Unit of Length 1,Int,,6,,,,
CIN1,length2,Length 2,Num,,20,,,,
CIN1,Len2Unit,Unit of Length 2,Int,,6,,,,
CIN1,Volume,Quantity,Num,,20,,,,
CIN1,VolUnit,Volume UoM,Int,,6,,,,
CIN1,Weight1,Weight 1,Num,,20,,,,
CIN1,Wght1Unit,Unit of Weight 1,Int,,6,,,,
CIN1,Weight2,Weight 2,Num,,20,,,,
CIN1,Wght2Unit,Unit of Weight 2,Int,,6,,,,
CIN1,Factor1,Factor 1,Num,,20,,,,
CIN1,Factor2,Factor 2,Num,,20,,,,
CIN1,Factor3,Factor 3,Num,,20,,,,
CIN1,Factor4,Factor 4,Num,,20,,,,
CIN1,PackQty,Packing Quantity,Num,,20,,,,
CIN1,UpdInvntry,Whse Update,VarChar,"Y) Yes
N) No",1,,Y,,
CIN1,BaseDocNum,Base Document No.,Int,,11,,,,
CIN1,BaseAtCard,Customer/Vendor Base Document,nVarChar,,100,,,,
CIN1,SWW,Additional Identifier,nVarChar,,16,,,,
CIN1,VatSum,Tax Amount,Num,,20,,,,
CIN1,VatSumFrgn,Tax Amount (FC),Num,,20,,,,
CIN1,VatSumSy,Tax Amount (SC),Num,,20,,,,
CIN1,FinncPriod,Posting Period,Int,,11,OFPR,,,
CIN1,ObjType,Object Type,nVarChar,,20,ADP1,132,,
CIN1,LogInstanc,Log Instance,Int,,11,,0,,
CIN1,BlockNum,Block Number,nVarChar,,100,,,,
CIN1,ImportLog,Import Log,nVarChar,,20,,,,
CIN1,DedVatSum,Deductible Tax Amount,Num,,20,,,,
CIN1,DedVatSumF,Deductible Tax Amount (FC),Num,,20,,,,
CIN1,DedVatSumS,Deductible Tax Amount (SC),Num,,20,,,,
CIN1,IsAqcuistn,Acquisition Tax,VarChar,"Y) Yes
N) No",1,,N,,
CIN1,DistribSum,Distributed Amount,Num,,20,,,,
CIN1,DstrbSumFC,Distributed Amount (FC),Num,,20,,,,
CIN1,DstrbSumSC,Distributed Amount (SC),Num,,20,,,,
CIN1,GrssProfit,Row Gross Profit,Num,,20,,,,
CIN1,GrssProfSC,Row Gross Profit (SC),Num,,20,,,,
CIN1,GrssProfFC,Row Gross Profit (FC),Num,,20,,,,
CIN1,VisOrder,Visual Order,Int,,11,,,,
CIN1,INMPrice,Item's Last Sales Price (OINM),Num,,20,,,,
CIN1,PoTrgNum,PO Target No.,Int,,11,,,,
CIN1,PoTrgEntry,PO Target Internal ID,nVarChar,,11,,,,
CIN1,DropShip,Drop-Ship,VarChar,"Y) Yes
N) No",1,,N,,
CIN1,PoLineNum,PO Target Row No.,Int,,11,,,,
CIN1,Address,Address,nVarChar,,127,,,,
CIN1,TaxCode,Tax Code,nVarChar,,8,OSTC,,,
CIN1,TaxType,Tax Type,VarChar,"Y) Regular Tax
N) No Tax
U) Use Tax",1,,,,
CIN1,OrigItem,Original Item,nVarChar,,20,OITM,,,
CIN1,BackOrdr,Allow Back Order,VarChar,"Y) Yes
N) No",1,,,,
CIN1,FreeTxt,Free Text,nVarChar,,100,,,,
CIN1,PickStatus,Pick Status,VarChar,"Y) Picked
N) Not Picked
R) Released for Picking
P) Partially Picked",1,,N,,
CIN1,PickOty,Pick Quantity,Num,,20,,,,
CIN1,PickIdNo,Pick List ID Number,Int,,11,,,,
CIN1,TrnsCode,Shipping Method,Int,,6,OSHP,-1,,
CIN1,VatAppld,Applied Tax,Num,,20,,,,
CIN1,VatAppldFC,Applied Tax (FC),Num,,20,,,,
CIN1,VatAppldSC,Applied Tax (SC),Num,,20,,,,
CIN1,BaseQty,Base Quantity,Num,,20,,,,
CIN1,BaseOpnQty,Base Open Quantity,Num,,20,,,,
CIN1,VatDscntPr,Tax Discount %,Num,,20,,,,
CIN1,WtLiable,WT Liable,VarChar,"Y) Yes
N) No",1,,,,
CIN1,DeferrTax,Deferred Tax,VarChar,"Y) Yes
N) No",1,,N,,
CIN1,EquVatPer,Equalization Tax %,Num,,20,,,,
CIN1,EquVatSum,Total Equalization Tax,Num,,20,,,,
CIN1,EquVatSumF,Total Equalization Tax (FC),Num,,20,,,,
CIN1,EquVatSumS,Total Equalization Tax (SC),Num,,20,,,,
CIN1,LineVat,Net Tax Amount,Num,,20,,,,
CIN1,LineVatlF,Net Tax Amount,Num,,20,,,,
CIN1,LineVatS,Net Tax Amount,Num,,20,,,,
CIN1,unitMsr,Unit,nVarChar,,100,,,,
CIN1,NumPerMsr,UoM Value,Num,,20,,,,
CIN1,CEECFlag,Correction Invoice Item W/S,VarChar,"W) Was
S) Should be",1,,S,,
CIN1,ToStock,Corr. Invoice Amount to Stock,Num,,20,,,,
CIN1,ToDiff,Corr. Invoice Amount to Diff.,Num,,20,,,,
CIN1,ExciseAmt,Excise Amount,Num,,20,,,,
CIN1,TaxPerUnit,Tax per Unit,Num,,20,,,,
CIN1,TotInclTax,Total (incl. Tax),Num,,20,,,,
CIN1,CountryOrg,Country of Origin,nVarChar,,3,,,,
CIN1,StckDstSum,Stock Distribute Sum,Num,,20,,,,
CIN1,ReleasQtty,Released Quantity,Num,,20,,,,
CIN1,LineType,Line Type,VarChar,R) Regular,1,,R,,
CIN1,TranType,Transaction Type,VarChar,"C) Complete
R) Reject",1,,,,
CIN1,Text,Text,Text,,16,,,,
CIN1,OwnerCode,Document Owner,Int,,11,,,OWNER_CODE,No
CIN1,StockPrice,Stock Price,Num,,20,,,,
CIN1,ConsumeFCT,Consumer Sales Forecast,VarChar,"Y) Yes
N) No",1,,,,
CIN1,LstByDsSum,Last Buy Distribute Sum,Num,,20,,,,
CIN1,StckINMPr,Stock Inm Price,Num,,20,,,,
CIN1,LstBINMPr,Last Buy Inm Price,Num,,20,,,,
CIN1,StckDstFc,Stock Distribute Sum Foreign,Num,,20,,,,
CIN1,StckDstSc,Stock Distribute Sum System,Num,,20,,,,
CIN1,LstByDsFc,Last Buy Distribute Sum FC,Num,,20,,,,
CIN1,LstByDsSc,Last Buy Distribute Sum SC,Num,,20,,,,
CIN1,StockSum,Stock Sum,Num,,20,,,,
CIN1,StockSumFc,Stock Sum FC,Num,,20,,,,
CIN1,StockSumSc,Stock Sum SC,Num,,20,,,,
CIN1,StckSumApp,Stock Sum Applied,Num,,20,,,,
CIN1,StckAppFc,Stock Sum Applied FC,Num,,20,,,,
CIN1,StckAppSc,Stock Sum Applied SC,Num,,20,,,,
CIN1,ShipToCode,Ship-to Code,nVarChar,,50,,,,
CIN1,ShipToDesc,Ship-to Description,nVarChar,,127,,,,
CIN1,StckAppD,Stock Distribution Applied Sum,Num,,20,,,,
CIN1,StckAppDFC,Stock Distrib. Applied Sum FC,Num,,20,,,,
CIN1,StckAppDSC,Stock Distrib. Applied Sum SC,Num,,20,,,,
CIN1,BasePrice,Price for Total Calculation,VarChar,"E) Exclude Tax
I) Include Tax",1,,E,,
CIN1,GTotal,Gross Total,Num,,20,,,,
CIN1,GTotalFC,Gross Total (FC),Num,,20,,,,
CIN1,GTotalSC,Gross Total (SC),Num,,20,,,,
CIN1,DistribExp,Distribute Freight Charges,VarChar,"Y) Yes
N) No",1,,,,
CIN1,DescOW,DESC_OVERWRITTEN,VarChar,"Y) Yes
N) No",1,,N,,
CIN1,DetailsOW,DETAILS_OVERWRITTEN,VarChar,"Y) Yes
N) No",1,,N,,
CIN1,GrossBase,Base Method for Gross Profit,Int,,6,,,,
CIN1,VatWoDpm,Tax Before DPM Applied,Num,,20,,,,
CIN1,VatWoDpmFc,Tax Before DPM Applied FC,Num,,20,,,,
CIN1,VatWoDpmSc,Tax Before DPM Applied SC,Num,,20,,,,
CIN1,CFOPCode,CFOP Code for Document,nVarChar,,6,OCFP,,,
CIN1,CSTCode,CST Code for ICMS,nVarChar,,6,,,,
CIN1,Usage,Usage Code for Document,Int,,11,OUSG,,,
CIN1,TaxOnly,Tax Only,VarChar,"Y) Yes
N) No",1,,,,
CIN1,WtCalced,WTax Calculated,VarChar,"N) No
Y) Yes",1,,N,,
CIN1,QtyToShip,Quantity to Ship,Num,,20,,,,
CIN1,DelivrdQty,Delivered Quantity,Num,,20,,,,
CIN1,OrderedQty,Ordered Quantity,Num,,20,,,,
CIN1,CogsOcrCod,COGS Distribution Rule Code,nVarChar,,8,OOCR,,,
CIN1,CiOppLineN,Line Number of Opposite Line,Int,,11,,-1,,
CIN1,CogsAcct,COGS Account Code,nVarChar,,15,OACT,,,
CIN1,ChgAsmBoMW,Change Whs for Asm BoM Child,VarChar,"Y) Yes
N) No",1,,,,
CIN1,ActDelDate,Actual Delivery Date,Date,,8,,,,
CIN1,OcrCode2,Costing Code 2,nVarChar,,8,OOCR,,,
CIN1,OcrCode3,Costing Code 3,nVarChar,,8,OOCR,,,
CIN1,OcrCode4,Costing Code 4,nVarChar,,8,OOCR,,,
CIN1,OcrCode5,Costing Code 5,nVarChar,,8,OOCR,,,
CIN1,TaxDistSum,Tax Distributed Amount,Num,,20,,,,
CIN1,TaxDistSFC,Tax Distributed Amount (FC),Num,,20,,,,
CIN1,TaxDistSSC,Tax Distributed Amount (SC),Num,,20,,,,
CIN1,PostTax,Post Tax in Price to Stock,VarChar,"Y) Yes
N) No",1,,Y,,
CIN1,Excisable,Excisable [Yes/No],VarChar,"Y) Yes
N) No",1,,,,
CIN1,AssblValue,Assessable Value,Num,,20,,,,
CIN1,RG23APart1,RG23A Part1 Number,Int,,11,,,,
CIN1,RG23APart2,RG23A Part2 Number,Int,,11,,,,
CIN1,RG23CPart1,RG23C Part1 Number,Int,,11,,,,
CIN1,RG23CPart2,RG23C Part2 Number,Int,,11,,,,
CIN1,CogsOcrCo2,COGS Distribution Rule Code2,nVarChar,,8,OOCR,,,
CIN1,CogsOcrCo3,COGS Distribution Rule Code3,nVarChar,,8,OOCR,,,
CIN1,CogsOcrCo4,COGS Distribution Rule Code4,nVarChar,,8,OOCR,,,
CIN1,CogsOcrCo5,COGS Distribution Rule Code5,nVarChar,,8,OOCR,,,
CIN1,LnExcised,Line Excised,VarChar,"O) Open
C) Closed
P) Copied to OEI",1,,,,
CIN1,LocCode,Location Code,Int,,11,OLCT,,,
CIN1,StockValue,Total COGS Value,Num,,20,,,,
CIN1,GPTtlBasPr,Total Base Price for Profit,Num,,20,,,,
CIN1,unitMsr2,Pur/Sal UoM if BaseUnit,nVarChar,,100,,,,
CIN1,NumPerMsr2,Pur/Sal UoM Value if BaseUnit,Num,,20,,,,
CIN1,SpecPrice,Price Source Type,VarChar,"Y) Special Prices for Business Partner
N) Manual
W) Active Price List, Discount Groups
R) Active Price List
U) Inactive Price List
A) Blanket Agreement
P) Period and Volume Discounts
Q) Period and Volume Discounts, Discount Groups
V) Inactive Price List, Discount Groups
9) Special Prices for Business Partner
!) Blanket Agreement
0
1) Period and Volume Discounts, Discount Groups
2) Active Price List
7) Active Price List, Discount Groups
5) Inactive Price List
6) Inactive Price List, Discount Groups",1,,N,,
CIN1,CSTfIPI,CST for IPI Code,nVarChar,,2,,,,
CIN1,CSTfPIS,CST for PIS Code,nVarChar,,2,,,,
CIN1,CSTfCOFINS,CST for COFINS Code,nVarChar,,2,,,,
CIN1,ExLineNo,ExLineNo,nVarChar,,10,,,,
CIN1,isSrvCall,Created from Service Call,VarChar,"Y) Yes
N) No",1,,N,,
CIN1,PQTReqQty,Pur Quotation: Required Qty,Num,,20,,,,
CIN1,PQTReqDate,Pur Quotation: Required Date,Date,,8,,,,
CIN1,PcDocType,Purchase Confirmation Doc Type,Int,"-1) No Type
22) Purchase Order
540000006) Purchase Quotation",11,,-1,,
CIN1,PcQuantity,Purchase Confirmation Quantity,Num,,20,,,,
CIN1,LinManClsd,Line Was Closed Manually,VarChar,"Y) Yes
N) No
U) Unknown",1,,N,,
CIN1,VatGrpSrc,VAT Group Source,VarChar,"N) Not Defined
M) Manually Entered
D) Determined",1,,N,,
CIN1,NoInvtryMv,Without Inventory Movement,VarChar,"Y) Yes
N) No",1,,N,,
CIN1,ActBaseEnt,Actual Base Document Entry,Int,,11,,,,
CIN1,ActBaseLn,Actual Base Line Number,Int,,11,,,,
CIN1,ActBaseNum,Actual Base Document No.,Int,,11,,,,
CIN1,OpenRtnQty,Quantity Open for Return,Num,,20,,,,
CIN1,AgrNo,Agreement No.,Int,,11,OOAT,,,
CIN1,AgrLnNum,Agreement Row Number,Int,,11,,,,
CIN1,CredOrigin,Credit Origin,VarChar,,1,OBSI,,,
CIN1,Surpluses,Surpluses,Num,,20,,,,
CIN1,DefBreak,Defect and Breakup,Num,,20,,,,
CIN1,Shortages,Shortages,Num,,20,,,,
CIN1,UomEntry,UoM Entry,Int,,11,OUOM,0,,
CIN1,UomEntry2,UoM Entry if Base Unit,Int,,11,OUOM,0,,
CIN1,UomCode,UoM Code,nVarChar,,20,,,,
CIN1,UomCode2,UoM Code if Base Unit,nVarChar,,20,,,,
CIN1,FromWhsCod,From Warehouse Code,nVarChar,,8,OWHS,,,
CIN1,NeedQty,Consider Quantity of Items,VarChar,"Y) Yes
N) No",1,,N,,
CIN1,PartRetire,Partial Retirement,VarChar,"Y) Yes
N) No",1,,N,,
CIN1,RetireQty,Retirement Quantity,Num,,20,,,,
CIN1,RetireAPC,Retirement APC,Num,,20,,,,
CIN1,RetirAPCFC,Retirement APC FC,Num,,20,,,,
CIN1,RetirAPCSC,Retirement APC SC,Num,,20,,,,
CIN1,InvQty,Quantity - Inventory UoM,Num,,20,,,,
CIN1,OpenInvQty,Open Quantity (Inventory UoM),Num,,20,,,,
CIN1,EnSetCost,Enable Set Item Cost in Return,VarChar,"Y) Yes
N) No",1,,N,,
CIN1,RetCost,Return Cost in A/R Return,Num,,20,,,,
CIN1,Incoterms,Incoterms,Int,,11,ODCI,0,,
CIN1,TransMod,Transport Mode,Int,,11,ODCI,0,,
CIN1,LineVendor,Line Vendor Code,nVarChar,,15,OCRD,,,
CIN1,DistribIS,Distribute Intrastat Freight,VarChar,"Y) Yes
N) No",1,,N,,
CIN1,ISDistrb,Intrastat Distrib. Amount,Num,,20,,,,
CIN1,ISDistrbFC,Intrastat Distrib. Amount (FC),Num,,20,,,,
CIN1,ISDistrbSC,Intrastat Distrib. Amount (SC),Num,,20,,,,
CIN1,IsByPrdct,Item Is By-Product,VarChar,"N) No
Y) Yes",1,,N,,
CIN1,ItemType,Item Type,Int,4) Item,11,,4,,
CIN1,PriceEdit,Price Was Edited by User,VarChar,"N) No
Y) Yes",1,,N,,
CIN1,PrntLnNum,Parent Line Number,Int,,11,,,,
CIN1,LinePoPrss,Line PO Process,VarChar,"Y) Yes
N) No",1,,N,,
CIN1,FreeChrgBP,Free of Charge (BP),VarChar,"Y) Yes
N) No",1,,,,
CIN1,TaxRelev,Tax Relevant Row,VarChar,"Y) Yes
N) No",1,,Y,,
CIN1,LegalText,Legal Text,nVarChar,,127,,,,
CIN1,ThirdParty,Third Party,VarChar,"Y) Yes
N) No",1,,N,,
CIN1,LicTradNum,Federal Tax ID,nVarChar,,32,,,,
CIN1,InvQtyOnly,Change Qty (Inv. UoM) Only,VarChar,"Y) Yes
N) No",1,,N,,
CIN1,UnencReasn,Reason for Unencumbered ICMS,Int,,11,,,,
CIN1,ShipFromCo,Ship-From Code,nVarChar,,50,,,,
CIN1,ShipFromDe,Ship-From Description,nVarChar,,127,,,,
