SAP_Table,Field,Description,Type,Constraints,Size,Related,Default,Primary_key,Unique
CIN19,DocEntry,Internal Number,Int,,11,OCIN,,PRIMARY,Yes
CIN19,BinAllocSe,Bin Allocation Sequence,Int,,11,,,,
CIN19,LineNum,Line Number,Int,,11,,,,
CIN19,SubLineNum,Subline Number,Int,,11,,-1,,
CIN19,SnBType,SnB Type,Int,,11,,-1,,
CIN19,SnBMDAbs,SnB Master Data Internal No.,Int,,11,,-1,,
CIN19,BinAbs,Bin Internal Number,Int,,11,OBIN,,,
CIN19,Quantity,Quantity,Num,,20,,,,
CIN19,ItemCode,Item Code,nVarChar,,20,OITM,,,
CIN19,WhsCode,Warehouse Code,nVarChar,,8,OWHS,,,
CIN19,ObjType,Object Type,nVarChar,,20,ADP1,132,,
CIN19,LogInstanc,Log Instance,Int,,11,,0,,
CIN19,AllowNeg,Allow Negative Entry [Y/N],VarChar,"Y) Yes
N) No",1,,N,,
CIN19,BinActTyp,Bin Action Type,Int,"1) Transaction In
2) Transaction Out
4) SnB Complete
8) Bin First Then SnB",6,,,,
