SAP_Table,Field,Description,Type,Constraints,Size,Related,Default,Primary_key,Unique
CIN17,DocEntry,Internal Number,Int,,11,OCIN,,PRIMARY,Yes
CIN17,LineNum,Bin Allocation Sequence,Int,,11,,,,
CIN17,LogInstanc,Line Number,Int,,11,,0,,
CIN17,ObjectType,Subline Number,nVarChar,,20,ADP1,132,,
CIN17,ImpDocType,SnB Type,VarChar,,1,OBSI,,,
CIN17,ImpDocNum,SnB Master Data Internal Number,nVarChar,,10,,,,
CIN17,DateOfReg,Bin Internal Number,Date,,8,,,,
CIN17,CustClrDat,Quantity,Date,,8,,,,
CIN17,ConcActNum,Item Code,nVarChar,,30,,,,
CIN17,AdditNum,Warehouse Code,nVarChar,,30,,,,
CIN17,AddItmDV,Object Type,Num,,20,,,,
CIN17,tpVTransp,Overland Transport Route,Int,"1) Maritime
2) Waterway
3) Lakeside
4) Air
5) Post
6) Train
7) Road
8) Network Transmission
9) Own Means
10) Input/Output Fictitious",6,,,,
