SAP_Table,Field,Description,Type,Constraints,Size,Related,Default,Primary_key,Unique
CIN3,DocEntry,Document Internal ID,Int,,11,OCIN,,DOCUMENT,No
CIN3,ExpnsCode,Expense Code,Int,,11,OEXD,,,
CIN3,LineTotal,Total,Num,,20,,,,
CIN3,TotalFrgn,Total (FC),Num,,20,,,,
CIN3,TotalSumSy,Total (SC),Num,,20,,,,
CIN3,PaidToDate,Paid to Date,Num,,20,,,,
CIN3,PaidFC,Paid in FC,Num,,20,,,,
CIN3,PaidSys,Paid in SC,Num,,20,,,,
CIN3,Comments,Remarks,nVarChar,,100,,,,
CIN3,ObjType,Object Type,nVarChar,,20,ADP1,132,,
CIN3,LogInstanc,Log Instance,Int,,11,,0,,
CIN3,DistrbMthd,Distribution Method,VarChar,"N) None
Q) Quantity
V) Volume
W) Weight
E) Equally
T) Row Total",1,,,,
CIN3,TaxStatus,VAT Liable,VarChar,"Y) Yes
N) No",1,,Y,,
CIN3,VatGroup,VAT Group,nVarChar,,8,OVTG,,,
CIN3,VatPrcnt,Row VAT Percentage,Num,,20,,,,
CIN3,VatSum,Tax Amount,Num,,20,,,,
CIN3,VatSumFrgn,Tax Amount (FC),Num,,20,,,,
CIN3,VatSumSy,Tax Amount (SC),Num,,20,,,,
CIN3,DedVatSum,Deductible Tax Amount,Num,,20,,,,
CIN3,DedVatSumF,Deductible Tax Amount (FC),Num,,20,,,,
CIN3,DedVatSumS,Deductible Tax Amount (SC),Num,,20,,,,
CIN3,IsAcquistn,Aquisition Tax,VarChar,"Y) Yes
N) No",1,,N,,
CIN3,TaxCode,Tax Code,nVarChar,,8,OSTC,,,
CIN3,TaxType,Tax Type,VarChar,"Y) Regular Tax
N) No Tax
U) Use Tax",1,,Y,,
CIN3,WTLiable,WT Liable,VarChar,"Y) Yes
N) No",1,,,,
CIN3,VatApplied,Vat Applied,Num,,20,,,,
CIN3,VatAppldFC,Applied Tax (FC),Num,,20,,,,
CIN3,VatAppldSC,Applied Tax (SC),Num,,20,,,,
CIN3,EquVatPer,Equalization Tax %,Num,,20,,,,
CIN3,EquVatSum,Total Equalization Tax,Num,,20,,,,
CIN3,EquVatSumF,Total Equalization Tax (FC),Num,,20,,,,
CIN3,EquVatSumS,Total Equalization Tax (SC),Num,,20,,,,
CIN3,LineVat,Net Tax Amount,Num,,20,,,,
CIN3,LineVatF,Net Tax Amount (FC),Num,,20,,,,
CIN3,LineVatS,Net Tax Amount (SC),Num,,20,,,,
CIN3,BaseMethod,Base Method,VarChar,"N) None
Q) Quantity
V) Volume
W) Weight
T) Total
A) All",1,,,,
CIN3,Stock,Stock,VarChar,"Y) Yes
N) No",1,,,,
CIN3,LstPchPrce,Last Purchase Price,VarChar,"Y) Yes
N) No",1,,,,
CIN3,AnalysRpt,Analysis Report,VarChar,"Y) Yes
N) No",1,,N,,
CIN3,BaseAbsEnt,Base Abs Entry,Int,,11,,-1,,
CIN3,BaseType,Base Document Type,Int,"-1)
0
23) Sales Quotation
17) Sales Order
16) A/R Returns",11,,-1,,
CIN3,BaseRef,Base Document Reference,Int,,11,,,,
CIN3,BaseLnNum,Base Document Line No.,Int,,11,,,,
CIN3,LineNum,line num,Int,,11,,-1,,
CIN3,Status,Status,VarChar,"O) Open
C) Closed",1,,O,,
CIN3,TrgType,Target Type,Int,,11,,,,
CIN3,TrgAbsEnt,Target Abs. Entry,Int,,11,,-1,,
CIN3,StDstr,Stock Distributed Sum,Num,,20,,,,
CIN3,StDstrSC,Stock Distributed Sum (SC),Num,,20,,,,
CIN3,StDstrFC,Stock Distributed Sum (FC),Num,,20,,,,
CIN3,FixCurr,Fixation Currency,nVarChar,,3,OCRN,,,
CIN3,VatDscntPr,Tax Discount %,Num,,20,,,,
CIN3,OcrCode,Distribution Rule,nVarChar,,8,OOCR,,,
CIN3,TaxDistMtd,Tax Distribution Method,VarChar,"N) None
Q) Quantity
V) Volume
W) Weight
E) Equally
T) Row Total",1,,,,
CIN3,OcrCode2,Distribution Rule2,nVarChar,,8,OOCR,,,
CIN3,OcrCode3,Distribution Rule3,nVarChar,,8,OOCR,,,
CIN3,OcrCode4,Distribution Rule4,nVarChar,,8,OOCR,,,
CIN3,OcrCode5,Distribution Rule5,nVarChar,,8,OOCR,,,
CIN3,Project,Project Code,nVarChar,,20,OPRJ,,,
CIN3,VatGrpSrc,VAT Group Source,VarChar,"N) Not Defined
M) Manually Entered
D) Determined",1,,N,,
CIN3,DrawnTotal,Drawn Total,Num,,20,,,,
CIN3,DrawnFC,Drawn Total (FC),Num,,20,,,,
CIN3,DrawnSC,Drawn Total (SC),Num,,20,,,,
