SAP_Table,Field,Description,Type,Constraints,Size,Related,Default,Primary_key,Unique
CIN4,DocEntry,Document Internal ID,Int,,11,OCIN,,SCONDARY,No
CIN4,LineNum,Row Number,Int,,11,,-1,,
CIN4,GroupNum,Group Number,Int,,11,,-1,,
CIN4,ExpnsCode,Expense Code,Int,,11,OEXD,-1,,
CIN4,RelateType,Relation Type,Int,"1) Row
2) Row Freight Charges
3) Document Expenses
13) Distributed Freights",11,,1,,
CIN4,StcCode,Tax Code,nVarChar,,8,OSTC,,,
CIN4,StaCode,Authority Code,nVarChar,,8,OSTA,,,
CIN4,staType,Authority Type,Int,,11,OSTT,,,
CIN4,TaxRate,Tax Rate,Num,,20,,,,
CIN4,TaxAcct,Tax Account,nVarChar,,15,OACT,,,
CIN4,TaxSum,Tax Amount,Num,,20,,,,
CIN4,TaxSumFrgn,Tax Amount (FC),Num,,20,,,,
CIN4,TaxSumSys,Tax Amount (SC),Num,,20,,,,
CIN4,BaseSum,Base Amount,Num,,20,,,,
CIN4,BaseSumFrg,Base Amount (FC),Num,,20,,,,
CIN4,BaseSumSys,Base Amount (SC),Num,,20,,,,
CIN4,ObjectType,Object Type,nVarChar,,20,ADP1,132,,
CIN4,LogInstanc,Log Instance,Int,,11,,0,,
CIN4,TaxStatus,Tax Status,VarChar,"Y) Regular Tax
N) No Tax
U) Use Tax",1,,Y,,
CIN4,VatApplied,VAT Applied,Num,,20,,,,
CIN4,VatAppldFC,Applied Tax (FC),Num,,20,,,,
CIN4,VatAppldSC,Applied Tax (SC),Num,,20,,,,
CIN4,LineSeq,Line Sequence,Int,,11,,,,
CIN4,DeferrAcct,Deferred Tax Account,nVarChar,,15,OACT,,,
CIN4,BaseType,Base Document Type,Int,,11,,-1,,
CIN4,BaseAbs,Base Doc Abs Entry,Int,,11,,-1,,
CIN4,BaseSeq,Base Doc. Line Sequence,Int,,11,,,,
CIN4,DeductTax,Deductible Tax Amount,Num,,20,,,,
CIN4,DdctTaxFrg,Deductible Tax Amount (FC),Num,,20,,,,
CIN4,DdctTaxSys,Deductible Tax Amount (SC),Num,,20,,,,
CIN4,BaseAppld,Applied Base Amount,Num,,20,,,,
CIN4,BaseApldFC,Applied Base Amount (FC),Num,,20,,,,
CIN4,BaseApldSC,Applied Base Amount (SC),Num,,20,,,,
CIN4,NonDdctPrc,Non Deductible %,Num,,20,,,,
CIN4,NonDdctAct,Non Deductible Account,nVarChar,,15,OACT,,,
CIN4,TaxInPrice,Tax Included in Price?,VarChar,"Y) Yes
N) No",1,,N,,
CIN4,Exempt,Exempt?,VarChar,"Y) Yes
N) No",1,,N,,
CIN4,TaxExpAct,Expense Account for Tax,nVarChar,,15,OACT,,,
CIN4,OnHoldTax,On Hold Tax Amount,Num,,20,,,,
CIN4,OnHoldTaxF,On Hold Tax Amount (FC),Num,,20,,,,
CIN4,OnHoldTaxS,On Hold Tax Amount (SC),Num,,20,,,,
CIN4,InGrossRev,Included in Gross Revenue,VarChar,"Y) Yes
N) No",1,,N,,
CIN4,TaxSumOrg,Tax Amount Original,Num,,20,,,,
CIN4,TaxSumOrgF,Tax Amount Original (FC),Num,,20,,,,
CIN4,TaxSumOrgS,Tax Amount Original (SC),Num,,20,,,,
CIN4,OpenTax,Open Service Tax,Num,,20,,,,
CIN4,OpenTaxFC,Open Service Tax (FC),Num,,20,,,,
CIN4,OpenTaxSC,Open Service Tax (SC),Num,,20,,,,
CIN4,Unencumbrd,Unencumbered,VarChar,"Y) Yes
N) No",1,,N,,
