SAP_Table,Field,Description,Type,Constraints,Size,Related,Default,Primary_key,Unique
CPI14,DocEntry,Document Internal ID,Int,,11,OCPI,,PRIMARY,Yes
CPI14,LineNum,Row Number,Int,,11,,-1,,
CPI14,ChildNum,Child Number,Int,,11,,-1,,
CPI14,ItemCode,Item no.,nVarChar,,20,OITM,,,
CPI14,WhsCode,Warehouse Code,nVarChar,,8,OWHS,,,
CPI14,Quantity,Quantity,Num,,20,,,,
CPI14,TotalQty,Total Quantity,Num,,20,,,,
CPI14,OpenQty,Remaining Open Quantity,Num,,20,,,,
CPI14,ObjectType,object type,nVarChar,,20,ADP1,163,,
CPI14,LogInstanc,Log Instance,Int,,11,,0,,
CPI14,BaseChildN,Base Child Number,Int,,11,,-1,,
