SAP_Table,Field,Description,Type,Constraints,Size,Related,Default,Primary_key,Unique
CPI16,AbsEntry,abs entry,Int,,11,OCPI,,PRIMARY,Yes
CPI16,LineNum,Line Number,Int,,11,,,,
CPI16,SnBIndex,SnB Index,Int,,11,,,,
CPI16,ItemCode,Item Code,nVarChar,,20,OITM,,,
CPI16,WhsCode,Warehouse,nVarChar,,8,OWHS,,,
CPI16,ObjId,Object id,Int,,11,,,,
CPI16,ObjAbs,Object Abs,Int,,11,,,,
CPI16,DrfWObjAbs,draft Wobj Abs,Int,,11,,-1,,
CPI16,Quantity,Qtty,Num,,20,,,,
CPI16,SubLineNum,Subrow Number,Int,,11,,-1,,
CPI16,ObjType,Object Type,nVarChar,,20,,163,,
CPI16,LogInstanc,Log Instance,Int,,11,,,,
