SAP_Table,Field,Description,Type,Constraints,Size,Related,Default,Primary_key,Unique
CPI1,DocEntry,Document Internal ID,Int,,11,OCPI,,VIS_ORDER,No
CPI1,LineNum,Row Number,Int,,11,,,,
CPI1,TargetType,Target Document Type,Int,"-1)
0
20) Goods Receipt PO
163) A/P Correction Invoice
164) A/P Correction Invoice Reversal",11,,-1,,
CPI1,TrgetEntry,Target Document Internal ID,Int,,11,,,,
CPI1,BaseRef,Base Document Reference,nVarChar,,16,,,,
CPI1,BaseType,Base Document Type,Int,"-1)
0
18) A/P Invoice
163) A/P Correction Invoice",11,,-1,,
CPI1,BaseEntry,Base Document Internal ID,Int,,11,,,BASE_ENTRY,No
CPI1,BaseLine,Base Row,Int,,11,,,,
CPI1,LineStatus,Row Status,VarChar,"O) Open
C) Closed",1,,O,STATUS,No
CPI1,ItemCode,Item No.,nVarChar,,20,OITM,,ITM_WHS_OQ,No
CPI1,Dscription,Item/Service Description,nVarChar,,100,,,,
CPI1,Quantity,Quantity,Num,,20,,,,
CPI1,ShipDate,Row Delivery Date,Date,,8,,,,
CPI1,OpenQty,Remaining Open Quantity,Num,,20,,,,
CPI1,Price,Price,Num,,20,,,,
CPI1,Currency,Price Currency,nVarChar,,3,OCRN,,CURRENCY,No
CPI1,Rate,Currency Rate,Num,,20,,,,
CPI1,DiscPrcnt,Discount % per Row,Num,,20,,,,
CPI1,LineTotal,Row Total,Num,,20,,,,
CPI1,TotalFrgn,Row Total (FC),Num,,20,,,,
CPI1,OpenSum,Open Amount,Num,,20,,,,
CPI1,OpenSumFC,Open Amount (FC),Num,,20,,,,
CPI1,VendorNum,Vendor Catalog No.,nVarChar,,17,,,,
CPI1,SerialNum,Serial Number,nVarChar,,17,,,,
CPI1,WhsCode,Warehouse Code,nVarChar,,8,OWHS,,,
CPI1,SlpCode,Sales Employee Code,Int,,11,OSLP,-1,,
CPI1,Commission,Commission Percentage,Num,,20,,,,
CPI1,TreeType,BOM Type,VarChar,"N) Not a BOM
A) Assembly
S) Sales
I) Sales BOM Component
P) Production
T) Template",1,,N,,
CPI1,AcctCode,Account Code,nVarChar,,15,OACT,,ACCOUNT,No
CPI1,TaxStatus,Tax Definition,VarChar,"Y) Yes
N) No",1,,,,
CPI1,GrossBuyPr,Base Price for Gross Profit,Num,,20,,,,
CPI1,PriceBefDi,Unit Price,Num,,20,,,,
CPI1,DocDate,Posting Date,Date,,8,,,,
CPI1,Flags,Flags,Int,,11,,0,,
CPI1,OpenCreQty,Credit Memo Amount,Num,,20,,,,
CPI1,UseBaseUn,Inventory UoM,VarChar,"Y) Yes
N) No",1,,N,,
CPI1,SubCatNum,Customer/Vendor Cat. No.,nVarChar,,20,OSCN,,,
CPI1,BaseCard,Base BP Code,nVarChar,,15,OCRD,,,
CPI1,TotalSumSy,Row Total (SC),Num,,20,,,,
CPI1,OpenSumSys,Open Amount (SC),Num,,20,,,,
CPI1,InvntSttus,Inventory Direction,VarChar,"O) Open
C) Closed",1,,O,,
CPI1,OcrCode,Distribution Rule,nVarChar,,8,OOCR,,,
CPI1,Project,Project Code,nVarChar,,20,OPRJ,,,
CPI1,CodeBars,Bar Code,nVarChar,,127,,,,
CPI1,VatPrcnt,Tax Rate per Row,Num,,20,,,,
CPI1,VatGroup,Tax Definition,nVarChar,,8,OVTG,,,
CPI1,PriceAfVAT,Gross Price,Num,,20,,,,
CPI1,Height1,Height 1,Num,,20,,,,
CPI1,Hght1Unit,Unit of Height 1,Int,,6,,,,
CPI1,Height2,Height 2,Num,,20,,,,
CPI1,Hght2Unit,Unit of Height 2,Int,,6,,,,
CPI1,Width1,Width 1,Num,,20,,,,
CPI1,Wdth1Unit,Unit of Width 1,Int,,6,,,,
CPI1,Width2,Width 2,Num,,20,,,,
CPI1,Wdth2Unit,Unit of Width 2,Int,,6,,,,
CPI1,Length1,Length 1,Num,,20,,,,
CPI1,Len1Unit,Unit of Length 1,Int,,6,,,,
CPI1,length2,Length 2,Num,,20,,,,
CPI1,Len2Unit,Unit of Length 2,Int,,6,,,,
CPI1,Volume,Quantity,Num,,20,,,,
CPI1,VolUnit,Volume UoM,Int,,6,,,,
CPI1,Weight1,Weight 1,Num,,20,,,,
CPI1,Wght1Unit,Unit of Weight 1,Int,,6,,,,
CPI1,Weight2,Weight 2,Num,,20,,,,
CPI1,Wght2Unit,Unit of Weight 2,Int,,6,,,,
CPI1,Factor1,Factor 1,Num,,20,,,,
CPI1,Factor2,Factor 2,Num,,20,,,,
CPI1,Factor3,Factor 3,Num,,20,,,,
CPI1,Factor4,Factor 4,Num,,20,,,,
CPI1,PackQty,Packing Quantity,Num,,20,,,,
CPI1,UpdInvntry,Inventory Update,VarChar,"Y) Yes
N) No",1,,Y,,
CPI1,BaseDocNum,Base Document No.,Int,,11,,,,
CPI1,BaseAtCard,Customer/Vendor Base Document,nVarChar,,100,,,,
CPI1,SWW,Additional Identifier,nVarChar,,16,,,,
CPI1,VatSum,Total Tax,Num,,20,,,,
CPI1,VatSumFrgn,Tax Amount (FC),Num,,20,,,,
CPI1,VatSumSy,Tax Amount (SC),Num,,20,,,,
CPI1,FinncPriod,Posting Period,Int,,11,OFPR,,,
CPI1,ObjType,Object Type,nVarChar,,20,ADP1,163,,
CPI1,LogInstanc,Log Instance,Int,,11,,0,,
CPI1,BlockNum,Block Number,nVarChar,,100,,,,
CPI1,ImportLog,Import Log,nVarChar,,20,,,,
CPI1,DedVatSum,Deductible Tax Amount,Num,,20,,,,
CPI1,DedVatSumF,Deductible Tax Amount (FC),Num,,20,,,,
CPI1,DedVatSumS,Deductible Tax Amount (SC),Num,,20,,,,
CPI1,IsAqcuistn,Acquisition Tax,VarChar,"Y) Yes
N) No",1,,N,,
CPI1,DistribSum,Distributed Amount,Num,,20,,,,
CPI1,DstrbSumFC,Distributed Amount (FC),Num,,20,,,,
CPI1,DstrbSumSC,Distributed Amount (SC),Num,,20,,,,
CPI1,GrssProfit,Row Gross Profit,Num,,20,,,,
CPI1,GrssProfSC,Row Gross Profit (SC),Num,,20,,,,
CPI1,GrssProfFC,Row Gross Profit (FC),Num,,20,,,,
CPI1,VisOrder,Visual Order,Int,,11,,,,
CPI1,INMPrice,Item's Last Sales Price (OINM),Num,,20,,,,
CPI1,PoTrgNum,PO Target No.,Int,,11,,,,
CPI1,PoTrgEntry,PO Target Internal ID,nVarChar,,11,,,,
CPI1,DropShip,Drop-Ship,VarChar,"Y) Yes
N) No",1,,N,,
CPI1,PoLineNum,PO Target Row No.,Int,,11,,,,
CPI1,Address,Address,nVarChar,,127,,,,
CPI1,TaxCode,Tax Code,nVarChar,,8,OSTC,,,
CPI1,TaxType,Tax Type,VarChar,"Y) Regular Tax
N) No Tax
U) Use Tax",1,,,,
CPI1,OrigItem,Original Item,nVarChar,,20,OITM,,,
CPI1,BackOrdr,Allow Backorder,VarChar,"Y) Yes
N) No",1,,,,
CPI1,FreeTxt,Free Text,nVarChar,,100,,,,
CPI1,PickStatus,Pick Status,VarChar,"Y) Picked
N) Not Picked
R) Released for Picking
P) Partially Picked",1,,N,,
CPI1,PickOty,Pick Quantity,Num,,20,,,,
CPI1,PickIdNo,Pick List ID Number,Int,,11,,,,
CPI1,TrnsCode,Shipping Method,Int,,6,OSHP,-1,,
CPI1,VatAppld,Applied Tax,Num,,20,,,,
CPI1,VatAppldFC,Applied Tax (FC),Num,,20,,,,
CPI1,VatAppldSC,Applied Tax (SC),Num,,20,,,,
CPI1,BaseQty,Base Quantity,Num,,20,,,,
CPI1,BaseOpnQty,Base Open Quantity,Num,,20,,,,
CPI1,VatDscntPr,Tax Discount %,Num,,20,,,,
CPI1,WtLiable,Withholding Tax Liable,VarChar,"Y) Yes
N) No",1,,,,
CPI1,DeferrTax,Deferred Tax,VarChar,"Y) Yes
N) No",1,,N,,
CPI1,EquVatPer,Equalization Tax %,Num,,20,,,,
CPI1,EquVatSum,Total Equalization Tax,Num,,20,,,,
CPI1,EquVatSumF,Total Equalization Tax (FC),Num,,20,,,,
CPI1,EquVatSumS,Total Equalization Tax (SC),Num,,20,,,,
CPI1,LineVat,Net Tax Amount,Num,,20,,,,
CPI1,LineVatlF,Net Tax Amount,Num,,20,,,,
CPI1,LineVatS,Net Tax Amount,Num,,20,,,,
CPI1,unitMsr,Unit,nVarChar,,100,,,,
CPI1,NumPerMsr,UoM Value,Num,,20,,,,
CPI1,CEECFlag,Correction Invoice Was/Should Be,VarChar,"W) Was
S) Should be",1,,S,,
CPI1,ToStock,Corr. Invoice Amt to Inventory,Num,,20,,,,
CPI1,ToDiff,Corr. Invoice Amount to Diff.,Num,,20,,,,
CPI1,ExciseAmt,Excise Amount,Num,,20,,,,
CPI1,TaxPerUnit,Tax per Unit,Num,,20,,,,
CPI1,TotInclTax,Total Including Tax,Num,,20,,,,
CPI1,CountryOrg,Country of Origin,nVarChar,,3,,,,
CPI1,StckDstSum,Stock Distribution Sum,Num,,20,,,,
CPI1,ReleasQtty,Released Quantity,Num,,20,,,,
CPI1,LineType,Row Type,VarChar,R) Regular,1,,R,,
CPI1,TranType,Transaction Type,VarChar,"C) Complete
R) Reject",1,,,,
CPI1,Text,Text,Text,,16,,,,
CPI1,OwnerCode,Document Owner,Int,,11,,,OWNER_CODE,No
CPI1,StockPrice,Inventory Price,Num,,20,,,,
CPI1,ConsumeFCT,Consumer Sales Forecast,VarChar,"Y) Yes
N) No",1,,,,
CPI1,LstByDsSum,Last Buy Distribute Sum,Num,,20,,,,
CPI1,StckINMPr,Stock Inm Price,Num,,20,,,,
CPI1,LstBINMPr,Last Buy Inventory Journal Pr.,Num,,20,,,,
CPI1,StckDstFc,Stock Distributed Sum (FC),Num,,20,,,,
CPI1,StckDstSc,Stock Distributed Sum (SC),Num,,20,,,,
CPI1,LstByDsFc,Last Buy Distribute Sum (FC),Num,,20,,,,
CPI1,LstByDsSc,Last Buy Distribute Sum (SC),Num,,20,,,,
CPI1,StockSum,Stock Sum,Num,,20,,,,
CPI1,StockSumFc,Stock Sum FC,Num,,20,,,,
CPI1,StockSumSc,Stock Sum SC,Num,,20,,,,
CPI1,StckSumApp,Stock Sum Applied,Num,,20,,,,
CPI1,StckAppFc,Stock Sum Applied FC,Num,,20,,,,
CPI1,StckAppSc,Stock Sum Applied SC,Num,,20,,,,
CPI1,ShipToCode,Ship-to Code,nVarChar,,50,,,,
CPI1,ShipToDesc,Ship-to Description,nVarChar,,127,,,,
CPI1,StckAppD,Stock Distrib. - Applied Sum,Num,,20,,,,
CPI1,StckAppDFC,Stock Dist. - Applied Sum (FC),Num,,20,,,,
CPI1,StckAppDSC,Stock Dist. - Applied Sum (SC),Num,,20,,,,
CPI1,BasePrice,Price for Total Calculation,VarChar,"E) Exclude Tax
I) Include Tax",1,,E,,
CPI1,GTotal,Gross Total,Num,,20,,,,
CPI1,GTotalFC,Gross Total (FC),Num,,20,,,,
CPI1,GTotalSC,Gross Total (SC),Num,,20,,,,
CPI1,DistribExp,Distribute Freight Charges,VarChar,"Y) Yes
N) No",1,,,,
CPI1,DescOW,Description Overwritten,VarChar,"Y) Yes
N) No",1,,N,,
CPI1,DetailsOW,Details Overwritten,VarChar,"Y) Yes
N) No",1,,N,,
CPI1,GrossBase,Base Method for Gross Profit,Int,,6,,,,
CPI1,VatWoDpm,Tax Before DPM Applied,Num,,20,,,,
CPI1,VatWoDpmFc,Tax Before DPM Applied (FC),Num,,20,,,,
CPI1,VatWoDpmSc,Tax Before DPM Applied (SC),Num,,20,,,,
CPI1,CFOPCode,CFOP Code for Document,nVarChar,,6,OCFP,,,
CPI1,CSTCode,CST Code for ICMS,nVarChar,,6,,,,
CPI1,Usage,Usage Code for Document,Int,,11,OUSG,,,
CPI1,TaxOnly,Tax Only,VarChar,"Y) Yes
N) No",1,,,,
CPI1,WtCalced,Withholding Tax Calculated,VarChar,"N) No
Y) Yes",1,,N,,
CPI1,QtyToShip,Quantity to Ship,Num,,20,,,,
CPI1,DelivrdQty,Delivered Quantity,Num,,20,,,,
CPI1,OrderedQty,Ordered Quantity,Num,,20,,,,
CPI1,CogsOcrCod,COGS Distribution Rule Code,nVarChar,,8,OOCR,,,
CPI1,CiOppLineN,Line Number of Opposite Line,Int,,11,,-1,,
CPI1,CogsAcct,COGS Account Code,nVarChar,,15,OACT,,,
CPI1,ChgAsmBoMW,Change Whs for Asm BoM Child,VarChar,"Y) Yes
N) No",1,,,,
CPI1,ActDelDate,Actual Delivery Date,Date,,8,,,,
CPI1,OcrCode2,Costing Code 2,nVarChar,,8,OOCR,,,
CPI1,OcrCode3,Costing Code 3,nVarChar,,8,OOCR,,,
CPI1,OcrCode4,Costing Code 4,nVarChar,,8,OOCR,,,
CPI1,OcrCode5,Costing Code 5,nVarChar,,8,OOCR,,,
CPI1,TaxDistSum,Tax Distributed Amount,Num,,20,,,,
CPI1,TaxDistSFC,Tax Distributed Amount (FC),Num,,20,,,,
CPI1,TaxDistSSC,Tax Distributed Amount (SC),Num,,20,,,,
CPI1,PostTax,Post Tax in Price to Stock,VarChar,"Y) Yes
N) No",1,,Y,,
CPI1,Excisable,Excisable [Yes/No],VarChar,"Y) Yes
N) No",1,,,,
CPI1,AssblValue,Assessable Value,Num,,20,,,,
CPI1,RG23APart1,RG23A Part1 Number,Int,,11,,,,
CPI1,RG23APart2,RG23A Part2 Number,Int,,11,,,,
CPI1,RG23CPart1,RG23C Part1 Number,Int,,11,,,,
CPI1,RG23CPart2,RG23C Part2 Number,Int,,11,,,,
CPI1,CogsOcrCo2,COGS Distribution Rule Code2,nVarChar,,8,OOCR,,,
CPI1,CogsOcrCo3,COGS Distribution Rule Code3,nVarChar,,8,OOCR,,,
CPI1,CogsOcrCo4,COGS Distribution Rule Code4,nVarChar,,8,OOCR,,,
CPI1,CogsOcrCo5,COGS Distribution Rule Code5,nVarChar,,8,OOCR,,,
CPI1,LnExcised,Line Excised,VarChar,"O) Open
C) Closed
P) Copied to OEI",1,,,,
CPI1,LocCode,Location Code,Int,,11,OLCT,,,
CPI1,StockValue,Total COGS Value,Num,,20,,,,
CPI1,GPTtlBasPr,Total Base Price for Profit,Num,,20,,,,
CPI1,unitMsr2,Pur/Sal UoM if BaseUnit,nVarChar,,100,,,,
CPI1,NumPerMsr2,Pur/Sal UoM Value if BaseUnit,Num,,20,,,,
CPI1,SpecPrice,Price Source Type,VarChar,"Y) Special Prices for Business Partner
N) Manual
W) Active Price List, Discount Groups
R) Active Price List
U) Inactive Price List
A) Blanket Agreement
P) Period and Volume Discounts
Q) Period and Volume Discounts, Discount Groups
V) Inactive Price List, Discount Groups
9) Special Prices for Business Partner
!) Blanket Agreement
0
1) Period and Volume Discounts, Discount Groups
2) Active Price List
7) Active Price List, Discount Groups
5) Inactive Price List
6) Inactive Price List, Discount Groups",1,,N,,
CPI1,CSTfIPI,CST for IPI Code,nVarChar,,2,,,,
CPI1,CSTfPIS,CST for PIS Code,nVarChar,,2,,,,
CPI1,CSTfCOFINS,CST for COFINS Code,nVarChar,,2,,,,
CPI1,ExLineNo,ExLineNo,nVarChar,,10,,,,
CPI1,isSrvCall,Created from Service Call,VarChar,"Y) Yes
N) No",1,,N,,
CPI1,PQTReqQty,Pur. Quotation: Required Qty,Num,,20,,,,
CPI1,PQTReqDate,Pur. Quotation: Required Date,Date,,8,,,,
CPI1,PcDocType,Pur. Confirmation Doc. Type,Int,"-1) No Type
22) Purchase Order
540000006) Purchase Quotation",11,,-1,,
CPI1,PcQuantity,Purchase Confirmation Quantity,Num,,20,,,,
CPI1,LinManClsd,Line Was Closed Manually,VarChar,"Y) Yes
N) No
U) Unknown",1,,N,,
CPI1,VatGrpSrc,VAT Group Source,VarChar,"N) Not Defined
M) Manually Entered
D) Determined",1,,N,,
CPI1,NoInvtryMv,Without Inventory Movement,VarChar,"Y) Yes
N) No",1,,N,,
CPI1,ActBaseEnt,Actual Base Document Entry,Int,,11,,,,
CPI1,ActBaseLn,Actual Base Line Number,Int,,11,,,,
CPI1,ActBaseNum,Actual Base Document No.,Int,,11,,,,
CPI1,OpenRtnQty,Quantity Open for Return,Num,,20,,,,
CPI1,AgrNo,Agreement No.,Int,,11,OOAT,,,
CPI1,AgrLnNum,Agreement Row Number,Int,,11,,,,
CPI1,CredOrigin,Credit Origin,VarChar,,1,OBSI,,,
CPI1,Surpluses,Surpluses,Num,,20,,,,
CPI1,DefBreak,Defect and Breakup,Num,,20,,,,
CPI1,Shortages,Shortages,Num,,20,,,,
CPI1,UomEntry,UoM Entry,Int,,11,OUOM,0,,
CPI1,UomEntry2,UoM Entry if Base Unit,Int,,11,OUOM,0,,
CPI1,UomCode,UoM Code,nVarChar,,20,,,,
CPI1,UomCode2,UoM Code if Base Unit,nVarChar,,20,,,,
CPI1,FromWhsCod,From Warehouse Code,nVarChar,,8,OWHS,,,
CPI1,NeedQty,Consider Quantity of Items,VarChar,"Y) Yes
N) No",1,,N,,
CPI1,PartRetire,Partial Retirement,VarChar,"Y) Yes
N) No",1,,N,,
CPI1,RetireQty,Retirement Quantity,Num,,20,,,,
CPI1,RetireAPC,Retirement APC,Num,,20,,,,
CPI1,RetirAPCFC,Retirement APC FC,Num,,20,,,,
CPI1,RetirAPCSC,Retirement APC SC,Num,,20,,,,
CPI1,InvQty,Quantity - Inventory UoM,Num,,20,,,,
CPI1,OpenInvQty,Open Quantity (Inventory UoM),Num,,20,,,,
CPI1,EnSetCost,Enable Set Item Cost in Return,VarChar,"Y) Yes
N) No",1,,N,,
CPI1,RetCost,Return Cost in A/R Return,Num,,20,,,,
CPI1,Incoterms,Incoterms,Int,,11,ODCI,0,,
CPI1,TransMod,Transport Mode,Int,,11,ODCI,0,,
CPI1,LineVendor,Line Vendor Code,nVarChar,,15,OCRD,,,
CPI1,DistribIS,Distribute Intrastat Freight,VarChar,"Y) Yes
N) No",1,,N,,
CPI1,ISDistrb,Intrastat Distrib. Amount,Num,,20,,,,
CPI1,ISDistrbFC,Intrastat Distrib. Amount (FC),Num,,20,,,,
CPI1,ISDistrbSC,Intrastat Distrib. Amount (SC),Num,,20,,,,
CPI1,IsByPrdct,Item Is By-Product,VarChar,"N) No
Y) Yes",1,,N,,
CPI1,ItemType,Item Type,Int,4) Item,11,,4,,
CPI1,PriceEdit,Price Was Edited by User,VarChar,"N) No
Y) Yes",1,,N,,
CPI1,PrntLnNum,Parent Line Number,Int,,11,,,,
CPI1,LinePoPrss,Line PO Process,VarChar,"Y) Yes
N) No",1,,N,,
CPI1,FreeChrgBP,Free of Charge (BP),VarChar,"Y) Yes
N) No",1,,,,
CPI1,TaxRelev,Tax Relevant Row,VarChar,"Y) Yes
N) No",1,,Y,,
CPI1,LegalText,Legal Text,nVarChar,,127,,,,
CPI1,ThirdParty,Third Party,VarChar,"Y) Yes
N) No",1,,N,,
CPI1,LicTradNum,Federal Tax ID,nVarChar,,32,,,,
CPI1,InvQtyOnly,Change Qty (Inv. UoM) Only,VarChar,"Y) Yes
N) No",1,,N,,
CPI1,UnencReasn,Reason for Unencumbered ICMS,Int,,11,,,,
CPI1,ShipFromCo,Ship-From Code,nVarChar,,50,,,,
CPI1,ShipFromDe,Ship-From Description,nVarChar,,127,,,,
