SAP_Table,Field,Description,Type,Constraints,Size,Related,Default,Primary_key,Unique
CPI19,DocEntry,Internal Number,Int,,11,OCPI,,PRIMARY,Yes
CPI19,BinAllocSe,Bin Allocation Sequence,Int,,11,,,,
CPI19,LineNum,Line Number,Int,,11,,,,
CPI19,SubLineNum,Subline Number,Int,,11,,-1,,
CPI19,SnBType,SnB Type,Int,,11,,-1,,
CPI19,SnBMDAbs,SnB Master Data Internal No.,Int,,11,,-1,,
CPI19,BinAbs,Bin Internal Number,Int,,11,OBIN,,,
CPI19,Quantity,Quantity,Num,,20,,,,
CPI19,ItemCode,Item Code,nVarChar,,20,OITM,,,
CPI19,WhsCode,Warehouse Code,nVarChar,,8,OWHS,,,
CPI19,ObjType,Object Type,nVarChar,,20,ADP1,163,,
CPI19,LogInstanc,Log Instance,Int,,11,,0,,
CPI19,AllowNeg,Allow Negative Entry [Y/N],VarChar,"Y) Yes
N) No",1,,N,,
CPI19,BinActTyp,Bin Action Type,Int,"1) Transaction In
2) Transaction Out
4) SnB Complete
8) Bin First Then SnB",6,,,,
