SAP_Table,Field,Description,Type,Constraints,Size,Related,Default,Primary_key,Unique
CPI18,DocEntry,Document Internal ID,Int,,11,OCPI,,PRIMARY,Yes
CPI18,LineNum,Row Number,Int,,11,,,,
CPI18,LogInstanc,Log Instance,Int,,11,,0,,
CPI18,ObjectType,Object Type,nVarChar,,20,ADP1,163,,
CPI18,ExpDocType,Type of Exportation Document,Int,,11,OBNI,-1,,
CPI18,ExpDeclNum,Exportation Declaration Number,Int,,11,,,,
CPI18,ExpDeclDat,Exportation Declaration Date,Date,,8,,,,
CPI18,ExpNature,Nature of Exportation,Int,,11,OBNI,-1,,
CPI18,ExpRegNum,Number of Exportation Registry,Int,,11,,,,
CPI18,ExpRegDate,Date of Exportation Registry,Date,,8,,,,
CPI18,LadBillNum,Bill of Lading Number,nVarChar,,19,,,,
CPI18,LadBillDat,Date of Bill of Lading,Date,,8,,,,
CPI18,MerchLeftD,Date Merchandise Left Customs,Date,,8,,,,
CPI18,LadBillTyp,Type of Bill of Lading,Int,,11,OBNI,-1,,
