SAP_Table,Field,Description,Type,Constraints,Size,Related,Default,Primary_key,Unique
CPI2,DocEntry,Document Internal ID,Int,,11,OCPI,,LINE,No
CPI2,LineNum,Row Number,Int,,11,,,,
CPI2,GroupNum,Expense Group,Int,,11,,,,
CPI2,ExpnsCode,Expense Code,Int,,11,OEXD,,,
CPI2,LineTotal,Total,Num,,20,,,,
CPI2,TotalFrgn,Total (FC),Num,,20,,,,
CPI2,TotalSumSy,Total (SC),Num,,20,,,,
CPI2,PaidToDate,Paid to Date,Num,,20,,,,
CPI2,PaidFC,Paid in FC,Num,,20,,,,
CPI2,PaidSys,Paid in SC,Num,,20,,,,
CPI2,ObjType,Object Type,nVarChar,,20,ADP1,163,,
CPI2,LogInstanc,Log Instance,Int,,11,,0,,
CPI2,TaxStatus,Tax Liable,VarChar,"Y) Yes
N) No",1,,Y,,
CPI2,VatGroup,Tax Group,nVarChar,,8,OVTG,,,
CPI2,VatPrcnt,Row Tax %,Num,,20,,,,
CPI2,VatSum,Tax Amount,Num,,20,,,,
CPI2,VatSumFrgn,Tax Amount (FC),Num,,20,,,,
CPI2,VatSumSy,Tax Amount (SC),Num,,20,,,,
CPI2,DedVatSum,Deductible Tax Amount,Num,,20,,,,
CPI2,DedVatSumF,Deductible Tax Amount (FC),Num,,20,,,,
CPI2,DedVatSumS,Deductible Tax Amount (SC),Num,,20,,,,
CPI2,IsAcquistn,Aquisition Tax,VarChar,"Y) Yes
N) No",1,,N,,
CPI2,TaxCode,Tax Code,nVarChar,,8,OSTC,,,
CPI2,TaxType,Tax Type,VarChar,"Y) Regular Tax
N) No Tax
U) Use Tax",1,,Y,,
CPI2,VatApplied,Vat Applied,Num,,20,,,,
CPI2,VatAppldFC,Vat Applied Frgn,Num,,20,,,,
CPI2,VatAppldSC,Vat Applied Sys,Num,,20,,,,
CPI2,EquVatPer,Equalization Tax %,Num,,20,,,,
CPI2,EquVatSum,Total Equalization Tax,Num,,20,,,,
CPI2,EquVatSumF,Total Equalization Tax (FC),Num,,20,,,,
CPI2,EquVatSumS,Total Equalization Tax (SC),Num,,20,,,,
CPI2,lineVat,Net Tax Amount,Num,,20,,,,
CPI2,lineVatlF,Net Tax Amount (FC),Num,,20,,,,
CPI2,lineVatS,Net Tax Amount (SC),Num,,20,,,,
CPI2,WtLiable,WT Liable,VarChar,"Y) Yes
N) No",1,,,,
CPI2,BaseMethod,Base Method,VarChar,"N) None
Q) Quantity
V) Volume
W) Weight
T) Total
A) All",1,,,,
CPI2,Stock,Stock,VarChar,"Y) Yes
N) No",1,,,,
CPI2,LstPchPrce,Last Purchase Price,VarChar,"Y) Yes
N) No",1,,,,
CPI2,AnalysRpt,Analysis Report,VarChar,"Y) Yes
N) No",1,,,,
CPI2,BaseGroup,Base Document Group,Int,"-1)
0
1)
2)",11,,-1,,
CPI2,Status,Status,VarChar,"O) Open
C) Close",1,,O,,
CPI2,TrgGroup,Target Group,Int,"-1)
0
1)
2)",11,,-1,,
CPI2,VisOrder,Visual Order,Int,,11,,,,
CPI2,FixCurr,Fixation Currency,nVarChar,,3,OCRN,,,
CPI2,VatDscntPr,Tax Discount %,Num,,20,,,,
CPI2,OcrCode,Distribution Rule,nVarChar,,8,OOCR,,,
CPI2,OcrCode2,Distribution Rule2,nVarChar,,8,OOCR,,,
CPI2,OcrCode3,Distribution Rule3,nVarChar,,8,OOCR,,,
CPI2,OcrCode4,Distribution Rule4,nVarChar,,8,OOCR,,,
CPI2,OcrCode5,Distribution Rule5,nVarChar,,8,OOCR,,,
CPI2,Project,Project Code,nVarChar,,20,OPRJ,,,
CPI2,VatGrpSrc,VAT Group Source,VarChar,"N) Not Defined
M) Manually Entered
D) Determined",1,,N,,
CPI2,DrawnTotal,Drawn Total,Num,,20,,,,
CPI2,DrawnFC,Drawn Total (FC),Num,,20,,,,
CPI2,DrawnSC,Drawn Total (SC),Num,,20,,,,
