SAP_Table,Field,Description,Type,Constraints,Size,Related,Default,Primary_key,Unique
CPN1,CpnNo,Campaign No.,Int,,11,OCPN,,PRIMARY,Yes
CPN1,CpnLineNum,Campaign Line Number,Int,,11,,,,
CPN1,BpCode,BP Code,nVarChar,,15,OCRD,,,
CPN1,BpName,BP Name,nVarChar,,100,,,,
CPN1,GroupName,BP Group Name,nVarChar,,20,,,,
CPN1,Industry,BP Industry Name,nVarChar,,15,,,,
CPN1,Status,BP Status,VarChar,"A) Active
I) Inactive",1,,,,
CPN1,CntCode,Contact Code,nVarChar,,50,,,,
CPN1,CntTitle,Contact Title,nVarChar,,10,,,,
CPN1,CntPstn,Contact Position,nVarChar,,90,,,,
CPN1,CntEmail,Contact E-Mail,nVarChar,,100,,,,
CPN1,CntTel,Contact Telephone,nVarChar,,20,,,,
CPN1,CntMobile,Contact Mobile,nVarChar,,50,,,,
CPN1,CntFax,Contact Fax,nVarChar,,20,,,,
CPN1,CntAddr,Contact Address,nVarChar,,100,,,,
CPN1,Response,Response from Company,VarChar,"Y) Yes
N) No",1,,N,,
CPN1,OpprId,Related Opportunity,Int,,11,OOPR,,,
CPN1,LogIns,Log Instance - History,Int,,11,,,,
CPN1,VisOrder,Visual Order,Int,,11,,,,
CPN1,Street,Street,nVarChar,,100,,,,
CPN1,Block,Block,nVarChar,,100,,,,
CPN1,City,City,nVarChar,,100,,,,
CPN1,ZipCode,Zip Code,nVarChar,,100,,,,
CPN1,County,County,nVarChar,,100,,,,
CPN1,State,State,nVarChar,,3,OCST,,,
CPN1,Country,Country,nVarChar,,3,OCRY,,,
CPN1,Building,Building/Floor/Room,Text,,16,,,,
CPN1,CActivity,Create Activity [Y/N],VarChar,,1,,Y,,
CPN1,DocType,Document Type,nVarChar,"-1)
97) Opportunities
23) Sales Quotations
17) Sales Orders
15) Deliveries
13) A/R Invoices",20,,-1,,
CPN1,ShowBPDoc,Show BP Documents [Y/N],VarChar,,1,,N,,
CPN1,DocNumber,Related Document,Int,,11,,,,
CPN1,DocEntry,Document Entry,Int,,11,,,,
CPN1,AssignTo,Assign to User or Employee,VarChar,"U) User
E) Employee",1,,U,,
CPN1,AssignName,User or Employee Name,Int,,11,,,,
CPN1,FirstName,First Name,nVarChar,,50,,,,
CPN1,MiddleName,Middle Name,nVarChar,,50,,,,
CPN1,LastName,Last Name,nVarChar,,50,,,,
CPN1,LicTradNum,Federal Tax ID,nVarChar,,32,,,,
CPN1,AddrType,Address Type,nVarChar,,100,,,,
CPN1,Address2,Address Name 2,nVarChar,,50,,,,
CPN1,Address3,Address Name 3,nVarChar,,50,,,,
CPN1,StreetNo,Street No.,nVarChar,,100,,,,
CPN1,AddressID,Address ID,nVarChar,,50,,,,
CPN1,RspType,Response Type,nVarChar,,20,ORPT,,,
