SAP_Table,Field,Description,Type,Constraints,Size,Related,Default,Primary_key,Unique
CPV19,DocEntry,Internal Number,Int,,11,OCPV,,PRIMARY,Yes
CPV19,BinAllocSe,Bin Allocation Sequence,Int,,11,,,,
CPV19,LineNum,Line Number,Int,,11,,,,
CPV19,SubLineNum,Subline Number,Int,,11,,-1,,
CPV19,SnBType,SnB Type,Int,,11,,-1,,
CPV19,SnBMDAbs,SnB Master Data Internal No.,Int,,11,,-1,,
CPV19,BinAbs,Bin Internal Number,Int,,11,OBIN,,,
CPV19,Quantity,Quantity,Num,,20,,,,
CPV19,ItemCode,Item Code,nVarChar,,20,OITM,,,
CPV19,WhsCode,Warehouse Code,nVarChar,,8,OWHS,,,
CPV19,ObjType,Object Type,nVarChar,,20,ADP1,164,,
CPV19,LogInstanc,Log Instance,Int,,11,,0,,
CPV19,AllowNeg,Allow Negative Entry [Y/N],VarChar,"Y) Yes
N) No",1,,N,,
CPV19,BinActTyp,Bin Action Type,Int,"1) Transaction In
2) Transaction Out
4) SnB Complete
8) Bin First Then SnB",6,,,,
