SAP_Table,Field,Description,Type,Constraints,Size,Related,Default,Primary_key,Unique
CPV14,DocEntry,Document Internal ID,Int,,11,OCPV,,PRIMARY,Yes
CPV14,LineNum,Row Number,Int,,11,,-1,,
CPV14,ChildNum,Child Number,Int,,11,,-1,,
CPV14,ItemCode,Item no.,nVarChar,,20,OITM,,,
CPV14,WhsCode,Warehouse Code,nVarChar,,8,OWHS,,,
CPV14,Quantity,Quantity,Num,,20,,,,
CPV14,TotalQty,Total Quantity,Num,,20,,,,
CPV14,OpenQty,Remaining Open Quantity,Num,,20,,,,
CPV14,ObjectType,object type,nVarChar,,20,ADP1,164,,
CPV14,LogInstanc,Log Instance,Int,,11,,0,,
CPV14,BaseChildN,Base Child Number,Int,,11,,-1,,
