SAP_Table,Field,Description,Type,Constraints,Size,Related,Default,Primary_key,Unique
CPV16,AbsEntry,abs entry,Int,,11,OCPV,,PRIMARY,Yes
CPV16,LineNum,Line Number,Int,,11,,,,
CPV16,SnBIndex,SnB Index,Int,,11,,,,
CPV16,ItemCode,Item Code,nVarChar,,20,OITM,,,
CPV16,WhsCode,Warehouse,nVarChar,,8,OWHS,,,
CPV16,ObjId,Object id,Int,,11,,,,
CPV16,ObjAbs,Object Abs,Int,,11,,,,
CPV16,DrfWObjAbs,draft Wobj Abs,Int,,11,,-1,,
CPV16,Quantity,Qtty,Num,,20,,,,
CPV16,SubLineNum,Subrow Number,Int,,11,,-1,,
CPV16,ObjType,Object Type,nVarChar,,20,,164,,
CPV16,LogInstanc,Log Instance,Int,,11,,,,
