SAP_Table,Field,Description,Type,Constraints,Size,Related,Default,Primary_key,Unique
CPV18,DocEntry,Document Internal ID,Int,,11,OCPV,,PRIMARY,Yes
CPV18,LineNum,Row Number,Int,,11,,,,
CPV18,LogInstanc,Log Instance,Int,,11,,0,,
CPV18,ObjectType,Object Type,nVarChar,,20,ADP1,164,,
CPV18,ExpDocType,Type of Exportation Document,Int,,11,OBNI,-1,,
CPV18,ExpDeclNum,Exportation Declaration Number,Int,,11,,,,
CPV18,ExpDeclDat,Exportation Declaration Date,Date,,8,,,,
CPV18,ExpNature,Nature of Exportation,Int,,11,OBNI,-1,,
CPV18,ExpRegNum,Number of Exportation Registry,Int,,11,,,,
CPV18,ExpRegDate,Date of Exportation Registry,Date,,8,,,,
CPV18,LadBillNum,Bill of Lading Number,nVarChar,,19,,,,
CPV18,LadBillDat,Date of Bill of Lading,Date,,8,,,,
CPV18,MerchLeftD,Date Merchandise Left Customs,Date,,8,,,,
CPV18,LadBillTyp,Type of Bill of Lading,Int,,11,OBNI,-1,,
