SAP_Table,Field,Description,Type,Constraints,Size,Related,Default,Primary_key,Unique
CRD1,Address,Address Name,nVarChar,,50,,,,
CRD1,CardCode,BP Code,nVarChar,,15,OCRD,,PRIMARY,Yes
CRD1,Street,Street,nVarChar,,100,,,,
CRD1,Block,Block,nVarChar,,100,,,,
CRD1,ZipCode,Zip Code,nVarChar,,20,,,,
CRD1,City,City,nVarChar,,100,,,,
CRD1,County,County,nVarChar,,100,,,,
CRD1,Country,Country,nVarChar,,3,OCRY,,,
CRD1,State,State,nVarChar,,3,,,,
CRD1,UserSign,User Signature,Int,,6,OUSR,,,
CRD1,LogInstanc,Log Instance,Int,,11,,0,,
CRD1,ObjType,Object Type,nVarChar,,20,ADP1,2,,
CRD1,LicTradNum,Federal Tax ID,nVarChar,,32,,,,
CRD1,LineNum,Row Number,Int,,11,,,,
CRD1,TaxCode,Tax Code,nVarChar,,8,OSTC,,,
CRD1,Building,Building/Floor/Room,Text,,16,,,,
CRD1,AdresType,Address Type,VarChar,"S) Ship To
B) Bill to",1,,S,,
CRD1,Address2,Address Name 2,nVarChar,,50,,,,
CRD1,Address3,Address Name 3,nVarChar,,50,,,,
CRD1,AddrType,Address Type,nVarChar,,100,,,,
CRD1,StreetNo,Street No.,nVarChar,,100,,,,
CRD1,AltCrdName,Alternative BP Name,nVarChar,,100,,,,
CRD1,AltTaxId,Alternative Tax ID,nVarChar,,32,,,,
CRD1,TaxOffice,Tax Office,nVarChar,,50,,,,
CRD1,GlblLocNum,Global Location Number,nVarChar,,50,,,,
CRD1,Ntnlty,Nationality,nVarChar,,100,,,,
