SAP_Table,Field,Description,Type,Constraints,Size,Related,Default,Primary_key,Unique
CRD3,CardCode,BP Code,nVarChar,,15,OCRD,,PRIMARY,Yes
CRD3,AcctType,Account Type,VarChar,"M) Domestic
F) Foreign
D) Down Payment
A) Assets Account
R) Bill of Exchange Accounts Receivable
P) Bill of Exchange Accounts Payable
C) Bill of Exchange on Collection
S) Bill of Exchange Presentation
Y) Assets Bill of Exchange Acct Payable
I) Bill of Exchange Discounted
U) Unpaid Bill of Exchange
O) Open Debts
H) Cash Discount Interim
E) Exchange Rate Interim",1,,M,,
CRD3,AcctCode,Account Code,nVarChar,,15,OACT,,,
CRD3,LogInstane,Log Instance,Int,,11,,0,,
CRD3,ObjType,Object Type,Int,,6,ADP1,2,,
