SAP_Table,Field,Description,Type,Constraints,Size,Related,Default,Primary_key,Unique
CRD7,CardCode,BP Code,nVarChar,,25,OCRD,,PRIMARY,Yes
CRD7,Address,Address,nVarChar,,50,,,,
CRD7,TaxId0,Tax ID 0,nVarChar,,100,,,,
CRD7,TaxId1,Tax ID 1,nVarChar,,100,,,,
CRD7,TaxId2,Tax ID 2,nVarChar,,100,,,,
CRD7,TaxId3,Tax ID 3,nVarChar,,100,,,,
CRD7,TaxId4,Tax ID 4,nVarChar,,100,,,,
CRD7,TaxId5,Tax ID 5,nVarChar,,100,,,,
CRD7,TaxId6,Tax ID 6,nVarChar,,100,,,,
CRD7,TaxId7,Tax ID 7,nVarChar,,100,,,,
CRD7,TaxId8,Tax ID 8,nVarChar,,100,,,,
CRD7,TaxId9,Tax ID 9,nVarChar,,100,,,,
CRD7,CNAEId,Brazil CNAE Code,Int,,11,OCNA,,,
CRD7,TaxId10,Tax ID 10,nVarChar,,100,,,,
CRD7,TaxId11,Tax ID 11,nVarChar,,100,,,,
CRD7,AddrType,Address Type,VarChar,"S) Ship To
B) Bill to",1,,S,,
CRD7,ECCNo,E.C.C. No.,nVarChar,,40,,,,
CRD7,CERegNo,C.E. Registration No.,nVarChar,,40,,,,
CRD7,CERange,C.E. Range,nVarChar,,60,,,,
CRD7,CEDivis,C.E. Division,nVarChar,,60,,,,
CRD7,CEComRate,C.E. Commisionerate,nVarChar,,60,,,,
CRD7,LogInstanc,Log Instance,Int,,11,,0,,
CRD7,SefazDate,Date of Update from SEFAZ,Date,,8,,,,
CRD7,TaxId12,Tax ID 12,nVarChar,,50,,,,
CRD7,TaxId13,Deductee Ref. No. in India,nVarChar,,100,,,,
