SAP_Table,Field,Description,Type,Constraints,Size,Related,Default,Primary_key,Unique
CRD9,CardCode,BP Code,nVarChar,,25,OCRD,,PRIMARY,Yes
CRD9,ISTransMod,Intrastat Transport Mode,Int,,11,ODCI,,,
CRD9,ISIncoterm,Intrastat Incoterms,Int,,11,ODCI,,,
CRD9,ISState,Intrastat State,Int,,11,ODCI,,,
CRD9,ISNatTrans,Intrastat Nature of Trans.,Int,,11,ODCI,,,
CRD9,ISStatProc,Intrastat Statistical Proc.,Int,,11,ODCI,,,
CRD9,ISCustProc,Intrastat Customs Proc.,Int,,11,ODCI,,,
CRD9,ISCRYOrig,Intrastat Country Origin,nVarChar,,3,OCRY,,,
CRD9,ISPort,Intrastat Port of Entry/Exit,Int,,11,ODCI,,,
CRD9,ISDomFrgld,Intrastat Domestic/Foreign ID,VarChar,,1,,,,
CRD9,ISRelevant,Intrastat Relevant,VarChar,"Y) Yes
N) No",1,,N,,
