SAP_Table,Field,Description,Type,Constraints,Size,Related,Default,Primary_key,Unique
CSI18,DocEntry,Document Internal ID,Int,,11,OCSI,,PRIMARY,Yes
CSI18,LineNum,Row Number,Int,,11,,,,
CSI18,LogInstanc,Log Instance,Int,,11,,0,,
CSI18,ObjectType,Object Type,nVarChar,,20,ADP1,165,,
CSI18,ExpDocType,Type of Exportation Document,Int,,11,OBNI,-1,,
CSI18,ExpDeclNum,Exportation Declaration Number,Int,,11,,,,
CSI18,ExpDeclDat,Exportation Declaration Date,Date,,8,,,,
CSI18,ExpNature,Nature of Exportation,Int,,11,OBNI,-1,,
CSI18,ExpRegNum,Number of Exportation Registry,Int,,11,,,,
CSI18,ExpRegDate,Date of Exportation Registry,Date,,8,,,,
CSI18,LadBillNum,Bill of Lading Number,nVarChar,,19,,,,
CSI18,LadBillDat,Date of Bill of Lading,Date,,8,,,,
CSI18,MerchLeftD,Date Merchandise Left Customs,Date,,8,,,,
CSI18,LadBillTyp,Type of Bill of Lading,Int,,11,OBNI,-1,,
