SAP_Table,Field,Description,Type,Constraints,Size,Related,Default,Primary_key,Unique
CSI16,AbsEntry,abs entry,Int,,11,OCSI,,PRIMARY,Yes
CSI16,LineNum,Line Number,Int,,11,,,,
CSI16,SnBIndex,SnB Index,Int,,11,,,,
CSI16,ItemCode,Item Code,nVarChar,,20,OITM,,,
CSI16,WhsCode,Warehouse,nVarChar,,8,OWHS,,,
CSI16,ObjId,Object id,Int,,11,,,,
CSI16,ObjAbs,Object Abs,Int,,11,,,,
CSI16,DrfWObjAbs,draft Wobj Abs,Int,,11,,-1,,
CSI16,Quantity,Qtty,Num,,20,,,,
CSI16,SubLineNum,Subrow Number,Int,,11,,-1,,
CSI16,ObjType,Object Type,nVarChar,,20,,165,,
CSI16,LogInstanc,Log Instance,Int,,11,,,,
