SAP_Table,Field,Description,Type,Constraints,Size,Related,Default,Primary_key,Unique
CSI19,DocEntry,Internal Number,Int,,11,OCSI,,PRIMARY,Yes
CSI19,BinAllocSe,Bin Allocation Sequence,Int,,11,,,,
CSI19,LineNum,Line Number,Int,,11,,,,
CSI19,SubLineNum,Subline Number,Int,,11,,-1,,
CSI19,SnBType,SnB Type,Int,,11,,-1,,
CSI19,SnBMDAbs,SnB Master Data Internal No.,Int,,11,,-1,,
CSI19,BinAbs,Bin Internal Number,Int,,11,OBIN,,,
CSI19,Quantity,Quantity,Num,,20,,,,
CSI19,ItemCode,Item Code,nVarChar,,20,OITM,,,
CSI19,WhsCode,Warehouse Code,nVarChar,,8,OWHS,,,
CSI19,ObjType,Object Type,nVarChar,,20,ADP1,165,,
CSI19,LogInstanc,Log Instance,Int,,11,,0,,
CSI19,AllowNeg,Allow Negative Entry [Y/N],VarChar,"Y) Yes
N) No",1,,N,,
CSI19,BinActTyp,Bin Action Type,Int,"1) Transaction In
2) Transaction Out
4) SnB Complete
8) Bin First Then SnB",6,,,,
