SAP_Table,Field,Description,Type,Constraints,Size,Related,Default,Primary_key,Unique
CSI14,DocEntry,Document Internal ID,Int,,11,OCSI,,PRIMARY,Yes
CSI14,LineNum,Row Number,Int,,11,,-1,,
CSI14,ChildNum,Child Number,Int,,11,,-1,,
CSI14,ItemCode,Item no.,nVarChar,,20,OITM,,,
CSI14,WhsCode,Warehouse Code,nVarChar,,8,OWHS,,,
CSI14,Quantity,Quantity,Num,,20,,,,
CSI14,TotalQty,Total Quantity,Num,,20,,,,
CSI14,OpenQty,Remaining Open Quantity,Num,,20,,,,
CSI14,ObjectType,object type,nVarChar,,20,ADP1,165,,
CSI14,LogInstanc,Log Instance,Int,,11,,0,,
CSI14,BaseChildN,Base Child Number,Int,,11,,-1,,
