SAP_Table,Field,Description,Type,Constraints,Size,Related,Default,Primary_key,Unique
CSI5,AbsEntry,Numerator,Int,,11,OCSI,,SECONDERY,Yes
CSI5,WTCode,WT Code,nVarChar,,4,OWHT,,,
CSI5,Rate,Rate,Num,,20,,,,
CSI5,TaxbleAmnt,Taxable Amount,Num,,20,,,,
CSI5,TxblAmntSC,Taxable Amount (SC),Num,,20,,,,
CSI5,TxblAmntFC,Taxable Amount (FC),Num,,20,,,,
CSI5,WTAmnt,WT Amount,Num,,20,,,,
CSI5,WTAmntSC,WT Amount (SC),Num,,20,,,,
CSI5,WTAmntFC,WT Amount (FC),Num,,20,,,,
CSI5,ApplAmnt,Applied WT Amount,Num,,20,,,,
CSI5,ApplAmntSC,Applied WTax Amount (SC),Num,,20,,,,
CSI5,ApplAmntFC,Applied WTax Amount (FC),Num,,20,,,,
CSI5,Category,Category,VarChar,"P) Payment
I) Invoice",1,,,,
CSI5,Criteria,WT Criteria,VarChar,"Y) Accrual
N) Cash",1,,,,
CSI5,Account,G/L Account,nVarChar,,15,OACT,,,
CSI5,Type,Withholding Type,VarChar,"V) VAT Withholding
I) Income Tax Withholding",1,,,,
CSI5,RoundType,Rounding Type,VarChar,"T) Truncated
C) Commercial Values
N) No Rounding",1,,,,
CSI5,BaseType,Base Type,VarChar,"G) Gross
N) Net
V) VAT",1,,,,
CSI5,BaseAbsEnt,Base Abs Entry,Int,,11,,-1,,
CSI5,BaseLine,Base Line,Int,,11,,,,
CSI5,BaseNum,Base Document Type,Int,"-1)
0
13) A/R Invoice
165) A/R Correction Invoice",11,,-1,,
CSI5,LineNum,Line Number,Int,,11,,,,
CSI5,BaseRef,Base Document Reference,Int,,11,,,,
CSI5,Status,Status,VarChar,"O) Open
C) Closed",1,,O,,
CSI5,TrgType,Target Document Type,Int,,11,,,,
CSI5,TrgAbsEntr,Target Abs. Entry,Int,,11,,-1,,
CSI5,LogInstanc,Log Instance,Int,,11,,0,,
CSI5,ObjType,Object Type,nVarChar,,20,ADP1,165,,
CSI5,Doc1LineNo,DOC1 Line Number,Int,,11,,-1,,
CSI5,WtLineType,WT Line Type,VarChar,"D) Document Level WTax
L) Row Level WTax",1,,D,,
CSI5,TxblCurr,Taxable Currency from Doc Line,nVarChar,,3,,,,
CSI5,DtblCurr,Deductible Currency,nVarChar,,3,,,,
CSI5,DtblRate,Rate for Deductible Amount,Num,,20,,,,
CSI5,txblRate,Rate for Taxable Amount,Num,,20,,,,
CSI5,DtblAmount,Deductible Amount,Num,,20,,,,
CSI5,TdsAcc,TDS Account,nVarChar,,15,OACT,,,
CSI5,SurAcc,Surcharge Account,nVarChar,,15,OACT,,,
CSI5,CessAcc,Cess Account,nVarChar,,15,OACT,,,
CSI5,HscAcc,HSC Account,nVarChar,,15,OACT,,,
CSI5,TdsRate,TDS Rate,Num,,20,,,,
CSI5,SurRate,Surcharge Rate,Num,,20,,,,
CSI5,CessRate,Cess Rate,Num,,20,,,,
CSI5,HscRate,HSC Rate,Num,,20,,,,
CSI5,TdsBAmt,TDS Base Amount,Num,,20,,,,
CSI5,TdsBAmtSC,TDS Base Amount (SC),Num,,20,,,,
CSI5,TdsBAmtFC,TDS Base Amount (FC),Num,,20,,,,
CSI5,SurBAmt,Surcharge Base Amount,Num,,20,,,,
CSI5,SurBAmtSC,Surcharge Base Amount (SC),Num,,20,,,,
CSI5,SurBAmtFC,Surcharge Base Amount (FC),Num,,20,,,,
CSI5,CessBAmt,Cess Base Amount,Num,,20,,,,
CSI5,CessBAmtSC,Cess Base Amount (SC),Num,,20,,,,
CSI5,CessBAmtFC,Cess Base Amount (FC),Num,,20,,,,
CSI5,HscBAmt,HSC Base Amount,Num,,20,,,,
CSI5,HscBAmtSC,HSC Base Amount (SC),Num,,20,,,,
CSI5,HscBAmtFC,HSC Base Amount (FC),Num,,20,,,,
CSI5,TdsAmnt,TDS Tax Amount,Num,,20,,,,
CSI5,TdsAmntSC,TDS Tax Amount (SC),Num,,20,,,,
CSI5,TdsAmntFC,TDS Tax Amount (FC),Num,,20,,,,
CSI5,SurAmnt,Surcharge Tax Amount,Num,,20,,,,
CSI5,SurAmntSC,Surcharge Tax Amount (SC),Num,,20,,,,
CSI5,SurAmntFC,Surcharge Tax Amount (FC),Num,,20,,,,
CSI5,CessAmnt,Cess Tax Amount,Num,,20,,,,
CSI5,CessAmntSC,Cess Tax Amount (SC),Num,,20,,,,
CSI5,CessAmntFC,Cess Tax Amount (FC),Num,,20,,,,
CSI5,HscAmnt,HSC Tax Amount,Num,,20,,,,
CSI5,HscAmntSC,HSC Tax Amount (SC),Num,,20,,,,
CSI5,HscAmntFC,HSC Tax Amount (FC),Num,,20,,,,
CSI5,TdsAppl,Applied TDS Amount,Num,,20,,,,
CSI5,TdsApplSC,Applied TDS Amount (SC),Num,,20,,,,
CSI5,TdsApplFC,Applied TDS Amount (FC),Num,,20,,,,
CSI5,SurAppl,Applied Surcharge Amount,Num,,20,,,,
CSI5,SurApplSC,Applied Surcharge Amount (SC),Num,,20,,,,
CSI5,SurApplFC,Applied Surcharge Amount (FC),Num,,20,,,,
CSI5,CessAppl,Applied Cess Amount,Num,,20,,,,
CSI5,CessApplSC,Applied Cess Amount (SC),Num,,20,,,,
CSI5,CessApplFC,Applied Cess Amount (FC),Num,,20,,,,
CSI5,HscAppl,Applied HSC Amount,Num,,20,,,,
CSI5,HscApplSC,Applied HSC Amount (SC),Num,,20,,,,
CSI5,HscApplFC,Applied HSC Amount (FC),Num,,20,,,,
CSI5,BatchNum,Journal Voucher No.,Int,,11,,,,
CSI5,InCSTCode,CST Code Incoming,nVarChar,,2,,,,
CSI5,OutCSTCode,CST Code Outgoing,nVarChar,,2,,,,
CSI5,DpmWTApl,DPM WT Applied Amount,Num,,20,,,,
CSI5,DpmWTAplSC,DPM WT Applied Amount (SC),Num,,20,,,,
CSI5,DpmWTAplFC,DPM WT Applied Amount (FC),Num,,20,,,,
