SAP_Table,Field,Description,Type,Constraints,Size,Related,Default,Primary_key,Unique
CSI6,DocEntry,Document Internal ID,Int,,11,OCSI,,PRIMARY,Yes
CSI6,InstlmntID,Installment ID,Int,,6,,1,,
CSI6,ObjType,Object Type,nVarChar,,20,ADP1,165,,
CSI6,LogInstanc,Log Instance,Int,,11,,0,,
CSI6,DueDate,Due Date,Date,,8,,,,
CSI6,Status,Installment Status,VarChar,"O) Open
C) Closed",1,,O,,
CSI6,DunnLevel,Dunning Level,Int,,11,,0,,
CSI6,InsTotal,Total Installment,Num,,20,,,,
CSI6,InsTotalFC,Total Installment (FC),Num,,20,,,,
CSI6,InsTotalSy,Total Installment (SC),Num,,20,,,,
CSI6,PaidToDate,Paid to Date,Num,,20,,,,
CSI6,PaidFC,Paid (FC),Num,,20,,,,
CSI6,PaidSys,Paid (SC),Num,,20,,,,
CSI6,VatSum,Total Tax,Num,,20,,,,
CSI6,VatSumFC,Tax Amount (FC),Num,,20,,,,
CSI6,VatSumSy,Tax Amount (SC),Num,,20,,,,
CSI6,VatPaid,Tax Paid to Date,Num,,20,,,,
CSI6,VatPaidFC,Tax Paid (FC),Num,,20,,,,
CSI6,VatPaidSys,Tax Paid (SC),Num,,20,,,,
CSI6,TotalExpns,Total Freight Charges,Num,,20,,,,
CSI6,TotalExpFC,Total Freight Charges (FC),Num,,20,,,,
CSI6,TotalExpSC,Total Freight Charges (SC),Num,,20,,,,
CSI6,ExpAppl,Applied Freight Charges,Num,,20,,,,
CSI6,ExpApplFC,Applied Freight Charges (FC),Num,,20,,,,
CSI6,ExpApplSC,Applied Freight Charges (SC),Num,,20,,,,
CSI6,WTSum,WTax Amount,Num,,20,,,,
CSI6,WTSumFC,WTax Amount (FC),Num,,20,,,,
CSI6,WTSumSC,WTax Amount (SC),Num,,20,,,,
CSI6,WTApplied,Applied WTax,Num,,20,,,,
CSI6,WTAppliedF,Applied WTax (FC),Num,,20,,,,
CSI6,WTAppliedS,Applied WTax (SC),Num,,20,,,,
CSI6,TotalBlck,Total Reserved Amount,Num,,20,,,,
CSI6,TotalBlckF,Total Reserved Amount (FC),Num,,20,,,,
CSI6,TotalBlckS,Total Reserved Amount (SC),Num,,20,,,,
CSI6,VATBlck,Reserved Tax Amount,Num,,20,,,,
CSI6,VATBlckFC,Reserved Tax Amount (FC),Num,,20,,,,
CSI6,VATBlckSC,Reserved Tax Amount (SC),Num,,20,,,,
CSI6,ExpnsBlck,Reserved Freight Amount,Num,,20,,,,
CSI6,ExpnsBlckF,Reserved Freight Amount (FC),Num,,20,,,,
CSI6,ExpnsBlckS,Reserved Freight Amount (SC),Num,,20,,,,
CSI6,WTBlocked,Reserved WTax Amount,Num,,20,,,,
CSI6,WTBlockedF,Reserved WTax Amount (FC),Num,,20,,,,
CSI6,WTBlockedS,Reserved WTax Amount (SC),Num,,20,,,,
CSI6,InstPrcnt,Installment %,Num,,20,,,,
CSI6,DunWizBlck,Wizard dunning block,VarChar,"N) No
Y) Yes",1,,N,,
CSI6,DunDate,Last Dunning Date,Date,,8,,,,
CSI6,Paid,Paid,Num,,20,,,,
CSI6,PaidFrgn,Paid (FC),Num,,20,,,,
CSI6,PaidSc,Paid (SC),Num,,20,,,,
CSI6,reserved,Reserved,VarChar,"N) No
Y) Yes",1,,N,,
CSI6,TaxOnExp,Tax on Expenses,Num,,20,,,,
CSI6,TaxOnExpFc,Tax on Expenses (FC),Num,,20,,,,
CSI6,TaxOnExpSc,Tax on Expenses (SC),Num,,20,,,,
CSI6,TaxOnExpAp,Applied Tax on Expenses,Num,,20,,,,
CSI6,TaxOnExApF,Applied Tax on Expenses (FC),Num,,20,,,,
CSI6,TaxOnExApS,Applied Tax on Expenses (SC),Num,,20,,,,
CSI6,TaxOnExBlo,Reserved Tax on Freight Amount,Num,,20,,,,
CSI6,TaxOnExBlF,Reserved Tax on Freight Amt FC,Num,,20,,,,
CSI6,TaxOnExBlS,Reserved Tax on Freight Amt SC,Num,,20,,,,
CSI6,LvlUpdDate,Dunning Level Update Date,Date,,8,,,,
CSI6,Ordered,Payment Ordered,VarChar,"Y) Yes
N) No",1,,N,,
CSI6,PaidDpm,Paid by Down Payment,Num,,20,,,,
CSI6,PaidDpmFc,Paid by Down Payment (FC),Num,,20,,,,
CSI6,PaidDpmSc,Paid by Down Payment (SC),Num,,20,,,,
