SAP_Table,Field,Description,Type,Constraints,Size,Related,Default,Primary_key,Unique
CSV16,AbsEntry,abs entry,Int,,11,OCSV,,PRIMARY,Yes
CSV16,LineNum,Line Number,Int,,11,,,,
CSV16,SnBIndex,SnB Index,Int,,11,,,,
CSV16,ItemCode,Item Code,nVarChar,,20,OITM,,,
CSV16,WhsCode,Warehouse,nVarChar,,8,OWHS,,,
CSV16,ObjId,Object id,Int,,11,,,,
CSV16,ObjAbs,Object Abs,Int,,11,,,,
CSV16,DrfWObjAbs,draft Wobj Abs,Int,,11,,-1,,
CSV16,Quantity,Qtty,Num,,20,,,,
CSV16,SubLineNum,Subrow Number,Int,,11,,-1,,
CSV16,ObjType,Object Type,nVarChar,,20,,166,,
CSV16,LogInstanc,Log Instance,Int,,11,,,,
