SAP_Table,Field,Description,Type,Constraints,Size,Related,Default,Primary_key,Unique
CSV19,DocEntry,Internal Number,Int,,11,OCSV,,PRIMARY,Yes
CSV19,BinAllocSe,Bin Allocation Sequence,Int,,11,,,,
CSV19,LineNum,Line Number,Int,,11,,,,
CSV19,SubLineNum,Subline Number,Int,,11,,-1,,
CSV19,SnBType,SnB Type,Int,,11,,-1,,
CSV19,SnBMDAbs,SnB Master Data Internal No.,Int,,11,,-1,,
CSV19,BinAbs,Bin Internal Number,Int,,11,OBIN,,,
CSV19,Quantity,Quantity,Num,,20,,,,
CSV19,ItemCode,Item Code,nVarChar,,20,OITM,,,
CSV19,WhsCode,Warehouse Code,nVarChar,,8,OWHS,,,
CSV19,ObjType,Object Type,nVarChar,,20,ADP1,166,,
CSV19,LogInstanc,Log Instance,Int,,11,,0,,
CSV19,AllowNeg,Allow Negative Entry [Y/N],VarChar,"Y) Yes
N) No",1,,N,,
CSV19,BinActTyp,Bin Action Type,Int,"1) Transaction In
2) Transaction Out
4) SnB Complete
8) Bin First Then SnB",6,,,,
