SAP_Table,Field,Description,Type,Constraints,Size,Related,Default,Primary_key,Unique
CSV18,DocEntry,Document Internal ID,Int,,11,OCSV,,PRIMARY,Yes
CSV18,LineNum,Row Number,Int,,11,,,,
CSV18,LogInstanc,Log Instance,Int,,11,,0,,
CSV18,ObjectType,Object Type,nVarChar,,20,ADP1,166,,
CSV18,ExpDocType,Exportation Document Type,Int,,11,OBNI,-1,,
CSV18,ExpDeclNum,Exportation Declaration Number,Int,,11,,,,
CSV18,ExpDeclDat,Exportation Declaration Date,Date,,8,,,,
CSV18,ExpNature,Exportation Nature,Int,,11,OBNI,-1,,
CSV18,ExpRegNum,Exportation Registry Number,Int,,11,,,,
CSV18,ExpRegDate,Exportation Registry Date,Date,,8,,,,
CSV18,LadBillNum,Bill of Lading Number,nVarChar,,19,,,,
CSV18,LadBillDat,Bill of Lading Date,Date,,8,,,,
CSV18,MerchLeftD,Date Merchandise Left Customs,Date,,8,,,,
CSV18,LadBillTyp,Bill of Lading Type,Int,,11,OBNI,-1,,
