SAP_Table,Field,Description,Type,Constraints,Size,Related,Default,Primary_key,Unique
CSV14,DocEntry,Document Internal ID,Int,,11,OCSV,,PRIMARY,Yes
CSV14,LineNum,Row Number,Int,,11,,-1,,
CSV14,ChildNum,Child Number,Int,,11,,-1,,
CSV14,ItemCode,Item no.,nVarChar,,20,OITM,,,
CSV14,WhsCode,Warehouse Code,nVarChar,,8,OWHS,,,
CSV14,Quantity,Quantity,Num,,20,,,,
CSV14,TotalQty,Total Quantity,Num,,20,,,,
CSV14,OpenQty,Remaining Open Quantity,Num,,20,,,,
CSV14,ObjectType,object type,nVarChar,,20,ADP1,166,,
CSV14,LogInstanc,Log Instance,Int,,11,,0,,
CSV14,BaseChildN,Base Child Number,Int,,11,,-1,,
