SAP_Table,Field,Description,Type,Constraints,Size,Related,Default,Primary_key,Unique
CSV17,DocEntry,Internal Number,Int,,11,OCSV,,PRIMARY,Yes
CSV17,LineNum,Bin Allocation Sequence,Int,,11,,,,
CSV17,LogInstanc,Line Number,Int,,11,,0,,
CSV17,ObjectType,Subline Number,nVarChar,,20,ADP1,166,,
CSV17,ImpDocType,SnB Type,VarChar,,1,OBSI,,,
CSV17,ImpDocNum,SnB Master Data Internal Number,nVarChar,,10,,,,
CSV17,DateOfReg,Bin Internal Number,Date,,8,,,,
CSV17,CustClrDat,Quantity,Date,,8,,,,
CSV17,ConcActNum,Item Code,nVarChar,,30,,,,
CSV17,AdditNum,Warehouse Code,nVarChar,,30,,,,
CSV17,AddItmDV,Object Type,Num,,20,,,,
CSV17,tpVTransp,Overland Transport Route,Int,"1) Maritime
2) Waterway
3) Lakeside
4) Air
5) Post
6) Train
7) Road
8) Network Transmission
9) Own Means
10) Input/Output Fictitious",6,,,,
