SAP_Table,Field,Description,Type,Constraints,Size,Related,Default,Primary_key,Unique
CSV12,DocEntry,Document Internal ID,Int,,11,OCSV,,PRIMARY,Yes
CSV12,TaxId0,Tax ID 0,nVarChar,,100,,,,
CSV12,TaxId1,Tax ID 1,nVarChar,,100,,,,
CSV12,TaxId2,Tax ID 2,nVarChar,,100,,,,
CSV12,TaxId3,Tax ID 3,nVarChar,,100,,,,
CSV12,TaxId4,Tax ID 4,nVarChar,,100,,,,
CSV12,TaxId5,Tax ID 5,nVarChar,,100,,,,
CSV12,TaxId6,Tax ID 6,nVarChar,,100,,,,
CSV12,TaxId7,Tax ID 7,nVarChar,,100,,,,
CSV12,TaxId8,Tax ID 8,nVarChar,,100,,,,
CSV12,TaxId9,Tax ID 9,nVarChar,,100,,,,
CSV12,State,State Code,nVarChar,,3,,,,
CSV12,County,County Code,nVarChar,,7,,,,
CSV12,Incoterms,Incoterms,nVarChar,,3,,,,
CSV12,Vehicle,Vehicle ID,nVarChar,,10,,,,
CSV12,VidState,Vehicle ID (State),nVarChar,,3,,,,
CSV12,NfRef,NF Reference,nVarChar,,127,,,,
CSV12,Carrier,Carrier Code,nVarChar,,15,,,,
CSV12,QoP,Quantity of Packs,Int,,11,,,,
CSV12,PackDesc,Pack Description,nVarChar,,10,,,,
CSV12,Brand,Brand,nVarChar,,20,,,,
CSV12,NoSU,Number of Shipping Unit,Int,,11,,,,
CSV12,NetWeight,Net Weight,Num,,20,,,,
CSV12,GrsWeight,Gross Weight,Num,,20,,,,
CSV12,LogInstanc,Log Instance,Int,,11,,0,,
CSV12,ObjectType,Object Type,nVarChar,,20,ADP1,166,,
CSV12,TaxId10,Tax ID 10,nVarChar,,100,,,,
CSV12,TransCat,Transaction Category,nVarChar,,100,,,,
CSV12,FormNo,Form No.,nVarChar,,100,,,,
CSV12,TaxId11,Tax ID 11,nVarChar,,100,,,,
CSV12,StreetS,Street,nVarChar,,100,,,,
CSV12,BlockS,Block,nVarChar,,100,,,,
CSV12,BuildingS,Building/Floor/Room,Text,,16,,,,
CSV12,CityS,City,nVarChar,,100,,,,
CSV12,ZipCodeS,Zip Code,nVarChar,,20,,,,
CSV12,CountyS,County,nVarChar,,100,,,,
CSV12,StateS,State,nVarChar,,3,OCST,,,
CSV12,CountryS,Country,nVarChar,,3,OCRY,,,
CSV12,AddrTypeS,Address Type,nVarChar,,100,,,,
CSV12,StreetNoS,Street No.,nVarChar,,100,,,,
CSV12,StreetB,Street,nVarChar,,100,,,,
CSV12,BlockB,Block,nVarChar,,100,,,,
CSV12,BuildingB,Building/Floor/Room,Text,,16,,,,
CSV12,CityB,City,nVarChar,,100,,,,
CSV12,ZipCodeB,Zip Code,nVarChar,,20,,,,
CSV12,CountyB,County,nVarChar,,100,,,,
CSV12,StateB,State,nVarChar,,3,OCST,,,
CSV12,CountryB,Country,nVarChar,,3,OCRY,,,
CSV12,AddrTypeB,Address Type,nVarChar,,100,,,,
CSV12,StreetNoB,Street No.,nVarChar,,100,,,,
CSV12,ImpORExp,Import or Export,VarChar,"N)
Y)",1,,,,
CSV12,Vat,VAT,VarChar,"N) No VAT Support
Y) VAT Support",1,,N,,
CSV12,AltCrdNamB,Alternative BP Name,nVarChar,,100,,,,
CSV12,AltTaxIdB,Alternative Tax ID,nVarChar,,32,,,,
CSV12,Address2S,Address Name 2,nVarChar,,50,,,,
CSV12,Address3S,Address Name 3,nVarChar,,50,,,,
CSV12,Address2B,Address Name 2,nVarChar,,50,,,,
CSV12,Address3B,Address Name 3,nVarChar,,50,,,,
CSV12,MainUsage,Main Usage Code of Document,Int,,11,OUSG,,,
CSV12,GlbLocNumS,Global Location Number,nVarChar,,50,,,,
CSV12,GlbLocNumB,Global Location Number,nVarChar,,50,,,,
CSV12,CollectDT,Date and Time of Collection,nVarChar,,20,,,,
CSV12,TransprtDT,Transport Starting Date,Date,,8,,,,
CSV12,TransprtRS,Transport Reason,nVarChar,,100,,,,
CSV12,TaxId12,Tax ID 12,nVarChar,,50,,,,
CSV12,TaxId13,Deductee Ref. No. in India,nVarChar,,100,,,,
