SAP_Table,Field,Description,Type,Constraints,Size,Related,Default,Primary_key,Unique
CTR1,ContractID,Contract No.,Int,,11,OCTR,,PRIMARY,Yes
CTR1,Line,Row,Int,,6,,,,
CTR1,ManufSN,Mfr Serial No.,nVarChar,,36,,,,
CTR1,InternalSN,Serial Number,nVarChar,,36,,,,
CTR1,ItemCode,Item No.,nVarChar,,20,OITM,,,
CTR1,ItemName,Item Description,nVarChar,,100,,,,
CTR1,ItemGroup,Item Group,Int,,6,OITB,,,
CTR1,StartDate,Start Date,Date,,8,,,,
CTR1,EndDate,End Date,Date,,8,,,,
CTR1,ItmGrpName,Item Group Name,nVarChar,,20,,,,
CTR1,InsID,Customer Equipment Card ID,Int,,11,OINS,,,
CTR1,TermDate,Termination Date,Date,,8,,,,
