SAP_Table,Field,Description,Type,Constraints,Size,Related,Default,Primary_key,Unique
CUMI,Id_,Folder Key,Int,,11,,0,,
CUMI,Name_,Menu Item Name,nVarChar,,100,,,,
CUMI,UserSign,User Signature,Int,,6,OUSR,,DETAIL,No
CUMI,FatherId,Parent Key,Int,,11,,-1,,
CUMI,SortNum,Sort Number,Int,,11,,,,
CUMI,Type_,Menu Item Type,VarChar,"F) Form
Q) Query
R) Report
L) Link
-) Folder",1,,,,
CUMI,ObjType,Object Type,nVarChar,,20,ADP1,,,
CUMI,Key_,Internal ID,nVarChar,,50,,,,
CUMI,FormMenuId,Form Menu ID,Int,,11,,,,
CUMI,FormNum,Form No.,Int,,11,,,,
CUMI,RepPath,Report Path,Text,,16,,,,
CUMI,Levels,Item Level,Int,,6,,1,,
