SAP_Table,Field,Description,Type,Constraints,Size,Related,Default,Primary_key,Unique
DAR1,ArcEntry,Data Archive Entry,Int,,11,,,PRIMARY,Yes
DAR1,Line_ID,Row Number,Int,,11,,,,
DAR1,DocType,Document Type,nVarChar,,20,,,,
DAR1,DocNum,Document Number,Int,,11,,,,
DAR1,DocAbs,Document Internal ID,Int,,11,,,,
DAR1,Total,Total,Num,,20,,,,
DAR1,RefDate,Posting Date,Date,,8,,,,
DAR1,ClusterId,Cluster ID,Int,,11,,,,
DAR1,Remarks,Remarks,nVarChar,,100,,,,
DAR1,KeySeg1,Key Segment 1,nVarChar,,15,,,,
DAR1,KeySeg2,Key Segment 2,nVarChar,,15,,,,
DAR1,KeySeg3,Key Segment 3,nVarChar,,15,,,,
DAR1,KeySeg4,Key Segment 4,nVarChar,,15,,,,
DAR1,KeySeg5,Key Segment 5,nVarChar,,15,,,,
DAR1,KeySeg6,Key Segment 6,nVarChar,,15,,,,
DAR1,KeySeg7,Key Segment 7,nVarChar,,20,,,,
DAR1,KeySeg8,Key Segment 8,nVarChar,,15,,,,
DAR1,KeySeg9,Key Segment 9,nVarChar,,15,,,,
DAR1,KeySeg10,Key Segment 10,nVarChar,,15,,,,
DAR1,Series,Series,Int,,6,,,,
DAR1,DocSubType,Document Sub-Type,nVarChar,,2,,--,,
DAR1,PIndicator,Period Indicator,nVarChar,,10,,' ',,
DAR1,Instance,Instance,Int,,6,,0,,
DAR1,Segment,Segment,Int,,6,,0,,
DAR1,CardCode,Card Code,nVarChar,,15,OCRD,,,
