SAP_Table,Field,Description,Type,Constraints,Size,Related,Default,Primary_key,Unique
DAR2,ArcEntry,Data Archive Entry,Int,,11,,,PRIMARY,Yes
DAR2,Line_ID,Row Number,Int,,11,,0,,
DAR2,Approve,Approve,VarChar,"Y) Yes
N) No",1,,Y,,
DAR2,DocType,Document Type,Int,,11,,,,
DAR2,DocNum,Document Number,Int,,11,,,,
DAR2,DocAbs,Document Abs Entry,Int,,11,,,,
DAR2,CardCode,Customer/Vendor Code,nVarChar,,15,,,,
DAR2,RefDate,Posting Date,Date,,8,,,,
DAR2,DueDate,Due Date,Date,,8,,,,
DAR2,TaxDate,Document Date,Date,,8,,,,
DAR2,Total,Total,Num,,20,,,,
DAR2,Action,Action,VarChar,"R) Remove
L) Locked
T) Temporary",1,,T,,
DAR2,Remarks,Remarks,nVarChar,,50,,,,
DAR2,KeySeg1,Key Segment 1,nVarChar,,15,,,,
DAR2,KeySeg2,Key Segment 2,nVarChar,,15,,,,
DAR2,KeySeg3,Key Segment 3,nVarChar,,15,,,,
DAR2,KeySeg4,Key Segment 4,nVarChar,,15,,,,
DAR2,KeySeg5,Key Segment 5,nVarChar,,15,,,,
DAR2,KeySeg6,Key Segment 6,nVarChar,,15,,,,
DAR2,ClusterId,Cluster ID,Int,,11,,,,
