SAP_Table,Field,Description,Type,Constraints,Size,Related,Default,Primary_key,Unique
DATB,AbsEntry,Numerator,Int,,11,,,PRIMARY,Yes
DATB,LocCode,Location Code,Int,,11,OLCT,,,
DATB,NfTaxId,ID of Nota Fiscal Tax Category,Int,,11,ONFT,,,
DATB,TaxComId,Tax Component ID,Int,,11,OSTT,,,
DATB,MatType,Material Type,Int,,11,,,,
DATB,ArchBal,Data Archived Balance,Num,,20,,,,
DATB,TaxAcct,Tax Account,nVarChar,,15,OACT,,,
DATB,IsPLA,PLA Field,VarChar,,1,,,,
DATB,IsTaxCred,Tax Credit Field,VarChar,,1,,,,
