SAP_Table,Field,Description,Type,Constraints,Size,Related,Default,Primary_key,Unique
DGP2,AbsEntry,Internal Number,Int,,11,ODGP,,PRIMARY,Yes
DGP2,CondNum,Condition Number,Int,,11,,,,
DGP2,SelFldID,Selection Field ID,nVarChar,,100,,,,
DGP2,FromString,String Value From,nVarChar,,127,,,,
DGP2,FromNumber,Number Value From,Int,,11,,,,
DGP2,FromMoney,Amount Value From,Num,,20,,,,
DGP2,FromDate,Date Value From,Date,,8,,,,
DGP2,ToString,String Value To,nVarChar,,127,,,,
DGP2,ToNumber,Number Value To,Int,,11,,,,
DGP2,ToMoney,Amount Value To,Num,,20,,,,
DGP2,ToDate,Date Value To,Date,,8,,,,
