SAP_Table,Field,Description,Type,Constraints,Size,Related,Default,Primary_key,Unique
DLN14,DocEntry,Document Internal ID,Int,,11,ODLN,,PRIMARY,Yes
DLN14,LineNum,Row Number,Int,,11,,-1,,
DLN14,ChildNum,Child Number,Int,,11,,-1,,
DLN14,ItemCode,Item no.,nVarChar,,20,OITM,,,
DLN14,WhsCode,Warehouse Code,nVarChar,,8,OWHS,,,
DLN14,Quantity,Quantity,Num,,20,,,,
DLN14,TotalQty,Total Quantity,Num,,20,,,,
DLN14,OpenQty,Remaining Open Quantity,Num,,20,,,,
DLN14,ObjectType,object type,nVarChar,,20,ADP1,15,,
DLN14,LogInstanc,Log Instance,Int,,11,,0,,
DLN14,BaseChildN,Base Child Number,Int,,11,,-1,,
