SAP_Table,Field,Description,Type,Constraints,Size,Related,Default,Primary_key,Unique
DLN19,DocEntry,Internal Number,Int,,11,ODLN,,PRIMARY,Yes
DLN19,BinAllocSe,Bin Allocation Sequence,Int,,11,,,,
DLN19,LineNum,Line Number,Int,,11,,,,
DLN19,SubLineNum,Subline Number,Int,,11,,-1,,
DLN19,SnBType,SnB Type,Int,,11,,-1,,
DLN19,SnBMDAbs,SnB Master Data Internal No.,Int,,11,,-1,,
DLN19,BinAbs,Bin Internal Number,Int,,11,OBIN,,,
DLN19,Quantity,Quantity,Num,,20,,,,
DLN19,ItemCode,Item Code,nVarChar,,20,OITM,,,
DLN19,WhsCode,Warehouse Code,nVarChar,,8,OWHS,,,
DLN19,ObjType,Object Type,nVarChar,,20,ADP1,15,,
DLN19,LogInstanc,Log Instance,Int,,11,,0,,
DLN19,AllowNeg,Allow Negative Entry [Y/N],VarChar,"Y) Yes
N) No",1,,N,,
DLN19,BinActTyp,Bin Action Type,Int,"1) Transaction In
2) Transaction Out
4) SnB Complete
8) Bin First Then SnB",6,,,,
