SAP_Table,Field,Description,Type,Constraints,Size,Related,Default,Primary_key,Unique
DLN18,DocEntry,Document Internal ID,Int,,11,ODLN,,PRIMARY,Yes
DLN18,LineNum,Row Number,Int,,11,,,,
DLN18,LogInstanc,Log Instance,Int,,11,,0,,
DLN18,ObjectType,Object Type,nVarChar,,20,ADP1,15,,
DLN18,ExpDocType,Type of Exportation Document,Int,,11,OBNI,-1,,
DLN18,ExpDeclNum,Exportation Declaration Number,Int,,11,,,,
DLN18,ExpDeclDat,Exportation Declaration Date,Date,,8,,,,
DLN18,ExpNature,Nature of Exportation,Int,,11,OBNI,-1,,
DLN18,ExpRegNum,Number of Exportation Registry,Int,,11,,,,
DLN18,ExpRegDate,Date of Exportation Registry,Date,,8,,,,
DLN18,LadBillNum,Bill of Lading Number,nVarChar,,19,,,,
DLN18,LadBillDat,Date of Bill of Lading,Date,,8,,,,
DLN18,MerchLeftD,Date Merchandise Left Customs,Date,,8,,,,
DLN18,LadBillTyp,Type of Bill of Lading,Int,,11,OBNI,-1,,
