SAP_Table,Field,Description,Type,Constraints,Size,Related,Default,Primary_key,Unique
DLN16,AbsEntry,abs entry,Int,,11,ODLN,,PRIMARY,Yes
DLN16,LineNum,Line Number,Int,,11,,,,
DLN16,SnBIndex,SnB Index,Int,,11,,,,
DLN16,ItemCode,Item Code,nVarChar,,20,OITM,,,
DLN16,WhsCode,Warehouse,nVarChar,,8,OWHS,,,
DLN16,ObjId,Object id,Int,,11,,,,
DLN16,ObjAbs,Object Abs,Int,,11,,,,
DLN16,DrfWObjAbs,draft Wobj Abs,Int,,11,,-1,,
DLN16,Quantity,Qtty,Num,,20,,,,
DLN16,SubLineNum,Subrow Number,Int,,11,,-1,,
DLN16,ObjType,Object Type,nVarChar,,20,,15,,
DLN16,LogInstanc,Log Instance,Int,,11,,,,
