SAP_Table,Field,Description,Type,Constraints,Size,Related,Default,Primary_key,Unique
DLN20,DocEntry,Document Internal ID,Int,,11,ODLN,,PRIMARY,Yes
DLN20,ExpnsCode,Freight Code,Int,,11,OEXD,,,
DLN20,TotalLC,Total,Num,,20,,,,
DLN20,TotalFC,Total (FC),Num,,20,,,,
DLN20,TotalSC,Total (SC),Num,,20,,,,
DLN20,DistribM,Distribution Method,VarChar,"Q) Quantity
V) Volume
W) Weight
E) Equally
T) Row Total",1,,T,,
DLN20,DrawnLC,Drawn Total,Num,,20,,,,
DLN20,DrawnFC,Drawn Total (FC),Num,,20,,,,
DLN20,DrawnSC,Drawn Total (SC),Num,,20,,,,
DLN20,LineNum,Line Number,Int,,11,,-1,,
DLN20,BaseAbsEnt,Base Abs. Entry,Int,,11,,-1,,
DLN20,BaseType,Base Document Type,Int,"23) Sales Quotation
17) Sales Order
15) Delivery Notes
16) Return
13) A/R Invoice
203) Down Payment Incoming
204) Down Payment Outgoing
22) Purchase Order
20) Goods Receipt PO
21) Goods Return
18) A/P Invoice
540000006) Purchase Quotation
0
-1)",11,,-1,,
DLN20,BaseRef,Base Document Reference,Int,,11,,,,
DLN20,BaseLnNum,Base Document Row No.,Int,,11,,-1,,
DLN20,LogInstanc,Log Instance,Int,,11,,0,,
DLN20,ObjectType,Object Type,nVarChar,,20,ADP1,15,,
DLN20,FixCurr,Fixation Currency,nVarChar,,3,OCRN,,,
