SAP_Table,Field,Description,Type,Constraints,Size,Related,Default,Primary_key,Unique
DLN4,DocEntry,Document Internal ID,Int,,11,ODLN,,SCONDARY,No
DLN4,LineNum,Row Number,Int,,11,,-1,,
DLN4,GroupNum,Group Number,Int,,11,,-1,,
DLN4,ExpnsCode,Freight Code,Int,,11,OEXD,-1,,
DLN4,RelateType,Relation Type,Int,"1) Row
2) Row Freight Charges
3) Document Expenses",11,,1,,
DLN4,StcCode,Tax Code,nVarChar,,8,OSTC,,,
DLN4,StaCode,Authority Code,nVarChar,,8,OSTA,,,
DLN4,staType,Authority Type,Int,,11,OSTT,,,
DLN4,TaxRate,Tax Rate,Num,,20,,,,
DLN4,TaxAcct,Tax Account,nVarChar,,15,OACT,,,
DLN4,TaxSum,Tax Amount,Num,,20,,,,
DLN4,TaxSumFrgn,Tax Amount (FC),Num,,20,,,,
DLN4,TaxSumSys,Tax Amount (SC),Num,,20,,,,
DLN4,BaseSum,Base Amount,Num,,20,,,,
DLN4,BaseSumFrg,Base Amount (FC),Num,,20,,,,
DLN4,BaseSumSys,Base Amount (SC),Num,,20,,,,
DLN4,ObjectType,Object Type,nVarChar,,20,ADP1,15,,
DLN4,LogInstanc,Log Instance,Int,,11,,0,,
DLN4,TaxStatus,Tax Status,VarChar,"Y) Regular Tax
N) No Tax
U) Use Tax",1,,Y,,
DLN4,VatApplied,VAT Applied,Num,,20,,,,
DLN4,VatAppldFC,Applied Tax (FC),Num,,20,,,,
DLN4,VatAppldSC,Applied Tax (SC),Num,,20,,,,
DLN4,LineSeq,Row Sequence,Int,,11,,,,
DLN4,DeferrAcct,Deferred Tax Account,nVarChar,,15,OACT,,,
DLN4,BaseType,Base Document Type,Int,,11,,-1,,
DLN4,BaseAbs,Base Document Internal No.,Int,,11,,-1,,
DLN4,BaseSeq,Base Doc. Row Sequence,Int,,11,,,,
DLN4,DeductTax,Deductible Tax Amount,Num,,20,,,,
DLN4,DdctTaxFrg,Deductible Tax Amount (FC),Num,,20,,,,
DLN4,DdctTaxSys,Deductible Tax Amount (SC),Num,,20,,,,
DLN4,BaseAppld,Applied Base Amount,Num,,20,,,,
DLN4,BaseApldFC,Applied Base Amount (FC),Num,,20,,,,
DLN4,BaseApldSC,Applied Base Amount (SC),Num,,20,,,,
DLN4,NonDdctPrc,Non-Deductible %,Num,,20,,,,
DLN4,NonDdctAct,Nondeductible Account,nVarChar,,15,OACT,,,
DLN4,TaxInPrice,Tax Included in Price?,VarChar,"Y) Yes
N) No",1,,N,,
DLN4,Exempt,Exempt?,VarChar,"Y) Yes
N) No",1,,N,,
DLN4,TaxExpAct,Expense Account for Tax,nVarChar,,15,OACT,,,
DLN4,OnHoldTax,On Hold Tax Amount,Num,,20,,,,
DLN4,OnHoldTaxF,On Hold Tax Amount (FC),Num,,20,,,,
DLN4,OnHoldTaxS,On Hold Tax Amount (SC),Num,,20,,,,
DLN4,InGrossRev,Included in Gross Revenue,VarChar,"Y) Yes
N) No",1,,N,,
DLN4,TaxSumOrg,Tax Amount Original,Num,,20,,,,
DLN4,TaxSumOrgF,Tax Amount Original (FC),Num,,20,,,,
DLN4,TaxSumOrgS,Tax Amount Original (SC),Num,,20,,,,
DLN4,OpenTax,Open Service Tax,Num,,20,,,,
DLN4,OpenTaxFC,Open Service Tax (FC),Num,,20,,,,
DLN4,OpenTaxSC,Open Service Tax (SC),Num,,20,,,,
DLN4,Unencumbrd,Unencumbered,VarChar,"Y) Yes
N) No",1,,N,,
