SAP_Table,Field,Description,Type,Constraints,Size,Related,Default,Primary_key,Unique
DLN5,AbsEntry,Internal Number,Int,,11,ODLN,,SECONDERY,Yes
DLN5,WTCode,WTax Code,nVarChar,,4,OWHT,,,
DLN5,Rate,Rate,Num,,20,,,,
DLN5,TaxbleAmnt,Taxable Amount,Num,,20,,,,
DLN5,TxblAmntSC,Taxable Amount (SC),Num,,20,,,,
DLN5,TxblAmntFC,Taxable Amount (FC),Num,,20,,,,
DLN5,WTAmnt,WTax Amount,Num,,20,,,,
DLN5,WTAmntSC,WTax Amount (SC),Num,,20,,,,
DLN5,WTAmntFC,WTax Amount (FC),Num,,20,,,,
DLN5,ApplAmnt,Applied WTax Amount,Num,,20,,,,
DLN5,ApplAmntSC,Applied WTax Amount (SC),Num,,20,,,,
DLN5,ApplAmntFC,Applied WTax Amount (FC),Num,,20,,,,
DLN5,Category,Category,VarChar,"P) Payment
I) Invoice",1,,,,
DLN5,Criteria,Criteria,VarChar,"Y) Accrual
N) Cash",1,,,,
DLN5,Account,G/L Account,nVarChar,,15,OACT,,,
DLN5,Type,Withholding Tax Type,VarChar,"V) VAT Withholding
I) Income Tax Withholding",1,,,,
DLN5,RoundType,Rounding Type,VarChar,"T) Truncated
C) Commercial Values
N) No Rounding",1,,,,
DLN5,BaseType,Base Type,VarChar,"G) Gross
N) Net
V) VAT",1,,,,
DLN5,BaseAbsEnt,Base Document Internal No.,Int,,11,,-1,,
DLN5,BaseLine,Base Row,Int,,11,,,,
DLN5,BaseNum,Base Document Type,Int,"-1)
0
23) Sales Quotation
17) Sales Order
16) A/R Returns
13) A/R Invoice",11,,-1,,
DLN5,LineNum,Row Number,Int,,11,,,,
DLN5,BaseRef,Base Document Reference,Int,,11,,,,
DLN5,Status,Status,VarChar,"O) Open
C) Closed",1,,O,,
DLN5,TrgType,Target Document Type,Int,,11,,,,
DLN5,TrgAbsEntr,Target Doc. Internal No.,Int,,11,,-1,,
DLN5,LogInstanc,Log Instance,Int,,11,,0,,
DLN5,ObjType,Object Type,nVarChar,,20,ADP1,15,,
DLN5,Doc1LineNo,DOC1 Row Number,Int,,11,,-1,,
DLN5,WtLineType,WTax Row Type,VarChar,"D) Document Level WTax
L) Row Level WTax",1,,D,,
DLN5,TxblCurr,Taxable Currency from Doc Row,nVarChar,,3,,,,
DLN5,DtblCurr,Deductible Currency,nVarChar,,3,,,,
DLN5,DtblRate,Rate for Deductible Amount,Num,,20,,,,
DLN5,txblRate,Rate for Taxable Amount,Num,,20,,,,
DLN5,DtblAmount,Deductible Amount,Num,,20,,,,
DLN5,TdsAcc,TDS Account,nVarChar,,15,OACT,,,
DLN5,SurAcc,Surcharge Account,nVarChar,,15,OACT,,,
DLN5,CessAcc,Cess Account,nVarChar,,15,OACT,,,
DLN5,HscAcc,HSC Account,nVarChar,,15,OACT,,,
DLN5,TdsRate,TDS Rate,Num,,20,,,,
DLN5,SurRate,Surcharge Rate,Num,,20,,,,
DLN5,CessRate,Cess Rate,Num,,20,,,,
DLN5,HscRate,HSC Rate,Num,,20,,,,
DLN5,TdsBAmt,TDS Base Amount,Num,,20,,,,
DLN5,TdsBAmtSC,TDS Base Amount (SC),Num,,20,,,,
DLN5,TdsBAmtFC,TDS Base Amount (FC),Num,,20,,,,
DLN5,SurBAmt,Surcharge Base Amount,Num,,20,,,,
DLN5,SurBAmtSC,Surcharge Base Amount (SC),Num,,20,,,,
DLN5,SurBAmtFC,Surcharge Base Amount (FC),Num,,20,,,,
DLN5,CessBAmt,Cess Base Amount,Num,,20,,,,
DLN5,CessBAmtSC,Cess Base Amount (SC),Num,,20,,,,
DLN5,CessBAmtFC,Cess Base Amount (FC),Num,,20,,,,
DLN5,HscBAmt,HSC Base Amount,Num,,20,,,,
DLN5,HscBAmtSC,HSC Base Amount (SC),Num,,20,,,,
DLN5,HscBAmtFC,HSC Base Amount (FC),Num,,20,,,,
DLN5,TdsAmnt,TDS Tax Amount,Num,,20,,,,
DLN5,TdsAmntSC,TDS Tax Amount (SC),Num,,20,,,,
DLN5,TdsAmntFC,TDS Tax Amount (FC),Num,,20,,,,
DLN5,SurAmnt,Surcharge Tax Amount,Num,,20,,,,
DLN5,SurAmntSC,Surcharge Tax Amount (SC),Num,,20,,,,
DLN5,SurAmntFC,Surcharge Tax Amount (FC),Num,,20,,,,
DLN5,CessAmnt,Cess Tax Amount,Num,,20,,,,
DLN5,CessAmntSC,Cess Tax Amount (SC),Num,,20,,,,
DLN5,CessAmntFC,Cess Tax Amount (FC),Num,,20,,,,
DLN5,HscAmnt,HSC Tax Amount,Num,,20,,,,
DLN5,HscAmntSC,HSC Tax Amount (SC),Num,,20,,,,
DLN5,HscAmntFC,HSC Tax Amount (FC),Num,,20,,,,
DLN5,TdsAppl,Applied TDS Amount,Num,,20,,,,
DLN5,TdsApplSC,Applied TDS Amount (SC),Num,,20,,,,
DLN5,TdsApplFC,Applied TDS Amount (FC),Num,,20,,,,
DLN5,SurAppl,Applied Surcharge Amount,Num,,20,,,,
DLN5,SurApplSC,Applied Surcharge Amount (SC),Num,,20,,,,
DLN5,SurApplFC,Applied Surcharge Amount (FC),Num,,20,,,,
DLN5,CessAppl,Applied Cess Amount,Num,,20,,,,
DLN5,CessApplSC,Applied Cess Amount (SC),Num,,20,,,,
DLN5,CessApplFC,Applied Cess Amount (FC),Num,,20,,,,
DLN5,HscAppl,Applied HSC Amount,Num,,20,,,,
DLN5,HscApplSC,Applied HSC Amount (SC),Num,,20,,,,
DLN5,HscApplFC,Applied HSC Amount (FC),Num,,20,,,,
DLN5,BatchNum,Journal Voucher No.,Int,,11,,,,
DLN5,InCSTCode,CST Code Incoming,nVarChar,,2,,,,
DLN5,OutCSTCode,CST Code Outgoing,nVarChar,,2,,,,
DLN5,DpmWTApl,DPM WT Applied Amount,Num,,20,,,,
DLN5,DpmWTAplSC,DPM WT Applied Amount (SC),Num,,20,,,,
DLN5,DpmWTAplFC,DPM WT Applied Amount (FC),Num,,20,,,,
