SAP_Table,Field,Description,Type,Constraints,Size,Related,Default,Primary_key,Unique
DPI15,DocEntry,Document Internal ID,Int,,11,ODPI,,PRIMARY,Yes
DPI15,LineNum,Row Number,Int,,11,,,,
DPI15,ObjType,object type,nVarChar,,20,ADP1,203,,
DPI15,LogInstanc,Log Instance,Int,,11,,0,,
DPI15,VatGroup,VAT Group Code,nVarChar,,8,OVTG,,,
DPI15,StaCode,Tax Authority Code,nVarChar,,8,,,,
DPI15,StaType,Tax Authority Type,Int,,11,,,,
DPI15,StaIndex,Tax Authority Seq Index,Int,,11,,,,
DPI15,BaseNet,Net LC,Num,,20,,,,
DPI15,BaseNetFc,Net FC,Num,,20,,,,
DPI15,BaseNetSc,Net SC,Num,,20,,,,
DPI15,VatSum,Tax LC,Num,,20,,,,
DPI15,VatSumFc,Tax FC,Num,,20,,,,
DPI15,VatSumSc,Tax SC,Num,,20,,,,
DPI15,DctSum,Deductible Sum LC,Num,,20,,,,
DPI15,DctSumFc,Deductible Sum FC,Num,,20,,,,
DPI15,DctSumSc,Deductible Sum SC,Num,,20,,,,
DPI15,EqSum,Equalization Sum LC,Num,,20,,,,
DPI15,EqSumFc,Equalization Sum FC,Num,,20,,,,
DPI15,EqSumSc,Equalization Sum SC,Num,,20,,,,
DPI15,ApplNet,Applied Net LC,Num,,20,,,,
DPI15,ApplNetFc,Applied Net FC,Num,,20,,,,
DPI15,ApplNetSc,Applied Net SC,Num,,20,,,,
DPI15,ApplVat,Applied Tax LC,Num,,20,,,,
DPI15,ApplVatFc,Applied Tax FC,Num,,20,,,,
DPI15,ApplVatSc,Applied Tax SC,Num,,20,,,,
DPI15,ApplDct,Applied Deductible Sum LC,Num,,20,,,,
DPI15,ApplDctFc,Applied Deductible Sum FC,Num,,20,,,,
DPI15,ApplDctSc,Applied Deductible Sum SC,Num,,20,,,,
DPI15,ApplEq,Applied Equalization Sum LC,Num,,20,,,,
DPI15,ApplEqFc,Applied Equalization Sum FC,Num,,20,,,,
DPI15,ApplEqSc,Applied Equalization Sum SC,Num,,20,,,,
DPI15,PaidNet,Paid Net LC,Num,,20,,,,
DPI15,PaidNetFc,Paid Net FC,Num,,20,,,,
DPI15,PaidNetSc,Paid Net SC,Num,,20,,,,
DPI15,PaidVat,Paid Tax LC,Num,,20,,,,
DPI15,PaidVatFc,Paid Tax FC,Num,,20,,,,
DPI15,PaidVatSc,Paid Tax SC,Num,,20,,,,
DPI15,PaidDct,Paid Deductible Sum LC,Num,,20,,,,
DPI15,PaidDctFc,Paid Deductible Sum FC,Num,,20,,,,
DPI15,PaidDctSc,Paid Deductible Sum SC,Num,,20,,,,
DPI15,PaidEq,Paid Equalization Sum LC,Num,,20,,,,
DPI15,PaidEqFc,Paid Equalization Sum FC,Num,,20,,,,
DPI15,PaidEqSc,Paid Equalization Sum SC,Num,,20,,,,
DPI15,DpApplNet,Dpm Appl Net LC,Num,,20,,,,
DPI15,DpApplNetF,Dpm Appl Net FC,Num,,20,,,,
DPI15,DpApplNetS,Dpm Appl Net SC,Num,,20,,,,
DPI15,DpApplVat,Dpm Appl Tax LC,Num,,20,,,,
DPI15,DpApplVatF,Dpm Appl Tax FC,Num,,20,,,,
DPI15,DpApplVatS,Dpm Appl Tax SC,Num,,20,,,,
DPI15,DpApplDct,Dpm Appl Deductible Sum LC,Num,,20,,,,
DPI15,DpApplDctF,Dpm Appl Deductible Sum FC,Num,,20,,,,
DPI15,DpApplDctS,Dpm Appl Deductible Sum SC,Num,,20,,,,
DPI15,DpApplEq,Dpm Appl Equalization Sum LC,Num,,20,,,,
DPI15,DpApplEqFc,Dpm Appl Equalization Sum FC,Num,,20,,,,
DPI15,DpApplEqSc,Dpm Appl Equalization Sum SC,Num,,20,,,,
DPI15,TaxCode,Tax Code,nVarChar,,8,OSTC,,,
DPI15,LineType,Row Type,VarChar,"D) Document
R) Exchange Rate Rounding
H) Document Header Rounding",1,,D,,
DPI15,BaseGrs,Gross LC,Num,,20,,,,
DPI15,BaseGrsFc,Gross FC,Num,,20,,,,
DPI15,BaseGrsSc,Gross SC,Num,,20,,,,
DPI15,ApplGrs,Applied Gross LC,Num,,20,,,,
DPI15,ApplGrsFc,Applied Gross FC,Num,,20,,,,
DPI15,ApplGrsSc,Applied Gross SC,Num,,20,,,,
DPI15,PaidGrs,Paid Gross LC,Num,,20,,,,
DPI15,PaidGrsFc,Paid Gross FC,Num,,20,,,,
DPI15,PaidGrsSc,Paid Gross SC,Num,,20,,,,
DPI15,DpApplGrs,Dpm Appl Gross LC,Num,,20,,,,
DPI15,DpApplGrsF,Dpm Appl Gross FC,Num,,20,,,,
DPI15,DpApplGrsS,Dpm Appl Gross SC,Num,,20,,,,
