SAP_Table,Field,Description,Type,Constraints,Size,Related,Default,Primary_key,Unique
DPI14,DocEntry,Document Internal ID,Int,,11,ODPI,,PRIMARY,Yes
DPI14,LineNum,Row Number,Int,,11,,-1,,
DPI14,ChildNum,Child Number,Int,,11,,-1,,
DPI14,ItemCode,Item no.,nVarChar,,20,OITM,,,
DPI14,WhsCode,Warehouse Code,nVarChar,,8,OWHS,,,
DPI14,Quantity,Quantity,Num,,20,,,,
DPI14,TotalQty,Total Quantity,Num,,20,,,,
DPI14,OpenQty,Remaining Open Quantity,Num,,20,,,,
DPI14,ObjectType,object type,nVarChar,,20,ADP1,203,,
DPI14,LogInstanc,Log Instance,Int,,11,,0,,
DPI14,BaseChildN,Base Child Number,Int,,11,,-1,,
