SAP_Table,Field,Description,Type,Constraints,Size,Related,Default,Primary_key,Unique
DPI16,AbsEntry,abs entry,Int,,11,ODPI,,PRIMARY,Yes
DPI16,LineNum,Line Number,Int,,11,,,,
DPI16,SnBIndex,SnB Index,Int,,11,,,,
DPI16,ItemCode,Item Code,nVarChar,,20,OITM,,,
DPI16,WhsCode,Warehouse,nVarChar,,8,OWHS,,,
DPI16,ObjId,Object id,Int,,11,,,,
DPI16,ObjAbs,Object Abs,Int,,11,,,,
DPI16,DrfWObjAbs,draft Wobj Abs,Int,,11,,-1,,
DPI16,Quantity,Qtty,Num,,20,,,,
DPI16,SubLineNum,Subrow Number,Int,,11,,-1,,
DPI16,ObjType,Object Type,nVarChar,,20,,203,,
DPI16,LogInstanc,Log Instance,Int,,11,,,,
