SAP_Table,Field,Description,Type,Constraints,Size,Related,Default,Primary_key,Unique
DPI19,DocEntry,Internal Number,Int,,11,ODPI,,PRIMARY,Yes
DPI19,BinAllocSe,Bin Allocation Sequence,Int,,11,,,,
DPI19,LineNum,Line Number,Int,,11,,,,
DPI19,SubLineNum,Subline Number,Int,,11,,-1,,
DPI19,SnBType,SnB Type,Int,,11,,-1,,
DPI19,SnBMDAbs,SnB Master Data Internal No.,Int,,11,,-1,,
DPI19,BinAbs,Bin Internal Number,Int,,11,OBIN,,,
DPI19,Quantity,Quantity,Num,,20,,,,
DPI19,ItemCode,Item Code,nVarChar,,20,OITM,,,
DPI19,WhsCode,Warehouse Code,nVarChar,,8,OWHS,,,
DPI19,ObjType,Object Type,nVarChar,,20,ADP1,203,,
DPI19,LogInstanc,Log Instance,Int,,11,,0,,
DPI19,AllowNeg,Allow Negative Entry [Y/N],VarChar,"Y) Yes
N) No",1,,N,,
DPI19,BinActTyp,Bin Action Type,Int,"1) Transaction In
2) Transaction Out
4) SnB Complete
8) Bin First Then SnB",6,,,,
