SAP_Table,Field,Description,Type,Constraints,Size,Related,Default,Primary_key,Unique
DPI11,DocEntry,Document Internal ID,Int,,11,ODPI,,PRIMARY,Yes
DPI11,LineNum,Row Number,Int,,11,,,,
DPI11,LineSeq,Sequence Number,Int,,11,,,,
DPI11,BaseAbs,Base Document Internal ID,Int,,11,,,,
DPI11,BaseType,Base Object Type,Int,-1),11,,-1,,
DPI11,VatGroup,VAT Group Code,nVarChar,,8,OVTG,,,
DPI11,VatPrcnt,VAT Percent,Num,,20,,,,
DPI11,LineTotal,Net LC,Num,,20,,,,
DPI11,TotalFrgn,Net FC,Num,,20,,,,
DPI11,TotalSumSy,Net SC,Num,,20,,,,
DPI11,VatSum,Tax LC,Num,,20,,,,
DPI11,VatSumFrgn,Tax FC,Num,,20,,,,
DPI11,VatSumSys,Tax SC,Num,,20,,,,
DPI11,ObjType,Object Type,nVarChar,,20,ADP1,203,,
DPI11,LogInstanc,Log Instance,Int,,11,,,,
DPI11,IsAcq,Liable for Acquisition Tax,VarChar,"N) No
Y) Yes",1,,N,,
DPI11,IsAllDrawn,Remaining Amount Drawn,VarChar,"Y) Yes
N) No",1,,N,,
DPI11,IsGross,Is Gross Line,VarChar,"N) Net Line
Y) Gross Line",1,,N,,
DPI11,Gross,Gross LC,Num,,20,,,,
DPI11,GrossFc,Gross FC,Num,,20,,,,
DPI11,GrossSc,Gross SC,Num,,20,,,,
DPI11,ApplNet,Applied Net LC,Num,,20,,,,
DPI11,ApplNetFc,Applied Net FC,Num,,20,,,,
DPI11,ApplNetSc,Applied Net SC,Num,,20,,,,
DPI11,ApplVat,Applied Tax LC,Num,,20,,,,
DPI11,ApplVatFc,Applied Tax FC,Num,,20,,,,
DPI11,ApplVatSc,Applied Tax SC,Num,,20,,,,
DPI11,BaseNet,Base Net LC,Num,,20,,,,
DPI11,BaseNetFc,Base Net FC,Num,,20,,,,
DPI11,BaseNetSc,Base Net SC,Num,,20,,,,
DPI11,BaseVat,Base Tax LC,Num,,20,,,,
DPI11,BaseVatFc,Base Tax FC,Num,,20,,,,
DPI11,BaseVatSc,Base Tax SC,Num,,20,,,,
DPI11,BaseGross,Base Gross LC,Num,,20,,,,
DPI11,BaseGrossF,Base Gross FC,Num,,20,,,,
DPI11,BaseGrossS,Base Gross SC,Num,,20,,,,
DPI11,LineType,Line Type,VarChar,"D) Document Row
R) Currency Rounding
H) Down Payment Document Rounding",1,,D,,
DPI11,DctSum,Deductible Sum LC,Num,,20,,,,
DPI11,DctSumFc,Deductible Sum FC,Num,,20,,,,
DPI11,DctSumSc,Deductible Sum SC,Num,,20,,,,
DPI11,EqSum,Equalization Sum LC,Num,,20,,,,
DPI11,EqSumFc,Equalization Sum FC,Num,,20,,,,
DPI11,EqSumSc,Equalization Sum SC,Num,,20,,,,
DPI11,ApplDct,Applied Deductible Sum LC,Num,,20,,,,
DPI11,ApplDctFc,Applied Deductible Sum FC,Num,,20,,,,
DPI11,ApplDctSc,Applied Deductible Sum SC,Num,,20,,,,
DPI11,ApplEq,Applied Equalization Sum LC,Num,,20,,,,
DPI11,ApplEqFc,Applied Equalization Sum FC,Num,,20,,,,
DPI11,ApplEqSc,Applied Equalization Sum SC,Num,,20,,,,
DPI11,BaseDct,Base Deductible Sum LC,Num,,20,,,,
DPI11,BaseDctFc,Base Deductible Sum FC,Num,,20,,,,
DPI11,BaseDctSc,Base Deductible Sum SC,Num,,20,,,,
DPI11,BaseEq,Base Equalization Sum LC,Num,,20,,,,
DPI11,BaseEqFc,Base Equalization Sum FC,Num,,20,,,,
DPI11,BaseEqSc,Base Equalization Sum SC,Num,,20,,,,
DPI11,TaxCode,Tax Code,nVarChar,,8,OSTC,,,
DPI11,ApplGross,Applied Gross LC,Num,,20,,,,
DPI11,ApplGrossF,Applied Gross FC,Num,,20,,,,
DPI11,ApplGrossS,Applied Gross SC,Num,,20,,,,
DPI11,TaxAdjust,Manual Tax Adjustment,VarChar,"Y) Yes
N) No",1,,N,,
