SAP_Table,Field,Description,Type,Constraints,Size,Related,Default,Primary_key,Unique
DPI18,DocEntry,Document Internal ID,Int,,11,ODPI,,PRIMARY,Yes
DPI18,LineNum,Row Number,Int,,11,,,,
DPI18,LogInstanc,Log Instance,Int,,11,,0,,
DPI18,ObjectType,Object Type,nVarChar,,20,ADP1,203,,
DPI18,ExpDocType,Type of Exportation Document,Int,,11,OBNI,-1,,
DPI18,ExpDeclNum,Exportation Declaration Number,Int,,11,,,,
DPI18,ExpDeclDat,Exportation Declaration Date,Date,,8,,,,
DPI18,ExpNature,Nature of Exportation,Int,,11,OBNI,-1,,
DPI18,ExpRegNum,Number of Exportation Registry,Int,,11,,,,
DPI18,ExpRegDate,Date of Exportation Registry,Date,,8,,,,
DPI18,LadBillNum,Bill of Lading Number,nVarChar,,19,,,,
DPI18,LadBillDat,Date of Bill of Lading,Date,,8,,,,
DPI18,MerchLeftD,Date Merchandise Left Customs,Date,,8,,,,
DPI18,LadBillTyp,Type of Bill of Lading,Int,,11,OBNI,-1,,
