SAP_Table,Field,Description,Type,Constraints,Size,Related,Default,Primary_key,Unique
DPI2,DocEntry,Document Internal ID,Int,,11,ODPI,,LINE,No
DPI2,LineNum,Row Number,Int,,11,,,,
DPI2,GroupNum,Group Number,Int,,11,,,,
DPI2,ExpnsCode,Freight Code,Int,,11,OEXD,,,
DPI2,LineTotal,Total,Num,,20,,,,
DPI2,TotalFrgn,Total (FC),Num,,20,,,,
DPI2,TotalSumSy,Total (SC),Num,,20,,,,
DPI2,PaidToDate,Paid to Date,Num,,20,,,,
DPI2,PaidFC,Paid (FC),Num,,20,,,,
DPI2,PaidSys,Paid (SC),Num,,20,,,,
DPI2,ObjType,Object Type,nVarChar,,20,ADP1,203,,
DPI2,LogInstanc,Log Instance,Int,,11,,0,,
DPI2,TaxStatus,Tax Liable,VarChar,"Y) Yes
N) No",1,,Y,,
DPI2,VatGroup,Tax Group,nVarChar,,8,OVTG,,,
DPI2,VatPrcnt,Row Tax %,Num,,20,,,,
DPI2,VatSum,Tax Amount,Num,,20,,,,
DPI2,VatSumFrgn,Tax Amount (FC),Num,,20,,,,
DPI2,VatSumSy,Tax Amount (SC),Num,,20,,,,
DPI2,DedVatSum,Deductible Tax Amount,Num,,20,,,,
DPI2,DedVatSumF,Deductible Tax Amount (FC),Num,,20,,,,
DPI2,DedVatSumS,Deductible Tax Amount (SC),Num,,20,,,,
DPI2,IsAcquistn,Acquisition Tax,VarChar,"Y) Yes
N) No",1,,N,,
DPI2,TaxCode,Tax Code,nVarChar,,8,OSTC,,,
DPI2,TaxType,Tax Type,VarChar,"Y) Regular Tax
N) No Tax
U) Use Tax",1,,Y,,
DPI2,VatApplied,Vat Applied,Num,,20,,,,
DPI2,VatAppldFC,Vat Applied Frgn,Num,,20,,,,
DPI2,VatAppldSC,Vat Applied Sys,Num,,20,,,,
DPI2,EquVatPer,Equalization Tax %,Num,,20,,,,
DPI2,EquVatSum,Total Equalization Tax,Num,,20,,,,
DPI2,EquVatSumF,Total Equalization Tax (FC),Num,,20,,,,
DPI2,EquVatSumS,Total Equalization Tax (SC),Num,,20,,,,
DPI2,lineVat,Net Tax Amount,Num,,20,,,,
DPI2,lineVatlF,Net Tax Amount (FC),Num,,20,,,,
DPI2,lineVatS,Net Tax Amount (SC),Num,,20,,,,
DPI2,WtLiable,WTax Liable,VarChar,"Y) Yes
N) No",1,,,,
DPI2,BaseMethod,Drawing Method,VarChar,"N) None
Q) Quantity
V) Volume
W) Weight
T) Total
A) All",1,,,,
DPI2,Stock,Stock,VarChar,"Y) Yes
N) No",1,,,,
DPI2,LstPchPrce,Last Purchase Price,VarChar,"Y) Yes
N) No",1,,,,
DPI2,AnalysRpt,Analysis Report,VarChar,"Y) Yes
N) No",1,,,,
DPI2,BaseGroup,Base Document Group,Int,"-1)
0
1)
2)",11,,-1,,
DPI2,Status,Status,VarChar,"O) Open
C) Close",1,,O,,
DPI2,TrgGroup,Target Group,Int,"-1)
0
1)
2)",11,,-1,,
DPI2,VisOrder,Visual Order,Int,,11,,,,
DPI2,FixCurr,Fixation Currency,nVarChar,,3,OCRN,,,
DPI2,VatDscntPr,Tax Discount %,Num,,20,,,,
DPI2,OcrCode,Distribution Rule,nVarChar,,8,OOCR,,,
DPI2,OcrCode2,Distribution Rule2,nVarChar,,8,OOCR,,,
DPI2,OcrCode3,Distribution Rule3,nVarChar,,8,OOCR,,,
DPI2,OcrCode4,Distribution Rule4,nVarChar,,8,OOCR,,,
DPI2,OcrCode5,Distribution Rule5,nVarChar,,8,OOCR,,,
DPI2,Project,Project Code,nVarChar,,20,OPRJ,,,
DPI2,VatGrpSrc,VAT Group Source,VarChar,"N) Not Defined
M) Manually Entered
D) Determined",1,,N,,
DPI2,DrawnTotal,Drawn Total,Num,,20,,,,
DPI2,DrawnFC,Drawn Total (FC),Num,,20,,,,
DPI2,DrawnSC,Drawn Total (SC),Num,,20,,,,
