SAP_Table,Field,Description,Type,Constraints,Size,Related,Default,Primary_key,Unique
DPI9,DocEntry,Document Internal ID,Int,,11,ODPI,,PRIMARY,Yes
DPI9,LineNum,Row Number,Int,,11,,,,
DPI9,BaseAbs,Base Document Internal ID,Int,,11,,,,
DPI9,BaseLine,Base Document Row,Int,,11,,,,
DPI9,TargetBase,Target or Base Document,VarChar,"B) Base
T) Target",1,,B,,
DPI9,ObjType,Base Object Type,nVarChar,,20,,,,
DPI9,DrawnSum,Net LC,Num,,20,,,,
DPI9,DrawnSumFc,Net FC,Num,,20,,,,
DPI9,DrawnSumSc,Net SC,Num,,20,,,,
DPI9,LogInstanc,Log Instance,Int,,11,,0,,
DPI9,ObjCode,Object Type,nVarChar,,20,ADP1,203,,
DPI9,ApplDrawn,Applied Net LC,Num,,20,,,,
DPI9,ApplDrawnF,Applied Net FC,Num,,20,,,,
DPI9,ApplDrawnS,Applied Net SC,Num,,20,,,,
DPI9,BaseDocNum,Base Document Number,Int,,11,,,,
DPI9,BsDocDate,Base Posting Date,Date,,8,,,,
DPI9,BsDueDate,Base Due Date,Date,,8,,,,
DPI9,BsCardName,Base BP Name,nVarChar,,100,,,,
DPI9,BsComments,Base Remarks,nVarChar,,127,,,,
DPI9,Posted,Base Document Posted,VarChar,"Y) Yes
N) No",1,,Y,,
DPI9,Vat,Tax LC,Num,,20,,,,
DPI9,VatFc,Tax FC,Num,,20,,,,
DPI9,VatSc,Tax SC,Num,,20,,,,
DPI9,Gross,Gross LC,Num,,20,,,,
DPI9,GrossFc,Gross FC,Num,,20,,,,
DPI9,GrossSc,Gross SC,Num,,20,,,,
DPI9,IsGross,Is Gross Line,VarChar,"N) Net Line
Y) Gross Line",1,,N,,
