SAP_Table,Field,Description,Type,Constraints,Size,Related,Default,Primary_key,Unique
DPO14,DocEntry,Document Internal ID,Int,,11,ODPO,,PRIMARY,Yes
DPO14,LineNum,Row Number,Int,,11,,-1,,
DPO14,ChildNum,Child Number,Int,,11,,-1,,
DPO14,ItemCode,Item no.,nVarChar,,20,OITM,,,
DPO14,WhsCode,Warehouse Code,nVarChar,,8,OWHS,,,
DPO14,Quantity,Quantity,Num,,20,,,,
DPO14,TotalQty,Total Quantity,Num,,20,,,,
DPO14,OpenQty,Remaining Open Quantity,Num,,20,,,,
DPO14,ObjectType,object type,nVarChar,,20,ADP1,204,,
DPO14,LogInstanc,Log Instance,Int,,11,,0,,
DPO14,BaseChildN,Base Child Number,Int,,11,,-1,,
