SAP_Table,Field,Description,Type,Constraints,Size,Related,Default,Primary_key,Unique
DPO17,DocEntry,Document Internal ID,Int,,11,ODPO,,PRIMARY,Yes
DPO17,LineNum,Row Number,Int,,11,,,,
DPO17,LogInstanc,Log Instance,Int,,11,,0,,
DPO17,ObjectType,Object Type,nVarChar,,20,ADP1,204,,
DPO17,ImpDocType,Type of Importation Document,VarChar,,1,OBSI,,,
DPO17,ImpDocNum,Importation Document Number,nVarChar,,10,,,,
DPO17,DateOfReg,Date of Registry DI/DSI/DA,Date,,8,,,,
DPO17,CustClrDat,Date of Customs Clearance,Date,,8,,,,
DPO17,ConcActNum,Drawback Concession Acct No.,nVarChar,,30,,,,
DPO17,AdditNum,Additional Number,nVarChar,,30,,,,
DPO17,AddItmDV,Additional Item Discount Value,Num,,20,,,,
DPO17,tpVTransp,Overland Transport Route,Int,"1) Maritime
2) Waterway
3) Lakeside
4) Air
5) Post
6) Train
7) Road
8) Network Transmission
9) Own Means
10) Input/Output Fictitious",6,,,,
