SAP_Table,Field,Description,Type,Constraints,Size,Related,Default,Primary_key,Unique
DPO16,AbsEntry,abs entry,Int,,11,ODPO,,PRIMARY,Yes
DPO16,LineNum,Line Number,Int,,11,,,,
DPO16,SnBIndex,SnB Index,Int,,11,,,,
DPO16,ItemCode,Item Code,nVarChar,,20,OITM,,,
DPO16,WhsCode,Warehouse,nVarChar,,8,OWHS,,,
DPO16,ObjId,Object id,Int,,11,,,,
DPO16,ObjAbs,Object Abs,Int,,11,,,,
DPO16,DrfWObjAbs,draft Wobj Abs,Int,,11,,-1,,
DPO16,Quantity,Qtty,Num,,20,,,,
DPO16,SubLineNum,Subrow Number,Int,,11,,-1,,
DPO16,ObjType,Object Type,nVarChar,,20,,204,,
DPO16,LogInstanc,Log Instance,Int,,11,,,,
