SAP_Table,Field,Description,Type,Constraints,Size,Related,Default,Primary_key,Unique
DPO19,DocEntry,Internal Number,Int,,11,ODPO,,PRIMARY,Yes
DPO19,BinAllocSe,Bin Allocation Sequence,Int,,11,,,,
DPO19,LineNum,Line Number,Int,,11,,,,
DPO19,SubLineNum,Subline Number,Int,,11,,-1,,
DPO19,SnBType,SnB Type,Int,,11,,-1,,
DPO19,SnBMDAbs,SnB Master Data Internal No.,Int,,11,,-1,,
DPO19,BinAbs,Bin Internal Number,Int,,11,OBIN,,,
DPO19,Quantity,Quantity,Num,,20,,,,
DPO19,ItemCode,Item Code,nVarChar,,20,OITM,,,
DPO19,WhsCode,Warehouse Code,nVarChar,,8,OWHS,,,
DPO19,ObjType,Object Type,nVarChar,,20,ADP1,204,,
DPO19,LogInstanc,Log Instance,Int,,11,,0,,
DPO19,AllowNeg,Allow Negative Entry [Y/N],VarChar,"Y) Yes
N) No",1,,N,,
DPO19,BinActTyp,Bin Action Type,Int,"1) Transaction In
2) Transaction Out
4) SnB Complete
8) Bin First Then SnB",6,,,,
