SAP_Table,Field,Description,Type,Constraints,Size,Related,Default,Primary_key,Unique
DPO18,DocEntry,Document Internal ID,Int,,11,ODPO,,PRIMARY,Yes
DPO18,LineNum,Row Number,Int,,11,,,,
DPO18,LogInstanc,Log Instance,Int,,11,,0,,
DPO18,ObjectType,Object Type,nVarChar,,20,ADP1,204,,
DPO18,ExpDocType,Type of Exportation Document,Int,,11,OBNI,-1,,
DPO18,ExpDeclNum,Exportation Declaration Number,Int,,11,,,,
DPO18,ExpDeclDat,Exportation Declaration Date,Date,,8,,,,
DPO18,ExpNature,Nature of Exportation,Int,,11,OBNI,-1,,
DPO18,ExpRegNum,Number of Exportation Registry,Int,,11,,,,
DPO18,ExpRegDate,Date of Exportation Registry,Date,,8,,,,
DPO18,LadBillNum,Bill of Lading Number,nVarChar,,19,,,,
DPO18,LadBillDat,Date of Bill of Lading,Date,,8,,,,
DPO18,MerchLeftD,Date Merchandise Left Customs,Date,,8,,,,
DPO18,LadBillTyp,Type of Bill of Lading,Int,,11,OBNI,-1,,
