SAP_Table,Field,Description,Type,Constraints,Size,Related,Default,Primary_key,Unique
DPO3,DocEntry,Document Internal ID,Int,,11,ODPO,,DOCUMENT,No
DPO3,ExpnsCode,Freight Code,Int,,11,OEXD,,,
DPO3,LineTotal,Total,Num,,20,,,,
DPO3,TotalFrgn,Total (FC),Num,,20,,,,
DPO3,TotalSumSy,Total (SC),Num,,20,,,,
DPO3,PaidToDate,Paid to Date,Num,,20,,,,
DPO3,PaidFC,Paid (FC),Num,,20,,,,
DPO3,PaidSys,Paid (SC),Num,,20,,,,
DPO3,Comments,Remarks,nVarChar,,100,,,,
DPO3,ObjType,Object Type,nVarChar,,20,ADP1,204,,
DPO3,LogInstanc,Log Instance,Int,,11,,0,,
DPO3,DistrbMthd,Distribution Method,VarChar,"N) None
Q) Quantity
V) Volume
W) Weight
E) Equally
T) Row Total",1,,,,
DPO3,TaxStatus,Tax Liable,VarChar,"Y) Yes
N) No",1,,Y,,
DPO3,VatGroup,Tax Group,nVarChar,,8,OVTG,,,
DPO3,VatPrcnt,Row Tax %,Num,,20,,,,
DPO3,VatSum,Tax Amount,Num,,20,,,,
DPO3,VatSumFrgn,Tax Amount (FC),Num,,20,,,,
DPO3,VatSumSy,Tax Amount (SC),Num,,20,,,,
DPO3,DedVatSum,Deductible Tax Amount,Num,,20,,,,
DPO3,DedVatSumF,Deductible Tax Amount (FC),Num,,20,,,,
DPO3,DedVatSumS,Deductible Tax Amount (SC),Num,,20,,,,
DPO3,IsAcquistn,Acquisition Tax,VarChar,"Y) Yes
N) No",1,,N,,
DPO3,TaxCode,Tax Code,nVarChar,,8,OSTC,,,
DPO3,TaxType,Tax Type,VarChar,"Y) Regular Tax
N) No Tax
U) Use Tax",1,,Y,,
DPO3,WTLiable,WTax Liable,VarChar,"Y) Yes
N) No",1,,,,
DPO3,VatApplied,Vat Applied,Num,,20,,,,
DPO3,VatAppldFC,Applied Tax (FC),Num,,20,,,,
DPO3,VatAppldSC,Applied Tax (SC),Num,,20,,,,
DPO3,EquVatPer,Equalization Tax %,Num,,20,,,,
DPO3,EquVatSum,Total Equalization Tax,Num,,20,,,,
DPO3,EquVatSumF,Total Equalization Tax (FC),Num,,20,,,,
DPO3,EquVatSumS,Total Equalization Tax (SC),Num,,20,,,,
DPO3,LineVat,Net Tax Amount,Num,,20,,,,
DPO3,LineVatF,Net Tax Amount (FC),Num,,20,,,,
DPO3,LineVatS,Net Tax Amount (SC),Num,,20,,,,
DPO3,BaseMethod,Drawing Method,VarChar,"N) None
Q) Quantity
V) Volume
W) Weight
T) Total
A) All",1,,,,
DPO3,Stock,Stock,VarChar,"Y) Yes
N) No",1,,,,
DPO3,LstPchPrce,Last Purchase Price,VarChar,"Y) Yes
N) No",1,,,,
DPO3,AnalysRpt,Analysis Report,VarChar,"Y) Yes
N) No",1,,N,,
DPO3,BaseAbsEnt,Base Abs Entry,Int,,11,,-1,,
DPO3,BaseType,Base Document Type,Int,"-1)
0
22) Purchase orders
20) Goods Receipt PO",11,,-1,,
DPO3,BaseRef,Base Document Reference,Int,,11,,,,
DPO3,BaseLnNum,Base Document Row No.,Int,,11,,,,
DPO3,LineNum,line num,Int,,11,,-1,,
DPO3,Status,Status,VarChar,"O) Open
C) Closed",1,,O,,
DPO3,TrgType,Target Type,Int,,11,,,,
DPO3,TrgAbsEnt,Target Doc. Internal No.,Int,,11,,-1,,
DPO3,StDstr,Stock Distributed Sum,Num,,20,,,,
DPO3,StDstrSC,Stock Distributed Sum (SC),Num,,20,,,,
DPO3,StDstrFC,Stock Distributed Sum (FC),Num,,20,,,,
DPO3,FixCurr,Fixation Currency,nVarChar,,3,OCRN,,,
DPO3,VatDscntPr,Tax Discount %,Num,,20,,,,
DPO3,OcrCode,Distribution Rule,nVarChar,,8,OOCR,,,
DPO3,TaxDistMtd,Tax Distribution Method,VarChar,"N) None
Q) Quantity
V) Volume
W) Weight
E) Equally
T) Row Total",1,,,,
DPO3,OcrCode2,Distribution Rule2,nVarChar,,8,OOCR,,,
DPO3,OcrCode3,Distribution Rule3,nVarChar,,8,OOCR,,,
DPO3,OcrCode4,Distribution Rule4,nVarChar,,8,OOCR,,,
DPO3,OcrCode5,Distribution Rule5,nVarChar,,8,OOCR,,,
DPO3,Project,Project Code,nVarChar,,20,OPRJ,,,
DPO3,VatGrpSrc,VAT Group Source,VarChar,"N) Not Defined
M) Manually Entered
D) Determined",1,,N,,
DPO3,DrawnTotal,Drawn Total,Num,,20,,,,
DPO3,DrawnFC,Drawn Total (FC),Num,,20,,,,
DPO3,DrawnSC,Drawn Total (SC),Num,,20,,,,
