SAP_Table,Field,Description,Type,Constraints,Size,Related,Default,Primary_key,Unique
DRF14,DocEntry,Document Internal ID,Int,,11,ODRF,,PRIMARY,Yes
DRF14,LineNum,Row Number,Int,,11,,-1,,
DRF14,ChildNum,Child Number,Int,,11,,-1,,
DRF14,ItemCode,Item no.,nVarChar,,20,OITM,,,
DRF14,WhsCode,Warehouse Code,nVarChar,,8,OWHS,,,
DRF14,Quantity,Quantity,Num,,20,,,,
DRF14,TotalQty,Total Quantity,Num,,20,,,,
DRF14,OpenQty,Remaining Open Quantity,Num,,20,,,,
DRF14,ObjectType,object type,nVarChar,,20,ADP1,,,
DRF14,LogInstanc,Log Instance,Int,,11,,0,,
DRF14,BaseChildN,Base Child Number,Int,,11,,-1,,
