SAP_Table,Field,Description,Type,Constraints,Size,Related,Default,Primary_key,Unique
DRF18,DocEntry,Document Internal ID,Int,,11,ODRF,,PRIMARY,Yes
DRF18,LineNum,Row Number,Int,,11,,,,
DRF18,LogInstanc,Log Instance,Int,,11,,0,,
DRF18,ObjectType,Object Type,nVarChar,,20,ADP1,112,,
DRF18,ExpDocType,Type of Exportation Document,Int,,11,OBNI,-1,,
DRF18,ExpDeclNum,Exportation Declaration Number,Int,,11,,,,
DRF18,ExpDeclDat,Exportation Declaration Date,Date,,8,,,,
DRF18,ExpNature,Nature of Exportation,Int,,11,OBNI,-1,,
DRF18,ExpRegNum,Number of Exportation Registry,Int,,11,,,,
DRF18,ExpRegDate,Date of Exportation Registry,Date,,8,,,,
DRF18,LadBillNum,Bill of Lading Number,nVarChar,,19,,,,
DRF18,LadBillDat,Date of Bill of Lading,Date,,8,,,,
DRF18,MerchLeftD,Date Merchandise Left Customs,Date,,8,,,,
DRF18,LadBillTyp,Type of Bill of Lading,Int,,11,OBNI,-1,,
