SAP_Table,Field,Description,Type,Constraints,Size,Related,Default,Primary_key,Unique
DRF19,DocEntry,Internal Number,Int,,11,ODRF,,PRIMARY,Yes
DRF19,BinAllocSe,Bin Allocation Sequence,Int,,11,,,,
DRF19,LineNum,Line Number,Int,,11,,,,
DRF19,SubLineNum,Subline Number,Int,,11,,-1,,
DRF19,SnBType,SnB Type,Int,,11,,-1,,
DRF19,SnBMDAbs,SnB Master Data Internal No.,Int,,11,,-1,,
DRF19,BinAbs,Bin Internal Number,Int,,11,OBIN,,,
DRF19,Quantity,Quantity,Num,,20,,,,
DRF19,ItemCode,Item Code,nVarChar,,20,OITM,,,
DRF19,WhsCode,Warehouse Code,nVarChar,,8,OWHS,,,
DRF19,ObjType,Object Type,nVarChar,,20,ADP1,112,,
DRF19,LogInstanc,Log Instance,Int,,11,,0,,
DRF19,AllowNeg,Allow Negative Entry [Y/N],VarChar,"Y) Yes
N) No",1,,N,,
DRF19,BinActTyp,Bin Action Type,Int,"1) Transaction In
2) Transaction Out
4) SnB Complete
8) Bin First Then SnB",6,,,,
