SAP_Table,Field,Description,Type,Constraints,Size,Related,Default,Primary_key,Unique
DRF13,DocEntry,Document Internal ID,Int,,11,ODRF,,LINE,No
DRF13,LineNum,Row Number,Int,,11,,,,
DRF13,GroupNum,Group Number,Int,,11,,,,
DRF13,ExpnsCode,Freight Code,Int,,11,OEXD,,,
DRF13,LineTotal,Total,Num,,20,,,,
DRF13,TotalFrgn,Total (FC),Num,,20,,,,
DRF13,TotalSumSy,Total (SC),Num,,20,,,,
DRF13,PaidToDate,Paid to Date,Num,,20,,,,
DRF13,PaidFC,Paid (FC),Num,,20,,,,
DRF13,PaidSys,Paid (SC),Num,,20,,,,
DRF13,ObjType,Object Type,nVarChar,,20,ADP1,112,,
DRF13,LogInstanc,Log Instance,Int,,11,,0,,
DRF13,TaxStatus,Tax Liable,VarChar,"Y) Yes
N) No",1,,Y,,
DRF13,VatGroup,Tax Group,nVarChar,,8,OVTG,,,
DRF13,VatPrcnt,Row Tax %,Num,,20,,,,
DRF13,VatSum,Tax Amount,Num,,20,,,,
DRF13,VatSumFrgn,Tax Amount (FC),Num,,20,,,,
DRF13,VatSumSy,Tax Amount (SC),Num,,20,,,,
DRF13,DedVatSum,Deductible Tax Amount,Num,,20,,,,
DRF13,DedVatSumF,Deductible Tax Amount (FC),Num,,20,,,,
DRF13,DedVatSumS,Deductible Tax Amount (SC),Num,,20,,,,
DRF13,IsAcquistn,Aquisition Tax,VarChar,"Y) Yes
N) No",1,,N,,
DRF13,TaxCode,Tax Code,nVarChar,,8,OSTC,,,
DRF13,TaxType,Tax Type,VarChar,"Y) Normal Tax
N) No Tax
U) Use Tax",1,,Y,,
DRF13,VatApplied,VAT Applied,Num,,20,,,,
DRF13,VatAppldFC,VAT Applied Frgn,Num,,20,,,,
DRF13,VatAppldSC,VAT Applied Sys,Num,,20,,,,
DRF13,EquVatPer,Equalization Tax %,Num,,20,,,,
DRF13,EquVatSum,Total Equalization Tax,Num,,20,,,,
DRF13,EquVatSumF,Total Equalization Tax (FC),Num,,20,,,,
DRF13,EquVatSumS,Total Equalization Tax (SC),Num,,20,,,,
DRF13,lineVat,Net Tax Amount,Num,,20,,,,
DRF13,lineVatlF,Net Tax Amount (FC),Num,,20,,,,
DRF13,lineVatS,Net Tax Amount (SC),Num,,20,,,,
DRF13,WtLiable,WTax Liable,VarChar,"Y) Yes
N) No",1,,,,
DRF13,BaseMethod,Base Method,VarChar,"N) None
Q) Quantity
V) Volume
W) Weight
T) Total
A) All",1,,,,
DRF13,Stock,Stock,VarChar,"Y) Yes
N) No",1,,N,,
DRF13,LstPchPrce,Last Purchase Price,VarChar,"Y) Yes
N) No",1,,,,
DRF13,AnalysRpt,Analysis Report,VarChar,"Y) Yes
N) No",1,,N,,
DRF13,BaseAbsEnt,Base Abs Entry,Int,,11,,-1,,
DRF13,BaseType,Base Document Type,Int,,11,,,,
DRF13,BaseRef,Base Document Reference,Int,,11,,,,
DRF13,BaseLnNum,Base Document Line No.,Int,,11,,,,
DRF13,TrgType,Target Type,Int,,11,,,,
DRF13,TrgAbsEnt,Target Abs. Entry,Int,,11,,-1,,
DRF13,BaseGroup,Base Document Group,Int,,11,,-1,,
DRF13,Status,Status,VarChar,"O) Open
C) Close",1,,O,,
DRF13,TrgGroup,Target Group,Int,,11,,-1,,
DRF13,VisOrder,Visual Order,Int,,11,,,,
DRF13,DistrbMthd,Distribution Method,VarChar,"N) None
Q) Quantity
V) Volume
W) Weight
E) Equally
T) Row Total",1,,,,
DRF13,DistribExp,Distribute Freights,VarChar,"Y) Yes
N) No",1,,,,
DRF13,FixCurr,Fixation Currency,nVarChar,,3,OCRN,,,
DRF13,VatDscntPr,Tax Discount %,Num,,20,,,,
DRF13,OcrCode,Distribution Rule,nVarChar,,8,OOCR,,,
DRF13,OcrCode2,Distribution Rule2,nVarChar,,8,OOCR,,,
DRF13,OcrCode3,Distribution Rule3,nVarChar,,8,OOCR,,,
DRF13,OcrCode4,Distribution Rule4,nVarChar,,8,OOCR,,,
DRF13,OcrCode5,Distribution Rule5,nVarChar,,8,OOCR,,,
DRF13,Project,Project Code,nVarChar,,20,OPRJ,,,
