SAP_Table,Field,Description,Type,Constraints,Size,Related,Default,Primary_key,Unique
DRF16,AbsEntry,abs entry,Int,,11,ODRF,,PRIMARY,Yes
DRF16,LineNum,Line Number,Int,,11,,,,
DRF16,SnBIndex,SnB Index,Int,,11,,,,
DRF16,ItemCode,Item Code,nVarChar,,20,OITM,,,
DRF16,WhsCode,Warehouse,nVarChar,,8,OWHS,,,
DRF16,ObjId,Object id,Int,,11,,,,
DRF16,ObjAbs,Object Abs,Int,,11,,,,
DRF16,DrfWObjAbs,draft Wobj Abs,Int,,11,,-1,,
DRF16,Quantity,Qtty,Num,,20,,,,
DRF16,SubLineNum,Subrow Number,Int,,11,,-1,,
DRF16,ObjType,Object Type,nVarChar,,20,,,,
DRF16,LogInstanc,Log Instance,Int,,11,,,,
