SAP_Table,Field,Description,Type,Constraints,Size,Related,Default,Primary_key,Unique
DRF3,DocEntry,Document Internal ID,Int,,11,ODRF,,DOCUMENT,No
DRF3,ExpnsCode,Freight Code,Int,,11,OEXD,,,
DRF3,LineTotal,Total,Num,,20,,,,
DRF3,TotalFrgn,Total (FC),Num,,20,,,,
DRF3,TotalSumSy,Total (SC),Num,,20,,,,
DRF3,PaidToDate,Paid to Date,Num,,20,,,,
DRF3,PaidFC,Paid (FC),Num,,20,,,,
DRF3,PaidSys,Paid (SC),Num,,20,,,,
DRF3,Comments,Remarks,nVarChar,,100,,,,
DRF3,ObjType,Object Type,nVarChar,,20,ADP1,112,,
DRF3,LogInstanc,Log Instance,Int,,11,,0,,
DRF3,DistrbMthd,Distribution Method,VarChar,"N) None
Q) Quantity
V) Volume
W) Weight
E) Equally
T) Row Total",1,,,,
DRF3,TaxStatus,Tax Liable,VarChar,"Y) Yes
N) No",1,,Y,,
DRF3,VatGroup,Tax Group,nVarChar,,8,OVTG,,,
DRF3,VatPrcnt,Row Tax %,Num,,20,,,,
DRF3,VatSum,Tax Amount,Num,,20,,,,
DRF3,VatSumFrgn,Tax Amount (FC),Num,,20,,,,
DRF3,VatSumSy,Tax Amount (SC),Num,,20,,,,
DRF3,DedVatSum,Deductible Tax Amount,Num,,20,,,,
DRF3,DedVatSumF,Deductible Tax Amount (FC),Num,,20,,,,
DRF3,DedVatSumS,Deductible Tax Amount (SC),Num,,20,,,,
DRF3,IsAcquistn,Acquisition Tax,VarChar,"Y) Yes
N) No",1,,N,,
DRF3,TaxCode,Tax Code,nVarChar,,8,OSTC,,,
DRF3,TaxType,Tax Type,VarChar,"Y) Regular Tax
N) No Tax
U) Use Tax",1,,Y,,
DRF3,WTLiable,WTax Liable,VarChar,"Y) Yes
N) No",1,,,,
DRF3,VatApplied,Vat Applied,Num,,20,,,,
DRF3,VatAppldFC,Applied Tax (FC),Num,,20,,,,
DRF3,VatAppldSC,Applied Tax (SC),Num,,20,,,,
DRF3,EquVatPer,Equalization Tax %,Num,,20,,,,
DRF3,EquVatSum,Total Equalization Tax,Num,,20,,,,
DRF3,EquVatSumF,Total Equalization Tax (FC),Num,,20,,,,
DRF3,EquVatSumS,Total Equalization Tax (SC),Num,,20,,,,
DRF3,LineVat,Net Tax Amount,Num,,20,,,,
DRF3,LineVatF,Net Tax Amount (FC),Num,,20,,,,
DRF3,LineVatS,Net Tax Amount (SC),Num,,20,,,,
DRF3,BaseMethod,Drawing Method,VarChar,"N) None
Q) Quantity
V) Volume
W) Weight
T) Total
A) All",1,,,,
DRF3,Stock,Stock,VarChar,"Y) Yes
N) No",1,,,,
DRF3,LstPchPrce,Last Purchase Price,VarChar,"Y) Yes
N) No",1,,,,
DRF3,AnalysRpt,Analysis Report,VarChar,"Y) Yes
N) No",1,,N,,
DRF3,BaseAbsEnt,Base Abs Entry,Int,,11,,-1,,
DRF3,BaseType,Base Document Type,Int,"23) Sales Quotation
17) Sales Order
15) Delivery notes
16) Return
13) A/R Invoice
203) Down Payment Incoming
204) Down Payment Outgoing
22) Purchase order
20) Good Receipt PO
21) Goods Return
18) A/P Invoice
540000006) Purchase Quotation
1470000113) Purchase Request
0
-1)",11,,,,
DRF3,BaseRef,Base Document Reference,Int,,11,,,,
DRF3,BaseLnNum,Base Document Row No.,Int,,11,,,,
DRF3,LineNum,line num,Int,,11,,-1,,
DRF3,Status,Status,VarChar,"O) Open
C) Closed",1,,O,,
DRF3,TrgType,Target Type,Int,,11,,,,
DRF3,TrgAbsEnt,Target Doc. Internal No.,Int,,11,,-1,,
DRF3,StDstr,Stock Distributed Sum,Num,,20,,,,
DRF3,StDstrSC,Stock Distributed Sum (SC),Num,,20,,,,
DRF3,StDstrFC,Stock Distributed Sum (FC),Num,,20,,,,
DRF3,FixCurr,Fixation Currency,nVarChar,,3,OCRN,,,
DRF3,VatDscntPr,Tax Discount %,Num,,20,,,,
DRF3,OcrCode,Distribution Rule,nVarChar,,8,OOCR,,,
DRF3,TaxDistMtd,Tax Distribution Method,VarChar,"N) None
Q) Quantity
V) Volume
W) Weight
E) Equally
T) Row Total",1,,,,
DRF3,OcrCode2,Distribution Rule2,nVarChar,,8,OOCR,,,
DRF3,OcrCode3,Distribution Rule3,nVarChar,,8,OOCR,,,
DRF3,OcrCode4,Distribution Rule4,nVarChar,,8,OOCR,,,
DRF3,OcrCode5,Distribution Rule5,nVarChar,,8,OOCR,,,
DRF3,Project,Project Code,nVarChar,,20,OPRJ,,,
DRF3,VatGrpSrc,VAT Group Source,VarChar,"N) Not Defined
M) Manually Entered
D) Determined",1,,N,,
DRF3,DrawnTotal,Drawn Total,Num,,20,,,,
DRF3,DrawnFC,Drawn Total (FC),Num,,20,,,,
DRF3,DrawnSC,Drawn Total (SC),Num,,20,,,,
