SAP_Table,Field,Description,Type,Constraints,Size,Related,Default,Primary_key,Unique
DRF5,AbsEntry,Numerator,Int,,11,ODRF,,SECONDERY,Yes
DRF5,WTCode,WT Code,nVarChar,,4,OWHT,,,
DRF5,Rate,Rate,Num,,20,,,,
DRF5,TaxbleAmnt,Taxable Amount,Num,,20,,,,
DRF5,TxblAmntSC,Taxable Amount in SC,Num,,20,,,,
DRF5,TxblAmntFC,Taxable Amount in FC,Num,,20,,,,
DRF5,WTAmnt,WT Amount,Num,,20,,,,
DRF5,WTAmntSC,WT Amount (SC),Num,,20,,,,
DRF5,WTAmntFC,WT Amount (FC),Num,,20,,,,
DRF5,ApplAmnt,Applied WT Amount,Num,,20,,,,
DRF5,ApplAmntSC,Applied WTax Amount (SC),Num,,20,,,,
DRF5,ApplAmntFC,Applied WTax Amount (FC),Num,,20,,,,
DRF5,Category,Category,VarChar,"P) Payment
I) Invoice",1,,,,
DRF5,Criteria,Criteria,VarChar,"Y) Accrual
N) Cash",1,,,,
DRF5,Account,G/L Account,nVarChar,,15,OACT,,,
DRF5,Type,Withholding Type,VarChar,"V) VAT Withholding
I) Income Tax Withholding",1,,,,
DRF5,RoundType,Rounding Type,VarChar,"T) Truncated
C) Commercial Values
N) No Rounding",1,,,,
DRF5,BaseType,Base Type,VarChar,"G) Gross
N) Net
V) VAT",1,,,,
DRF5,BaseAbsEnt,Base Abs Entry,Int,,11,,-1,,
DRF5,BaseLine,Base Line,Int,,11,,,,
DRF5,BaseNum,Base Document Type,Int,"23) Sales Quotation
17) Sales Order
15) Delivery notes
16) Return
13) A/R Invoice
14) A/R Credit Memo
203) Down Payment Incoming
204) Down Payment Outgoing
22) Purchase order
20) Good Receipt PO
21) Goods Return
18) A/P Invoice
19) A/P Credit Memo
59) Goods Receipt (inv)
60) Goods Issue (inv)
67) Warehouse Transfer
540000006) Purchase Quotation
0
-1)",11,,,,
DRF5,LineNum,Line Number,Int,,11,,,,
DRF5,BaseRef,Base Document Reference,Int,,11,,,,
DRF5,Status,Status,VarChar,"O) Open
C) Closed",1,,O,,
DRF5,TrgType,Target Document Type,Int,,11,,,,
DRF5,TrgAbsEntr,Target Abs. Entry,Int,,11,,-1,,
DRF5,LogInstanc,Log Instance,Int,,11,,0,,
DRF5,ObjType,Object Type,nVarChar,,20,ADP1,112,,
DRF5,Doc1LineNo,DOC1 Line Number,Int,,11,,-1,,
DRF5,WtLineType,WT Line Type,VarChar,"D) Document Level WTax
L) Row Level WTax",1,,D,,
DRF5,TxblCurr,Taxable Currency from Doc Line,nVarChar,,3,,,,
DRF5,DtblCurr,Deductible Currency,nVarChar,,3,,,,
DRF5,DtblRate,Rate for Deductible Amount,Num,,20,,,,
DRF5,txblRate,Rate for Taxable Amount,Num,,20,,,,
DRF5,DtblAmount,Deductible Amount,Num,,20,,,,
DRF5,TdsAcc,TDS Account,nVarChar,,15,OACT,,,
DRF5,SurAcc,Surcharge Account,nVarChar,,15,OACT,,,
DRF5,CessAcc,Cess Account,nVarChar,,15,OACT,,,
DRF5,HscAcc,HSC Account,nVarChar,,15,OACT,,,
DRF5,TdsRate,TDS Rate,Num,,20,,,,
DRF5,SurRate,Surcharge Rate,Num,,20,,,,
DRF5,CessRate,Cess Rate,Num,,20,,,,
DRF5,HscRate,HSC Rate,Num,,20,,,,
DRF5,TdsBAmt,TDS Base Amount,Num,,20,,,,
DRF5,TdsBAmtSC,TDS Base Amount (SC),Num,,20,,,,
DRF5,TdsBAmtFC,TDS Base Amount (FC),Num,,20,,,,
DRF5,SurBAmt,Surcharge Base Amount,Num,,20,,,,
DRF5,SurBAmtSC,Surcharge Base Amount (SC),Num,,20,,,,
DRF5,SurBAmtFC,Surcharge Base Amount (FC),Num,,20,,,,
DRF5,CessBAmt,Cess Base Amount,Num,,20,,,,
DRF5,CessBAmtSC,Cess Base Amount (SC),Num,,20,,,,
DRF5,CessBAmtFC,Cess Base Amount (FC),Num,,20,,,,
DRF5,HscBAmt,HSC Base Amount,Num,,20,,,,
DRF5,HscBAmtSC,HSC Base Amount (SC),Num,,20,,,,
DRF5,HscBAmtFC,HSC Base Amount (FC),Num,,20,,,,
DRF5,TdsAmnt,TDS Tax Amount,Num,,20,,,,
DRF5,TdsAmntSC,TDS Tax Amount (SC),Num,,20,,,,
DRF5,TdsAmntFC,TDS Tax Amount (FC),Num,,20,,,,
DRF5,SurAmnt,Surcharge Tax Amount,Num,,20,,,,
DRF5,SurAmntSC,Surcharge Tax Amount (SC),Num,,20,,,,
DRF5,SurAmntFC,Surcharge Tax Amount (FC),Num,,20,,,,
DRF5,CessAmnt,Cess Tax Amount,Num,,20,,,,
DRF5,CessAmntSC,Cess Tax Amount (SC),Num,,20,,,,
DRF5,CessAmntFC,Cess Tax Amount (FC),Num,,20,,,,
DRF5,HscAmnt,HSC Tax Amount,Num,,20,,,,
DRF5,HscAmntSC,HSC Tax Amount (SC),Num,,20,,,,
DRF5,HscAmntFC,HSC Tax Amount (FC),Num,,20,,,,
DRF5,TdsAppl,Applied TDS Amount,Num,,20,,,,
DRF5,TdsApplSC,Applied TDS Amount (SC),Num,,20,,,,
DRF5,TdsApplFC,Applied TDS Amount (FC),Num,,20,,,,
DRF5,SurAppl,Applied Surcharge Amount,Num,,20,,,,
DRF5,SurApplSC,Applied Surcharge Amount (SC),Num,,20,,,,
DRF5,SurApplFC,Applied Surcharge Amount (FC),Num,,20,,,,
DRF5,CessAppl,Applied Cess Amount,Num,,20,,,,
DRF5,CessApplSC,Applied Cess Amount (SC),Num,,20,,,,
DRF5,CessApplFC,Applied Cess Amount (FC),Num,,20,,,,
DRF5,HscAppl,Applied HSC Amount,Num,,20,,,,
DRF5,HscApplSC,Applied HSC Amount (SC),Num,,20,,,,
DRF5,HscApplFC,Applied HSC Amount (FC),Num,,20,,,,
DRF5,BatchNum,Journal Voucher No.,Int,,11,,,,
DRF5,InCSTCode,CST Code Incoming,nVarChar,,2,,,,
DRF5,OutCSTCode,CST Code Outgoing,nVarChar,,2,,,,
DRF5,DpmWTApl,DPM WT Applied Amount,Num,,20,,,,
DRF5,DpmWTAplSC,DPM WT Applied Amount (SC),Num,,20,,,,
DRF5,DpmWTAplFC,DPM WT Applied Amount (FC),Num,,20,,,,
