SAP_Table,Field,Description,Type,Constraints,Size,Related,Default,Primary_key,Unique
DRN1,DocEntry,Document Internal ID,Int,,11,ODRN,,PRIMARY,Yes
DRN1,AcctDtn,Account Determination,nVarChar,,15,OADT,,,
DRN1,TransId,Transaction Number,Int,,11,OJDT,,,
DRN1,OrdDprAct,Ordinary Depreciation Account,nVarChar,,15,OACT,,,
DRN1,SpDprAct,Special Depreciation Account,nVarChar,,15,OACT,,,
DRN1,SpBalAct,Special Balance Account,nVarChar,,15,OACT,,,
DRN1,OrdBalAct,Ordinary Balance Account,nVarChar,,15,OACT,,,
DRN1,OrdDprAmt,Ordinary Depreciation Amount,Num,,20,,,,
DRN1,SpDprAmt,Special Depreciation Amount,Num,,20,,,,
DRN1,RevResAct,Revaluation Reserve Account,nVarChar,,15,OACT,,,
DRN1,RevResClr,Revaluation Reserve Clearing,nVarChar,,15,OACT,,,
DRN1,RevReserve,Revaluation Reserve Amount,Num,,20,,,,
DRN1,AssetClass,Asset Class,nVarChar,,20,OACS,,,
DRN1,CancelId,Cancelation Transaction No.,Int,,11,,,,
