SAP_Table,Field,Description,Type,Constraints,Size,Related,Default,Primary_key,Unique
DUT1,TermCode,Dunning Term Code,nVarChar,,25,ODUT,,PRIMARY,Yes
DUT1,LevelNum,Level No.,Int,,11,,,,
DUT1,LetterFrmt,Letter Format,nVarChar,,8,,,,
DUT1,EffctAftr,Effective after,nVarChar,,3,,,,
DUT1,LetterFee,Fee per Letter,Num,,20,,,,
DUT1,FeeCurr,Fee Currency,nVarChar,,3,,,,
DUT1,MinBalance,Mininum Balance,Num,,20,,,,
DUT1,MinBlnCurr,Min Balance Currency,nVarChar,,3,,,,
DUT1,CalcIntrst,Calc. Interest,VarChar,"Y) Yes
N) No",1,,Y,,
