SAP_Table,Field,Description,Type,Constraints,Size,Related,Default,Primary_key,Unique
DWZ2,WizardId,Wizard ID,Int,,11,ODWZ,,PRIMARY,Yes
DWZ2,CardCode,BP Card Code,nVarChar,,15,OCRD,,,
DWZ2,LetterNum,Letter Number,Int,,11,,,,
DWZ2,TotalFee,Total Fee,Num,,20,,,,
DWZ2,FeeCurr,Total Fee Currency,nVarChar,,3,OCRN,,,
DWZ2,TtlopnIntr,Sum of Open Sum+Interest,Num,,20,,,,
DWZ2,EDunLevel,Edited Dunning Level,nVarChar,,3,,,,
DWZ2,OpnIntrCrr,Total Open + Interest Currency,nVarChar,,3,,,,
DWZ2,DocAbs,Document Internal Number,Int,,11,,,,
DWZ2,DocNum,Doc. No.,Int,,11,,,,
DWZ2,InstlmntID,Installment ID,Int,,6,,,,
DWZ2,IntrstPC,Interest Percent,Num,,20,,,,
DWZ2,IntrstAmnt,Interest Amount,Num,,20,,,,
DWZ2,IntrstCurr,Interest Currency,nVarChar,,3,OCRN,,,
DWZ2,ChckLine,Checked Row,VarChar,"Y) Yes
N) No",1,,N,,
DWZ2,IntrstDays,Interest Days,Int,,11,,,,
DWZ2,DocType,Source Table,Int,"13) A/R Invoice
203) Down Payment Incoming
165) Correction A/R Invoice
14) A/R Credit Memo
24) Incoming Payment
30) Journal Transactions
-2) Open Balance
-3) Close Balance
46) Outgoing Payments",11,,,,
DWZ2,DueDate,Due Date,Date,,8,,,,
DWZ2,LetterLvl,Letter Level,nVarChar,,3,,0,,
DWZ2,OpenSum,Open Sum,Num,,20,,,,
DWZ2,OpenCurr,Open Sum Currency,nVarChar,,3,,,,
DWZ2,sumIntrClc,Sum for Interest Calculation,Num,,20,,,,
DWZ2,folioNum,Folio Number,nVarChar,,14,,,,
DWZ2,LvlUpdated,Level Updated Flag,VarChar,"Y) Yes
N) No",1,,N,,
DWZ2,TotalFeeFC,Total Fee in Document Currency,Num,,20,,,,
DWZ2,TotalFeeLC,Total Fee in Local Currency,Num,,20,,,,
DWZ2,TotalFeeSC,Total Fee in System Currency,Num,,20,,,,
DWZ2,TtlopnInFC,Sum of Open Sum+Interest FC,Num,,20,,,,
DWZ2,TtlopnInSC,Sum of Open Sum+Interest SC,Num,,20,,,,
DWZ2,IntrAmtFC,Interest Amount (FC),Num,,20,,,,
DWZ2,IntrAmtSC,Interest Amount (SC),Num,,20,,,,
DWZ2,OpenSumFC,Open Sum (FC),Num,,20,,,,
DWZ2,OpenSumSC,Open Sum (SC),Num,,20,,,,
DWZ2,ExeChkLine,Executed Checked Row,VarChar,"Y) Yes
N) No",1,,N,,
DWZ2,AutoPost,Automatic Posting,VarChar,"N) No
B) Interest and Fee
I) Interest Only
F) Fee Only",1,,N,,
DWZ2,DocRate,Document Rate,Num,,20,,,,
DWZ2,UnpaidBoEV,Unpaid BoE Value,Num,,20,,,,
DWZ2,BoENumber,BoE Number,Int,,11,,,,
DWZ2,BoEStatus,BoE Status,VarChar,,1,,,,
DWZ2,BoEDate,BoE Date,Date,,8,,,,
DWZ2,BoEKey,BoE Key,Int,,11,,,,
