SAP_Table,Field,Description,Type,Constraints,Size,Related,Default,Primary_key,Unique
DWZ3,WizardId,Wizard ID,Int,,11,,,PRIMARY,Yes
DWZ3,CardCode,BP Card Code,nVarChar,,15,,,,
DWZ3,LetterNum,Letter Number,Int,,11,,,,
DWZ3,AddChecked,Add Checked,VarChar,,1,,Y,,
DWZ3,DocAbs,Internal Document Number,Int,,11,,,,
DWZ3,IntrAmt,Interest Amount (LC),Num,,20,,,,
DWZ3,IntrAmtFC,Interest Amount (FC),Num,,20,,,,
DWZ3,IntrAmtSC,Interest Amount (SC),Num,,20,,,,
DWZ3,FeeAmt,Fee Amount (LC),Num,,20,,,,
DWZ3,FeeAmtFC,Fee Amount (FC),Num,,20,,,,
DWZ3,FeeAmtSC,Fee Amount (SC),Num,,20,,,,
DWZ3,InVatGroup,Interest VAT Group,nVarChar,,8,,,,
DWZ3,InTaxCode,Interest Tax Code,nVarChar,,8,,,,
DWZ3,FeVatGroup,Fee VAT Group,nVarChar,,8,,,,
DWZ3,FeTaxCode,Fee Tax Code,nVarChar,,8,,,,
DWZ3,VatPrcnt,VAT Percent,Num,,20,,,,
DWZ3,Executed,Executed,VarChar,"Y) Yes
N) No",1,,N,,
DWZ3,Message,Message,nVarChar,,127,,,,
DWZ3,DocCur,Document Currency,nVarChar,,3,OCRN,,,
DWZ3,DocNum,Document Number,Int,,11,,,,
DWZ3,BPLId,BPL ID Assigned to Invoice,Int,,11,,,,
DWZ3,LocCode,Location Code,Int,,11,,,,
