SAP_Table,Field,Description,Type,Constraints,Size,Related,Default,Primary_key,Unique
ECM1,Code,Code,VarChar,,1,OECM,,PARAM_NAME,Yes
ECM1,LineNum,Row Number,Int,,11,,,,
ECM1,StrIndex,String Index,Int,,6,,,,
ECM1,BPLId,Branch ID,Int,,11,OBPL,-1,,
ECM1,ParamType,Parameter Type,nVarChar,"TX) General Text
TT) Title
EM) E-Mail
UR) URI Address
SA) Server Address
PT) Path
FN) File Name
LG) Logic Value - Yes/No
NI) Number - Integer
NR) Number - Real
PW) Password
OT) Other",2,,TX,,
ECM1,ParamVisib,Parameter is Visible,VarChar,"Y) Yes
N) No",1,,Y,,
ECM1,ParamName,Parameter Name,nVarChar,,100,,,,
ECM1,ParamValue,Parameter Value,Text,,16,,,,
ECM1,UserSign,User Signature,Int,,6,OUSR,,,
ECM1,CreateDate,Creation Date,Date,,8,,,,
ECM1,UserSign2,Updating User,Int,,6,OUSR,,,
ECM1,UpdateDate,Update Date,Date,,8,,,,
ECM1,LogInstanc,Log Instance,Int,,6,,,,
