SAP_Table,Field,Description,Type,Constraints,Size,Related,Default,Primary_key,Unique
ECM2,AbsEntry,Internal ID,Int,,11,,,,
ECM2,Code,Code,VarChar,,1,OECM,,,
ECM2,ActType,Action Type,VarChar,"S) Setup
R) Report
D) Document A/R
P) Document A/P
F) Draft
O) Other
K) Skip
C) Contingency
B) BP Check",1,,,,
ECM2,ActDesc,Action Description,nVarChar,,100,,,,
ECM2,ActStatus,Action Status,VarChar,"N) New
P) Pending
E) Error
O) OK
S) Sent
R) Document Error
W) Waiting
A) Authorized
I) In Process
J) Rejected
D) Denied
C) Canceled
B) Aborted
Q) Queued",1,,N,,
ECM2,ActEnv,Action Environment Type,Int,,11,OBNI,-1,,
ECM2,ActMessage,Action Message,nVarChar,,127,,,,
ECM2,ActData,Action Data,Text,,16,,,,
ECM2,ObjectID,Object ID,nVarChar,,50,,,,
ECM2,ReportID,Report ID,nVarChar,,50,,,,
ECM2,BPLId,Branch ID,Int,,11,OBPL,-1,,
ECM2,SrcObjType,Source Object Type,nVarChar,,20,,,DOCREF,No
ECM2,SrcObjAbs,Source Object Internal ID,Int,,11,,,,
ECM2,PeriodType,Report Period Type,VarChar,"Y) Year
Q) Quarter
M) Month
P) Period",1,,,,
ECM2,PeriodNum,Report Period Number,Int,,11,,,,
ECM2,Year,Report Year,Int,,6,,,,
ECM2,DateFrom,Report - Date From,Date,,8,,,,
ECM2,DateTo,Report - Date To,Date,,8,,,,
ECM2,Submits,Report - Number of Submissions,Int,,6,,,,
ECM2,DocBtch,Document Batch,nVarChar,,50,,,,
ECM2,DocBtchLn,Document Batch Line,Int,,6,,,,
ECM2,AssignedID,Assigned ID,nVarChar,,50,,,,
ECM2,SendDate,Send Date,Date,,8,,,,
ECM2,ReceivDate,Received Date,Date,,8,,,,
ECM2,UserSign,User Signature,Int,,6,OUSR,,,
ECM2,CreateDate,Creation Date,Date,,8,,,,
ECM2,UserSign2,Updating User,Int,,6,OUSR,,,
ECM2,UpdateDate,Update Date,Date,,8,,,,
ECM2,LogInstanc,Log Instance,Int,,6,,,,
ECM2,ActData2,Action Data 2,Text,,16,,,,
ECM2,IsRemoved,Is Removed,VarChar,"Y) Yes
N) No",1,,N,,
ECM2,Cancel,Cancelation,VarChar,"Y) Yes
N) No",1,,N,,
ECM2,CreateTS,Creatn Time - Incl. Secs,Int,,11,,,,
ECM2,UpdateTS,Update Full Time,Int,,11,,,,
ECM2,SendTS,Send Time - Incl. Secs,Int,,11,,,,
