SAP_Table,Field,Description,Type,Constraints,Size,Related,Default,Primary_key,Unique
ECM3,AbsEntry,Internal ID,Int,,11,ECM2,,PRIMARY,Yes
ECM3,LogNum,Log Number,Int,,11,,,,
ECM3,LogMessage,Log Message,Text,,16,,,,
ECM3,UserSign,User Signature,Int,,6,OUSR,,,
ECM3,CreateDate,Creation Date,Date,,8,,,,
ECM3,UserSign2,Updating User,Int,,6,OUSR,,,
ECM3,UpdateDate,Update Date,Date,,8,,,,
ECM3,LogInstanc,Log Instance,Int,,6,,,,
ECM3,CreateTS,Create Time - Incl. Secs,Int,,11,,,,
ECM3,UpdateTS,Update Full Time,Int,,11,,,,
