SAP_Table,Field,Description,Type,Constraints,Size,Related,Default,Primary_key,Unique
EDG1,AbsEntry,Unique Entry,Int,,11,OEDG,,PRIMARY,Yes
EDG1,ObjType,Object Type,nVarChar,"52) Item Groups
8) Item Properties
43) Manufacturer
4) Items",20,,,,
EDG1,ObjKey,Object Key,nVarChar,,20,,,,
EDG1,DiscType,Discount Type,VarChar,"D) Discount
P) Pay for/Get for Free",1,,D,,
EDG1,Discount,Discount,Num,,20,,,,
EDG1,PayFor,Paid Qty,Num,,20,,,,
EDG1,ForFree,Free Qty,Num,,20,,,,
EDG1,UpTo,Max. Free Qty,Num,,20,,,,
EDG1,LogInstanc,Log Instance,Int,,11,,0,,
