SAP_Table,Field,Description,Type,Constraints,Size,Related,Default,Primary_key,Unique
EJB1,WizardID,Wizard ID,Int,,11,OEJB,,PRIMARY,Yes
EJB1,LineNum,Row Number,Int,,11,,,,
EJB1,Title,Title,nVarChar,,20,,,,
EJB1,FirstName,First Name,nVarChar,,38,,,,
EJB1,Surname,Surname,nVarChar,,38,,,,
EJB1,CommID,Commercial ID,nVarChar,,3,,,,
EJB1,DateOfBrth,Date of Birth,Date,,8,,,,
EJB1,DateOfSign,Date of Signing,Date,,8,,,,
EJB1,AbsEntry,Internal Number,Int,,11,OEJD,,,
EJB1,LineNumEJD,Row Number EJD1,Int,,11,EJD1,,,
