SAP_Table,Field,Description,Type,Constraints,Size,Related,Default,Primary_key,Unique
EJB2,WizardID,Wizard ID,Int,,11,OEJB,,PRIMARY,Yes
EJB2,DocID,Document ID,Int,,11,,,,
EJB2,Selected,Selected,VarChar,"Y) Yes
N) No",1,,Y,,
EJB2,Mandatory,Mandatory,VarChar,"Y) Yes
N) No",1,,N,,
EJB2,Type,Type,nVarChar,,3,,,,
EJB2,RptSec,Report Section,Int,"0
1) General Information for ERV-JAb
2) Names of Signatories:
3) Legal Size Classification
4) Extract from Balance Sheet (UGB Form 2)
5) Balance Sheet
6) P&L Statement
7) Annex To Be Published (UGB Form 3)
8) General and Other Explanations
9) Annex to Balance Sheet Entry
10) Annex to P&L Statement
11) Annual Report
12) Suggestion for Financial Statement Usage
13) Decision About Financial Statement Usage
14) Note of Confirmation
15) Supervisory Board Report
16) External Auditor Report Acc. to Art. 44 Para. 3 EStG (Income Tax Act)
17) Finance-Specific Annex
18) Assets History Sheet
19) Liabilities History Sheet",11,,0,,
EJB2,FilePath,File Path,nVarChar,,127,,,,
EJB2,FileStorag,File Storage,Text,,16,,,,
EJB2,VisOrder,Visual Order,Int,,11,,,,
