SAP_Table,Field,Description,Type,Constraints,Size,Related,Default,Primary_key,Unique
FAC1,AbsEntry,Internal Number,Int,,11,OFAC,,PRIMARY,Yes
FAC1,LineNum,Row Number,Int,,11,,,,
FAC1,DprArea,Depreciation Area,nVarChar,,15,ODPA,,,
FAC1,TransType,Transaction Type,nVarChar,"0
510) Change of Depreciation Type
520) Change of Useful Life
530) Change of Depreciation Start Date
540) Change of Salvage Value
560) Change of Period Control",4,,,,
FAC1,OldDprType,Old Depreciation Type,nVarChar,,15,ODTP,,,
FAC1,NewDprType,New Depreciation Type,nVarChar,,15,ODTP,,,
FAC1,OldUsfLife,Old Useful Life,Int,,11,,,,
FAC1,NewUsfLife,New Useful Life,Int,,11,,,,
FAC1,OldDprDate,Old Depreciation Start Date,Date,,8,,,,
FAC1,NewDprDate,New Depreciation Start Date,Date,,8,,,,
FAC1,OldSalVal,Old Salvage Value,Num,,20,,,,
FAC1,NewSalVal,New Salvage Value,Num,,20,,,,
