SAP_Table,Field,Description,Type,Constraints,Size,Related,Default,Primary_key,Unique
FAC2,AbsEntry,Internal Number,Int,,11,OFAC,,PERCONTROL,Yes
FAC2,LineNum,Row Number,Int,,11,,,,
FAC2,DprArea,Depreciation Area,nVarChar,,15,ODPA,,,
FAC2,PeriodCat,Period Category,nVarChar,,10,,,,
FAC2,VisOrder,Visual Order,Int,,11,,,,
FAC2,OldDprSt,Old Depreciation Status,VarChar,"Y) Yes
N) No",1,,Y,,
FAC2,NewDprSt,New Depreciation Status,VarChar,"Y) Yes
N) No",1,,Y,,
FAC2,OldFactor,Old Factor,Num,,20,,,,
FAC2,NewFactor,New Factor,Num,,20,,,,
