SAP_Table,Field,Description,Type,Constraints,Size,Related,Default,Primary_key,Unique
FAM1,WizardId,Wizard ID,Int,,11,OFAM,,PRIMARY,Yes
FAM1,LineNum,Line Number,Int,,11,,,,
FAM1,ObjectType,Object Type,nVarChar,"1470000002) Account Determination
1470000003) Depreciation Areas
1470000004) Depreciation Type Pools
1470000000) Depreciation Types
1470000032) Asset Classes
4) Items
35) Item Numbering",20,,,,
FAM1,ObjectCode,Object Code,nVarChar,,20,,,,
FAM1,ObjectName,Object Name,nVarChar,,100,,,,
FAM1,Status,Status,VarChar,"Y) Successful
N) Failed",1,,Y,,
FAM1,Message,Message,nVarChar,,127,,,,
