SAP_Table,Field,Description,Type,Constraints,Size,Related,Default,Primary_key,Unique
FIX1,AbsEntry,Internal Number,Int,,11,OFIX,,PRIMARY,Yes
FIX1,LineNum,Row Number,Int,,11,,,,
FIX1,ItemCode,Item Code,nVarChar,,20,OITM,,,
FIX1,DprArea,Depreciation Area ID,nVarChar,,15,ODPA,,SECONDARY,No
FIX1,PeriodCat,Period Category ID,nVarChar,,10,,,,
FIX1,PostPeriod,Posting Subperiod,Int,,11,,,,
FIX1,RefDate,Posting Date,Date,,8,,,,
FIX1,APC,APC,Num,,20,,,,
FIX1,OrdDpr,Ordinary Depreciation,Num,,20,,,,
FIX1,UnpDpr,Unplanned Depreciation,Num,,20,,,,
FIX1,SpDprKey1,Special Depreciation Key 01,nVarChar,,2,ODPP,,,
FIX1,SpDpr1,Special Depreciation 01,Num,,20,,,,
FIX1,Qty,Quantity,Num,,20,,,,
FIX1,DprType,New Depreciation Type,nVarChar,,15,ODTP,,,
FIX1,DprDate,New Depreciation Start Date,Date,,8,,,,
FIX1,RemLife,New Remaining Life,Int,,11,,,,
FIX1,SalvageVal,New Salvage Value,Num,,20,,,,
FIX1,RecvAsst,Receiving Item Code,nVarChar,,20,OITM,,,
FIX1,RetirDate,Retirement Date,Date,,8,,,,
FIX1,SpDprKey2,Special Depreciation Key 02,nVarChar,,2,ODPP,,,
FIX1,SpDpr2,Special Depreciation 02,Num,,20,,,,
FIX1,SpDprKey3,Special Depreciation Key 03,nVarChar,,2,ODPP,,,
FIX1,TransType,Transaction Type,nVarChar,"0
110) Acquisition
115) Subacquisition
120) Credit Memo
210) Full Retirement
220) Full Scrapping
230) Partial Retirement
240) Partial Scrapping
260) Low Value Asset Full Retirement
270) Low Value Asset Full Scrapping
310) Full Transfer
320) Partial Transfer
330) Asset Class Transfer
410) Manual Ordinary Depreciation
420) Manual Unplanned Depreciation
430) Manual Special Depreciation
440) Appreciation
550) Revaluation
510) Change of Depreciation Type
520) Change of Useful Life
530) Change of Depreciation Start Date
540) Change of Salvage Value
560) Change of Period Control",4,,,,
FIX1,UsefulLife,New Useful Life,Int,,11,,,,
FIX1,Appr,Appreciation,Num,,20,,,,
FIX1,WriteUp,Write-Up,Num,,20,,,,
FIX1,DeltaDays,Delta Remaining Life in Days,Int,,11,,,,
FIX1,NewAstCls,New Asset Class,nVarChar,,20,OACS,,,
FIX1,HistOrdDpr,Historical Ordinary Depr.,Num,,20,,,,
FIX1,SpDpr3,Special Depreciation 03,Num,,20,,,,
FIX1,TransAmnt,Transaction Amount,Num,,20,,,,
FIX1,Remark,Remarks,nVarChar,,127,,,,
FIX1,ReTranType,Receiving Transaction Type,nVarChar,"0
110) Acquisition
115) Subacquisition",4,,0,,
