SAP_Table,Field,Description,Type,Constraints,Size,Related,Default,Primary_key,Unique
FLT1,FormNo,Form No.,nVarChar,,20,,,PRIMARY,Yes
FLT1,Code,Code,nVarChar,,50,,,,
FLT1,UserSign,User Signature,Int,,6,OUSR,,,
FLT1,ExNumData1,Extra Numeric Data 1,Int,,11,,,,
FLT1,ExNumData2,Extra Numeric Data 2,Int,,11,,,,
FLT1,ExNumData3,Extra Numeric Data 3,Int,,11,,,,
FLT1,ExStrData1,Extra String Data 1,nVarChar,,127,,,,
FLT1,ExStrData2,Extra String Data 2,nVarChar,,127,,,,
FLT1,ExStrData3,Extra String Data 3,nVarChar,,127,,,,
FLT1,FilterName,Filter Name,nVarChar,,30,,_,,
