SAP_Table,Field,Description,Type,Constraints,Size,Related,Default,Primary_key,Unique
FML1,FmlId,Formula ID,Int,,11,OFML,,PRIMARY,Yes
FML1,DispOrder,Display Order,Int,,11,,,,
FML1,VarName,Variable Name,nVarChar,,64,,,,
FML1,Category,Category,VarChar,"1) Input
2) Output
3) In Out",1,,1,,
FML1,Parameter,Parameter,Text,,16,,,,
FML1,DataType,Data Type,VarChar,"T) Tax Amounts
S) Amounts
P) Prices
Q) Quantities
%) Percents
I) Integer
A) String
B) Boolean
M) Measures
W) WTax",1,,S,,
FML1,LogInstanc,Log Instance,Int,,11,,0,,
