SAP_Table,Field,Description,Type,Constraints,Size,Related,Default,Primary_key,Unique
FRC1,CatId,Numerator,Int,,6,,,,
FRC1,TemplateId,Template,Int,,11,OFRT,,PRIMARY,Yes
FRC1,AcctCode,Account Code,nVarChar,,15,OACT,,ACCNT_CODE,No
FRC1,VisOrder,Display Order,Int,,6,,,,
FRC1,CFWId,Cash Flow Line Item ID,Int,,11,OCFW,,,
FRC1,CalcMethod,Calculation Method,nVarChar,"BOP) Beginning of Period
EOP) End of Period
CPID) Current Period In Debit
CPIC) Current Period In Credit
CPIB) Current Period In Both",30,,,,
FRC1,SlpCode,Sales Unit Code,Int,,11,OSLP,,,
FRC1,PrcCode,Cost Center Code,nVarChar,,8,OPRC,,,
FRC1,CalMethod2,Calculation Method 2,nVarChar,,30,,,,
FRC1,CalMethod3,Calculation Method 3,nVarChar,,30,,,,
FRC1,Linked,Linked,VarChar,"B) Balance
D) Debit
C) Credit",1,,B,,
FRC1,Sign,Sign,VarChar,"E)
P) Positive
N) Negative",1,,E,,
