SAP_Table,Field,Description,Type,Constraints,Size,Related,Default,Primary_key,Unique
FTR1,DocEntry,Document Internal ID,Int,,11,OFTR,,PRIMARY,Yes
FTR1,LineNum,Row Number,Int,,11,,,,
FTR1,ItemCode,Item Code,nVarChar,,20,OITM,,,
FTR1,AcctCode,Account Code,nVarChar,,15,OACT,,,
FTR1,Quantity,Quantity,Num,,20,,,,
FTR1,LineTotal,Line Total,Num,,20,,,,
FTR1,TotalFrgn,Line Total (FC),Num,,20,,,,
FTR1,TotalSys,Line Total (SC),Num,,20,,,,
FTR1,DprArea,Depreciation Area,nVarChar,,15,ODPA,,,
FTR1,Remarks,Remarks,nVarChar,,100,,,,
FTR1,LogInstanc,Log Instance,Int,,11,,0,,
FTR1,NewItemCod,New Item Code,nVarChar,,20,OITM,,,
FTR1,Partial,Partial,VarChar,"Y) Yes
N) No",1,,N,,
FTR1,APC,APC,Num,,20,,,,
FTR1,NewAstCls,New Asset Class,nVarChar,,20,OACS,,,
FTR1,ObjType,Object Type,nVarChar,,20,,,,
FTR1,TransType,Transaction Type,nVarChar,"0
110) Acquisition
115) Subacquisition
120) Credit Memo
130) APC Write-Up
210) Full Retirement
220) Full Scrapping
230) Partial Retirement
240) Partial Scrapping
310) Full Transfer
320) Partial Transfer
410) Manual Ordinary Depreciation
420) Manual Unplanned Depreciation
430) Manual Special Depreciation
440) Appreciation
510) Change of Depreciation Type
520) Change of Useful Life
530) Change of Depreciation Start Date
540) Change of Salvage Value",4,,,,
FTR1,OcrCode,Distribution Rule,nVarChar,,8,OOCR,,,
FTR1,OcrCode2,Distribution Rule 2,nVarChar,,8,OOCR,,,
FTR1,OcrCode3,Distribution Rule 3,nVarChar,,8,OOCR,,,
FTR1,OcrCode4,Distribution Rule 4,nVarChar,,8,OOCR,,,
FTR1,OcrCode5,Distribution Rule 5,nVarChar,,8,OOCR,,,
FTR1,Project,Project Code,nVarChar,,20,OPRJ,,,
