SAP_Table,Field,Description,Type,Constraints,Size,Related,Default,Primary_key,Unique
FTR2,DocEntry,Document Internal ID,Int,,11,OFTR,,PRIMARY,Yes
FTR2,LineNum,Row Number,Int,,11,,,,
FTR2,DprArea,Depreciation Area,nVarChar,,15,ODPA,,,
FTR2,JrnlMemo,Journal Remarks,nVarChar,,50,,,,
FTR2,ObjType,Object Type,nVarChar,,20,,,,
FTR2,LogInstanc,Log Instance,Int,,11,,0,,
FTR2,TransNum,Transaction Number,Int,,11,OJDT,,,
FTR2,JrnlMemo1,Cancellation Journal Remarks,nVarChar,,50,,,,
FTR2,TransNum1,Cancellation Transaction No.,Int,,11,OJDT,,,
