SAP_Table,Field,Description,Type,Constraints,Size,Related,Default,Primary_key,Unique
GBI1,HistoryId,History Key,Int,,11,OGBI,,PRIMARY,Yes
GBI1,RowId,Row Number,Int,,11,,,,
GBI1,AcctBkNo,Electronic Account Book No.,nVarChar,,5,,,,
GBI1,AcctBkName,Electronic Account Book Name,nVarChar,,30,,,,
GBI1,OrgCode,Organizational Code,nVarChar,,20,,,,
GBI1,CompType,Company Type,nVarChar,,8,,,,
GBI1,Industry,Industry,nVarChar,,20,,,,
GBI1,SoftVender,Accounting Software Provider,nVarChar,,60,,,,
GBI1,Version,Accounting Software Version,nVarChar,,20,,,,
GBI1,FisYear,Fiscal Year,nVarChar,,4,,,,
GBI1,LocCurr,Local Currency,nVarChar,,3,,,,
GBI1,AcctStruct,Account Structure,nVarChar,,30,,,,
