SAP_Table,Field,Description,Type,Constraints,Size,Related,Default,Primary_key,Unique
GBI2,HistoryId,History Key,Int,,11,OGBI,,PRIMARY,Yes
GBI2,RowId,Row Number,Int,,11,,,,
GBI2,AcctCode,Account Code,nVarChar,,15,,,,
GBI2,AcctName,Account Name,nVarChar,,100,,,,
GBI2,StrucLevel,Account Structure Level,Int,,11,,,,
GBI2,EvalSign,Evaluation Sign,VarChar,,1,,,,
GBI2,AddField,Possible Additional Fields,nVarChar,,60,,,,
GBI2,AcctType,Account Type,nVarChar,,20,,,,
GBI2,MesurUnit,Measurement Unit,nVarChar,,10,,,,
GBI2,BlDirect,Direction of Balance,nVarChar,,4,,,,
