SAP_Table,Field,Description,Type,Constraints,Size,Related,Default,Primary_key,Unique
GBI6,HistoryId,History Key,Int,,11,OGBI,,PRIMARY,Yes
GBI6,RowId,Row Number,Int,,11,,,,
GBI6,AcctCode,Account Code,nVarChar,,15,,,,
GBI6,Currency,Account Currency,nVarChar,,3,,,,
GBI6,EvalGrp,Group for Calculating,nVarChar,,127,,,,
GBI6,PerBBal,Period Begin Balance,Num,,20,,,,
GBI6,PerBQty,Period Begin Quantity,Num,,20,,,,
GBI6,PerBFCBal,Period Begin FC Balance,Num,,20,,,,
GBI6,CPDAmt,Current Period Debit Amount,Num,,20,,,,
GBI6,CPDQty,Current Period Debit Quantity,Num,,20,,,,
GBI6,CPDFCAmt,Current Period Debit FC Amount,Num,,20,,,,
GBI6,CPCAmt,Current Period Credit Amount,Num,,20,,,,
GBI6,CPCQty,Current Period Credit Quantity,Num,,20,,,,
GBI6,CPCFCAmt,Current Period Credit FC Amnt,Num,,20,,,,
GBI6,PerEBal,Period End Balance,Num,,20,,,,
GBI6,PerEQty,Period End Quantity,Num,,20,,,,
GBI6,PerEFCBal,Period End FC Balance,Num,,20,,,,
GBI6,AcctPeriod,Fiscal Month,nVarChar,,2,,,,
