SAP_Table,Field,Description,Type,Constraints,Size,Related,Default,Primary_key,Unique
GBI7,HistoryId,History Key,Int,,11,OGBI,,PRIMARY,Yes
GBI7,RowId,Row Number,Int,,11,,,,
GBI7,DocDate,Document Date,nVarChar,,8,,,,
GBI7,DocType,Document Type,nVarChar,,12,,,,
GBI7,JrnEntryNo,Journal Entry Number,nVarChar,,20,,,,
GBI7,LnNo,Line Number,Int,,11,,,,
GBI7,Remark,Details of Each Line,nVarChar,,50,,,,
GBI7,AcctNo,G/L Account Number,nVarChar,,15,,,,
GBI7,Currency,Transaction Currency,nVarChar,,3,,,,
GBI7,Debit,Debit Amount,Num,,20,,,,
GBI7,Credit,Credit Amount,Num,,20,,,,
GBI7,FCDebit,Debit Foreign Currency Amount,Num,,20,,,,
GBI7,FCCredit,Credit Foreign Currency Amount,Num,,20,,,,
GBI7,Rate,Exchange Rate,Num,,20,,,,
GBI7,Quantity,Quantity,Num,,20,,,,
GBI7,UnitPrice,Unit Price,Num,,20,,,,
GBI7,EvaGrp,Evaluation Group,nVarChar,,127,,,,
GBI7,SettMeth,Settlement Method,nVarChar,,20,,,,
GBI7,BillType,Bill Type,nVarChar,,20,,,,
GBI7,BillNo,Bill Number,nVarChar,,30,,,,
GBI7,BillDate,Bill Date,nVarChar,,8,,,,
GBI7,AttmtNum,Number of Attachments,Int,,6,,,,
GBI7,Creator,Creator of the Voucher,nVarChar,,127,,,,
GBI7,Approver,Approver of the Voucher,nVarChar,,127,,,,
GBI7,Bookkeeper,Bookkeeper,nVarChar,,127,,,,
GBI7,Cashier,Cashier,nVarChar,,127,,,,
GBI7,Posted,Posted Sign,VarChar,"1)
0",1,,1,,
GBI7,Reversed,Reversed Sign,VarChar,"1)
0",1,,0,,
GBI7,DocNum,Document Number,nVarChar,,20,,,,
